set_id,set_name,set_logo,set_symbol,set_tcgOnline,set_releaseDate,set_boosters,illustrator,rarity,category,dexId,hp,evolveFrom,description,level,stage,suffix,item,abilities,weaknesses,resistances,retreat,effect,trainerType,energyType,regulationMark,id,localId,name,image,boosters,image_url,image_path,variants_normal,variants_reverse,variants_holo,variants_firstEdition,variants_wPromo,types,attacks
me02.5,Ascended Heroes,https://assets.tcgdex.net/en/me/me02.5/logo,https://assets.tcgdex.net/univ/me/me02.5/symbol,,2026-01-30,,Yoriyuki Ikegami,Common,Pokemon,,60.0,,,,Basic,,,,,,1.0,,,,J,me02.5-001,001,Erika's Oddish,https://assets.tcgdex.net/en/me/me02.5/001,,https://assets.tcgdex.net/en/me/me02.5/001/low.png,images/2026-01-30_me02.5_me02.5-001_low.png,True,True,True,False,False,,
me02.5,Ascended Heroes,https://assets.tcgdex.net/en/me/me02.5/logo,https://assets.tcgdex.net/univ/me/me02.5/symbol,,2026-01-30,,MARINA Chikazawa,Uncommon,Pokemon,,90.0,,,,Stage1,,,,,,1.0,,,,J,me02.5-002,002,Erika's Gloom,https://assets.tcgdex.net/en/me/me02.5/002,,https://assets.tcgdex.net/en/me/me02.5/002/low.png,images/2026-01-30_me02.5_me02.5-002_low.png,True,True,True,False,False,,
me02.5,Ascended Heroes,https://assets.tcgdex.net/en/me/me02.5/logo,https://assets.tcgdex.net/univ/me/me02.5/symbol,,2026-01-30,,5ban Graphics,Double rare,Pokemon,,310.0,,,,Stage2,,,,,,2.0,,,,J,me02.5-003,003,Erika's Vileplume ex,https://assets.tcgdex.net/en/me/me02.5/003,,https://assets.tcgdex.net/en/me/me02.5/003/low.png,images/2026-01-30_me02.5_me02.5-003_low.png,True,True,True,False,False,,
me02.5,Ascended Heroes,https://assets.tcgdex.net/en/me/me02.5/logo,https://assets.tcgdex.net/univ/me/me02.5/symbol,,2026-01-30,,sui,Common,Pokemon,,60.0,,,,Basic,,,,,,1.0,,,,J,me02.5-004,004,Erika's Bellsprout,https://assets.tcgdex.net/en/me/me02.5/004,,https://assets.tcgdex.net/en/me/me02.5/004/low.png,images/2026-01-30_me02.5_me02.5-004_low.png,True,True,True,False,False,,
me02.5,Ascended Heroes,https://assets.tcgdex.net/en/me/me02.5/logo,https://assets.tcgdex.net/univ/me/me02.5/symbol,,2026-01-30,,LINNE,Uncommon,Pokemon,,90.0,,,,Stage1,,,,,,2.0,,,,J,me02.5-005,005,Erika's Weepinbell,https://assets.tcgdex.net/en/me/me02.5/005,,https://assets.tcgdex.net/en/me/me02.5/005/low.png,images/2026-01-30_me02.5_me02.5-005_low.png,True,True,True,False,False,,
me02.5,Ascended Heroes,https://assets.tcgdex.net/en/me/me02.5/logo,https://assets.tcgdex.net/univ/me/me02.5/symbol,,2026-01-30,,takashi shiraishi,Rare,Pokemon,,150.0,,,,Stage2,,,,,,3.0,,,,J,me02.5-006,006,Erika's Victreebel,https://assets.tcgdex.net/en/me/me02.5/006,,https://assets.tcgdex.net/en/me/me02.5/006/low.png,images/2026-01-30_me02.5_me02.5-006_low.png,True,True,True,False,False,,
me02.5,Ascended Heroes,https://assets.tcgdex.net/en/me/me02.5/logo,https://assets.tcgdex.net/univ/me/me02.5/symbol,,2026-01-30,,GIDORA,Common,Pokemon,,80.0,,,,Basic,,,,,,2.0,,,,J,me02.5-007,007,Erika's Tangela,https://assets.tcgdex.net/en/me/me02.5/007,,https://assets.tcgdex.net/en/me/me02.5/007/low.png,images/2026-01-30_me02.5_me02.5-007_low.png,True,True,True,False,False,,
me02.5,Ascended Heroes,https://assets.tcgdex.net/en/me/me02.5/logo,https://assets.tcgdex.net/univ/me/me02.5/symbol,,2026-01-30,,Kariya,Common,Pokemon,,70.0,,,,Basic,,,,,,1.0,,,,J,me02.5-008,008,Chikorita,https://assets.tcgdex.net/en/me/me02.5/008,,https://assets.tcgdex.net/en/me/me02.5/008/low.png,images/2026-01-30_me02.5_me02.5-008_low.png,True,True,True,False,False,,
me02.5,Ascended Heroes,https://assets.tcgdex.net/en/me/me02.5/logo,https://assets.tcgdex.net/univ/me/me02.5/symbol,,2026-01-30,,Tomomi Ozaki,Uncommon,Pokemon,,100.0,,,,Stage1,,,,,,2.0,,,,J,me02.5-009,009,Bayleef,https://assets.tcgdex.net/en/me/me02.5/009,,https://assets.tcgdex.net/en/me/me02.5/009/low.png,images/2026-01-30_me02.5_me02.5-009_low.png,True,True,True,False,False,,
me02.5,Ascended Heroes,https://assets.tcgdex.net/en/me/me02.5/logo,https://assets.tcgdex.net/univ/me/me02.5/symbol,,2026-01-30,,5ban Graphics,Double rare,Pokemon,,360.0,,,,Stage2,,,,,,2.0,,,,J,me02.5-010,010,Mega Meganium ex,https://assets.tcgdex.net/en/me/me02.5/010,,https://assets.tcgdex.net/en/me/me02.5/010/low.png,images/2026-01-30_me02.5_me02.5-010_low.png,True,True,True,False,False,,
me02.5,Ascended Heroes,https://assets.tcgdex.net/en/me/me02.5/logo,https://assets.tcgdex.net/univ/me/me02.5/symbol,,2026-01-30,,USGMEN,Common,Pokemon,,60.0,,,,Basic,,,,,,1.0,,,,I,me02.5-011,011,Wurmple,https://assets.tcgdex.net/en/me/me02.5/011,,https://assets.tcgdex.net/en/me/me02.5/011/low.png,images/2026-01-30_me02.5_me02.5-011_low.png,True,True,True,False,False,,
me02.5,Ascended Heroes,https://assets.tcgdex.net/en/me/me02.5/logo,https://assets.tcgdex.net/univ/me/me02.5/symbol,,2026-01-30,,Eri Yamaki,Common,Pokemon,,90.0,,,,Stage1,,,,,,3.0,,,,I,me02.5-012,012,Silcoon,https://assets.tcgdex.net/en/me/me02.5/012,,https://assets.tcgdex.net/en/me/me02.5/012/low.png,images/2026-01-30_me02.5_me02.5-012_low.png,True,True,True,False,False,,
me02.5,Ascended Heroes,https://assets.tcgdex.net/en/me/me02.5/logo,https://assets.tcgdex.net/univ/me/me02.5/symbol,,2026-01-30,,Narumi Sato,Uncommon,Pokemon,,130.0,,,,Stage2,,,,,,1.0,,,,I,me02.5-013,013,Beautifly,https://assets.tcgdex.net/en/me/me02.5/013,,https://assets.tcgdex.net/en/me/me02.5/013/low.png,images/2026-01-30_me02.5_me02.5-013_low.png,True,True,True,False,False,,
me02.5,Ascended Heroes,https://assets.tcgdex.net/en/me/me02.5/logo,https://assets.tcgdex.net/univ/me/me02.5/symbol,,2026-01-30,,Dsuke,Common,Pokemon,,90.0,,,,Stage1,,,,,,3.0,,,,I,me02.5-014,014,Cascoon,https://assets.tcgdex.net/en/me/me02.5/014,,https://assets.tcgdex.net/en/me/me02.5/014/low.png,images/2026-01-30_me02.5_me02.5-014_low.png,True,True,True,False,False,,
me02.5,Ascended Heroes,https://assets.tcgdex.net/en/me/me02.5/logo,https://assets.tcgdex.net/univ/me/me02.5/symbol,,2026-01-30,,kamonabe,Uncommon,Pokemon,,140.0,,,,Stage2,,,,,,1.0,,,,I,me02.5-015,015,Dustox,https://assets.tcgdex.net/en/me/me02.5/015,,https://assets.tcgdex.net/en/me/me02.5/015/low.png,images/2026-01-30_me02.5_me02.5-015_low.png,True,True,True,False,False,,
me02.5,Ascended Heroes,https://assets.tcgdex.net/en/me/me02.5/logo,https://assets.tcgdex.net/univ/me/me02.5/symbol,,2026-01-30,,Yoriyuki Ikegami,Common,Pokemon,,30.0,,,,Basic,,,,,,0.0,,,,H,me02.5-016,016,Budew,https://assets.tcgdex.net/en/me/me02.5/016,,https://assets.tcgdex.net/en/me/me02.5/016/low.png,images/2026-01-30_me02.5_me02.5-016_low.png,True,True,True,False,False,,
me02.5,Ascended Heroes,https://assets.tcgdex.net/en/me/me02.5/logo,https://assets.tcgdex.net/univ/me/me02.5/symbol,,2026-01-30,,Jerky,Common,Pokemon,,70.0,,,,Basic,,,,,,2.0,,,,H,me02.5-017,017,Grubbin,https://assets.tcgdex.net/en/me/me02.5/017,,https://assets.tcgdex.net/en/me/me02.5/017/low.png,images/2026-01-30_me02.5_me02.5-017_low.png,True,True,True,False,False,,
me02.5,Ascended Heroes,https://assets.tcgdex.net/en/me/me02.5/logo,https://assets.tcgdex.net/univ/me/me02.5/symbol,,2026-01-30,,Saboteri,Common,Pokemon,,50.0,,,,Basic,,,,,,1.0,,,,I,me02.5-018,018,Team Rocket's Tarountula,https://assets.tcgdex.net/en/me/me02.5/018,,https://assets.tcgdex.net/en/me/me02.5/018/low.png,images/2026-01-30_me02.5_me02.5-018_low.png,True,True,True,False,False,,
me02.5,Ascended Heroes,https://assets.tcgdex.net/en/me/me02.5/logo,https://assets.tcgdex.net/univ/me/me02.5/symbol,,2026-01-30,,Taiga Kasai,Rare,Pokemon,,130.0,,,,Stage1,,,,,,2.0,,,,I,me02.5-019,019,Team Rocket's Spidops,https://assets.tcgdex.net/en/me/me02.5/019,,https://assets.tcgdex.net/en/me/me02.5/019/low.png,images/2026-01-30_me02.5_me02.5-019_low.png,True,True,True,False,False,,
me02.5,Ascended Heroes,https://assets.tcgdex.net/en/me/me02.5/logo,https://assets.tcgdex.net/univ/me/me02.5/symbol,,2026-01-30,,Orca,Common,Pokemon,,80.0,,,,Basic,,,,,,1.0,,,,J,me02.5-020,020,Charmander,https://assets.tcgdex.net/en/me/me02.5/020,,https://assets.tcgdex.net/en/me/me02.5/020/low.png,images/2026-01-30_me02.5_me02.5-020_low.png,True,True,True,False,False,,
me02.5,Ascended Heroes,https://assets.tcgdex.net/en/me/me02.5/logo,https://assets.tcgdex.net/univ/me/me02.5/symbol,,2026-01-30,,Julie Hang,Uncommon,Pokemon,,100.0,,,,Stage1,,,,,,1.0,,,,J,me02.5-021,021,Charmeleon,https://assets.tcgdex.net/en/me/me02.5/021,,https://assets.tcgdex.net/en/me/me02.5/021/low.png,images/2026-01-30_me02.5_me02.5-021_low.png,True,True,True,False,False,,
me02.5,Ascended Heroes,https://assets.tcgdex.net/en/me/me02.5/logo,https://assets.tcgdex.net/univ/me/me02.5/symbol,,2026-01-30,,aky CG Works,Double rare,Pokemon,,360.0,,,,Stage2,,,,,,1.0,,,,J,me02.5-022,022,Mega Charizard Y ex,https://assets.tcgdex.net/en/me/me02.5/022,,https://assets.tcgdex.net/en/me/me02.5/022/low.png,images/2026-01-30_me02.5_me02.5-022_low.png,True,True,True,False,False,,
me02.5,Ascended Heroes,https://assets.tcgdex.net/en/me/me02.5/logo,https://assets.tcgdex.net/univ/me/me02.5/symbol,,2026-01-30,,Sanosuke Sakuma,Common,Pokemon,,80.0,,,,Basic,,,,,,2.0,,,,I,me02.5-023,023,Ethan's Slugma,https://assets.tcgdex.net/en/me/me02.5/023,,https://assets.tcgdex.net/en/me/me02.5/023/low.png,images/2026-01-30_me02.5_me02.5-023_low.png,True,True,True,False,False,,
me02.5,Ascended Heroes,https://assets.tcgdex.net/en/me/me02.5/logo,https://assets.tcgdex.net/univ/me/me02.5/symbol,,2026-01-30,,kodama,Rare,Pokemon,,130.0,,,,Stage1,,,,,,3.0,,,,I,me02.5-024,024,Ethan's Magcargo,https://assets.tcgdex.net/en/me/me02.5/024,,https://assets.tcgdex.net/en/me/me02.5/024/low.png,images/2026-01-30_me02.5_me02.5-024_low.png,True,True,True,False,False,,
me02.5,Ascended Heroes,https://assets.tcgdex.net/en/me/me02.5/logo,https://assets.tcgdex.net/univ/me/me02.5/symbol,,2026-01-30,,Kazumasa Yasukuni,Rare,Pokemon,,140.0,,,,Basic,,,,,,3.0,,,,I,me02.5-025,025,Entei,https://assets.tcgdex.net/en/me/me02.5/025,,https://assets.tcgdex.net/en/me/me02.5/025/low.png,images/2026-01-30_me02.5_me02.5-025_low.png,True,True,True,False,False,,
me02.5,Ascended Heroes,https://assets.tcgdex.net/en/me/me02.5/logo,https://assets.tcgdex.net/univ/me/me02.5/symbol,,2026-01-30,,aky CG Works,Double rare,Pokemon,,230.0,,,,Basic,,,,,,2.0,,,,I,me02.5-026,026,Ethan's Ho-Oh ex,https://assets.tcgdex.net/en/me/me02.5/026,,https://assets.tcgdex.net/en/me/me02.5/026/low.png,images/2026-01-30_me02.5_me02.5-026_low.png,True,True,True,False,False,,
me02.5,Ascended Heroes,https://assets.tcgdex.net/en/me/me02.5/logo,https://assets.tcgdex.net/univ/me/me02.5/symbol,,2026-01-30,,Ounishi,Common,Pokemon,,80.0,,,,Basic,,,,,,3.0,,,,I,me02.5-027,027,Numel,https://assets.tcgdex.net/en/me/me02.5/027,,https://assets.tcgdex.net/en/me/me02.5/027/low.png,images/2026-01-30_me02.5_me02.5-027_low.png,True,True,True,False,False,,
me02.5,Ascended Heroes,https://assets.tcgdex.net/en/me/me02.5/logo,https://assets.tcgdex.net/univ/me/me02.5/symbol,,2026-01-30,,Minahamu,Uncommon,Pokemon,,140.0,,,,Stage1,,,,,,3.0,,,,I,me02.5-028,028,Camerupt,https://assets.tcgdex.net/en/me/me02.5/028,,https://assets.tcgdex.net/en/me/me02.5/028/low.png,images/2026-01-30_me02.5_me02.5-028_low.png,True,True,True,False,False,,
me02.5,Ascended Heroes,https://assets.tcgdex.net/en/me/me02.5/logo,https://assets.tcgdex.net/univ/me/me02.5/symbol,,2026-01-30,,Uninori,Common,Pokemon,,80.0,,,,Basic,,,,,,2.0,,,,J,me02.5-029,029,Tepig,https://assets.tcgdex.net/en/me/me02.5/029,,https://assets.tcgdex.net/en/me/me02.5/029/low.png,images/2026-01-30_me02.5_me02.5-029_low.png,True,True,True,False,False,,
me02.5,Ascended Heroes,https://assets.tcgdex.net/en/me/me02.5/logo,https://assets.tcgdex.net/univ/me/me02.5/symbol,,2026-01-30,,Aliya Chen,Uncommon,Pokemon,,110.0,,,,Stage1,,,,,,3.0,,,,J,me02.5-030,030,Pignite,https://assets.tcgdex.net/en/me/me02.5/030,,https://assets.tcgdex.net/en/me/me02.5/030/low.png,images/2026-01-30_me02.5_me02.5-030_low.png,True,True,True,False,False,,
me02.5,Ascended Heroes,https://assets.tcgdex.net/en/me/me02.5/logo,https://assets.tcgdex.net/univ/me/me02.5/symbol,,2026-01-30,,5ban Graphics,Double rare,Pokemon,,380.0,,,,Stage2,,,,,,4.0,,,,J,me02.5-031,031,Mega Emboar ex,https://assets.tcgdex.net/en/me/me02.5/031,,https://assets.tcgdex.net/en/me/me02.5/031/low.png,images/2026-01-30_me02.5_me02.5-031_low.png,True,True,True,False,False,,
me02.5,Ascended Heroes,https://assets.tcgdex.net/en/me/me02.5/logo,https://assets.tcgdex.net/univ/me/me02.5/symbol,,2026-01-30,,Gemi,Common,Pokemon,,80.0,,,,Basic,,,,,,2.0,,,,I,me02.5-032,032,N's Darumaka,https://assets.tcgdex.net/en/me/me02.5/032,,https://assets.tcgdex.net/en/me/me02.5/032/low.png,images/2026-01-30_me02.5_me02.5-032_low.png,True,True,True,False,False,,
me02.5,Ascended Heroes,https://assets.tcgdex.net/en/me/me02.5/logo,https://assets.tcgdex.net/univ/me/me02.5/symbol,,2026-01-30,,nagimiso,Uncommon,Pokemon,,140.0,,,,Stage1,,,,,,3.0,,,,I,me02.5-033,033,N's Darmanitan,https://assets.tcgdex.net/en/me/me02.5/033,,https://assets.tcgdex.net/en/me/me02.5/033/low.png,images/2026-01-30_me02.5_me02.5-033_low.png,True,True,True,False,False,,
me02.5,Ascended Heroes,https://assets.tcgdex.net/en/me/me02.5/logo,https://assets.tcgdex.net/univ/me/me02.5/symbol,,2026-01-30,,Felicia Chen,Common,Pokemon,,70.0,,,,Basic,,,,,,1.0,,,,H,me02.5-034,034,Salandit,https://assets.tcgdex.net/en/me/me02.5/034,,https://assets.tcgdex.net/en/me/me02.5/034/low.png,images/2026-01-30_me02.5_me02.5-034_low.png,True,True,True,False,False,,
me02.5,Ascended Heroes,https://assets.tcgdex.net/en/me/me02.5/logo,https://assets.tcgdex.net/univ/me/me02.5/symbol,,2026-01-30,,Taiga Kasai,Uncommon,Pokemon,,120.0,,,,Stage1,,,,,,1.0,,,,H,me02.5-035,035,Salazzle,https://assets.tcgdex.net/en/me/me02.5/035,,https://assets.tcgdex.net/en/me/me02.5/035/low.png,images/2026-01-30_me02.5_me02.5-035_low.png,True,True,True,False,False,,
me02.5,Ascended Heroes,https://assets.tcgdex.net/en/me/me02.5/logo,https://assets.tcgdex.net/univ/me/me02.5/symbol,,2026-01-30,,Cona Nitanda,Common,Pokemon,,70.0,,,,Basic,,,,,,1.0,,,,H,me02.5-036,036,Scorbunny,https://assets.tcgdex.net/en/me/me02.5/036,,https://assets.tcgdex.net/en/me/me02.5/036/low.png,images/2026-01-30_me02.5_me02.5-036_low.png,True,True,True,False,False,,
me02.5,Ascended Heroes,https://assets.tcgdex.net/en/me/me02.5/logo,https://assets.tcgdex.net/univ/me/me02.5/symbol,,2026-01-30,,aspara,Common,Pokemon,,90.0,,,,Stage1,,,,,,1.0,,,,H,me02.5-037,037,Raboot,https://assets.tcgdex.net/en/me/me02.5/037,,https://assets.tcgdex.net/en/me/me02.5/037/low.png,images/2026-01-30_me02.5_me02.5-037_low.png,True,True,True,False,False,,
me02.5,Ascended Heroes,https://assets.tcgdex.net/en/me/me02.5/logo,https://assets.tcgdex.net/univ/me/me02.5/symbol,,2026-01-30,,5ban Graphics,Double rare,Pokemon,,320.0,,,,Stage2,,,,,,0.0,,,,H,me02.5-038,038,Cinderace ex,https://assets.tcgdex.net/en/me/me02.5/038,,https://assets.tcgdex.net/en/me/me02.5/038/low.png,images/2026-01-30_me02.5_me02.5-038_low.png,True,True,True,False,False,,
me02.5,Ascended Heroes,https://assets.tcgdex.net/en/me/me02.5/logo,https://assets.tcgdex.net/univ/me/me02.5/symbol,,2026-01-30,,Jiro Sasumo,Common,Pokemon,,70.0,,,,Basic,,,,,,1.0,,,,I,me02.5-039,039,Psyduck,https://assets.tcgdex.net/en/me/me02.5/039,,https://assets.tcgdex.net/en/me/me02.5/039/low.png,images/2026-01-30_me02.5_me02.5-039_low.png,True,True,True,False,False,,
me02.5,Ascended Heroes,https://assets.tcgdex.net/en/me/me02.5/logo,https://assets.tcgdex.net/univ/me/me02.5/symbol,,2026-01-30,,Jiro Sasumo,Uncommon,Pokemon,,120.0,,,,Stage1,,,,,,1.0,,,,I,me02.5-040,040,Golduck,https://assets.tcgdex.net/en/me/me02.5/040,,https://assets.tcgdex.net/en/me/me02.5/040/low.png,images/2026-01-30_me02.5_me02.5-040_low.png,True,True,True,False,False,,
me02.5,Ascended Heroes,https://assets.tcgdex.net/en/me/me02.5/logo,https://assets.tcgdex.net/univ/me/me02.5/symbol,,2026-01-30,,REND,Common,Pokemon,,80.0,,,,Basic,,,,,,1.0,,,,J,me02.5-041,041,Totodile,https://assets.tcgdex.net/en/me/me02.5/041,,https://assets.tcgdex.net/en/me/me02.5/041/low.png,images/2026-01-30_me02.5_me02.5-041_low.png,True,True,True,False,False,,
me02.5,Ascended Heroes,https://assets.tcgdex.net/en/me/me02.5/logo,https://assets.tcgdex.net/univ/me/me02.5/symbol,,2026-01-30,,Felicia Chen,Uncommon,Pokemon,,100.0,,,,Stage1,,,,,,2.0,,,,J,me02.5-042,042,Croconaw,https://assets.tcgdex.net/en/me/me02.5/042,,https://assets.tcgdex.net/en/me/me02.5/042/low.png,images/2026-01-30_me02.5_me02.5-042_low.png,True,True,True,False,False,,
me02.5,Ascended Heroes,https://assets.tcgdex.net/en/me/me02.5/logo,https://assets.tcgdex.net/univ/me/me02.5/symbol,,2026-01-30,,5ban Graphics,Double rare,Pokemon,,370.0,,,,Stage2,,,,,,3.0,,,,J,me02.5-043,043,Mega Feraligatr ex,https://assets.tcgdex.net/en/me/me02.5/043,,https://assets.tcgdex.net/en/me/me02.5/043/low.png,images/2026-01-30_me02.5_me02.5-043_low.png,True,True,True,False,False,,
me02.5,Ascended Heroes,https://assets.tcgdex.net/en/me/me02.5/logo,https://assets.tcgdex.net/univ/me/me02.5/symbol,,2026-01-30,,Krgc,Common,Pokemon,,70.0,,,,Basic,,,,,,1.0,,,,H,me02.5-044,044,Sneasel,https://assets.tcgdex.net/en/me/me02.5/044,,https://assets.tcgdex.net/en/me/me02.5/044/low.png,images/2026-01-30_me02.5_me02.5-044_low.png,True,True,True,False,False,,
me02.5,Ascended Heroes,https://assets.tcgdex.net/en/me/me02.5/logo,https://assets.tcgdex.net/univ/me/me02.5/symbol,,2026-01-30,,aspara,Uncommon,Pokemon,,100.0,,,,Stage1,,,,,,1.0,,,,H,me02.5-045,045,Weavile,https://assets.tcgdex.net/en/me/me02.5/045,,https://assets.tcgdex.net/en/me/me02.5/045/low.png,images/2026-01-30_me02.5_me02.5-045_low.png,True,True,True,False,False,,
me02.5,Ascended Heroes,https://assets.tcgdex.net/en/me/me02.5/logo,https://assets.tcgdex.net/univ/me/me02.5/symbol,,2026-01-30,,Wintr Wandr,Common,Pokemon,,70.0,,,,Basic,,,,,,1.0,,,,I,me02.5-046,046,Snorunt,https://assets.tcgdex.net/en/me/me02.5/046,,https://assets.tcgdex.net/en/me/me02.5/046/low.png,images/2026-01-30_me02.5_me02.5-046_low.png,True,True,True,False,False,,
me02.5,Ascended Heroes,https://assets.tcgdex.net/en/me/me02.5/logo,https://assets.tcgdex.net/univ/me/me02.5/symbol,,2026-01-30,,5ban Graphics,Double rare,Pokemon,,310.0,,,,Stage1,,,,,,1.0,,,,I,me02.5-047,047,Mega Froslass ex,https://assets.tcgdex.net/en/me/me02.5/047,,https://assets.tcgdex.net/en/me/me02.5/047/low.png,images/2026-01-30_me02.5_me02.5-047_low.png,True,True,True,False,False,,
me02.5,Ascended Heroes,https://assets.tcgdex.net/en/me/me02.5/logo,https://assets.tcgdex.net/univ/me/me02.5/symbol,,2026-01-30,,akagi,Double rare,Pokemon,,230.0,,,,Basic,,,,,,3.0,,,,J,me02.5-048,048,Regice ex,https://assets.tcgdex.net/en/me/me02.5/048,,https://assets.tcgdex.net/en/me/me02.5/048/low.png,images/2026-01-30_me02.5_me02.5-048_low.png,True,True,True,False,False,,
me02.5,Ascended Heroes,https://assets.tcgdex.net/en/me/me02.5/logo,https://assets.tcgdex.net/univ/me/me02.5/symbol,,2026-01-30,,yuu,Common,Pokemon,,60.0,,,,Basic,,,,,,1.0,,,,I,me02.5-049,049,N's Vanillite,https://assets.tcgdex.net/en/me/me02.5/049,,https://assets.tcgdex.net/en/me/me02.5/049/low.png,images/2026-01-30_me02.5_me02.5-049_low.png,True,True,True,False,False,,
me02.5,Ascended Heroes,https://assets.tcgdex.net/en/me/me02.5/logo,https://assets.tcgdex.net/univ/me/me02.5/symbol,,2026-01-30,,kirisAki,Common,Pokemon,,100.0,,,,Stage1,,,,,,1.0,,,,I,me02.5-050,050,N's Vanillish,https://assets.tcgdex.net/en/me/me02.5/050,,https://assets.tcgdex.net/en/me/me02.5/050/low.png,images/2026-01-30_me02.5_me02.5-050_low.png,True,True,True,False,False,,
me02.5,Ascended Heroes,https://assets.tcgdex.net/en/me/me02.5/logo,https://assets.tcgdex.net/univ/me/me02.5/symbol,,2026-01-30,,imoniii,Uncommon,Pokemon,,150.0,,,,Stage2,,,,,,2.0,,,,I,me02.5-051,051,N's Vanilluxe,https://assets.tcgdex.net/en/me/me02.5/051,,https://assets.tcgdex.net/en/me/me02.5/051/low.png,images/2026-01-30_me02.5_me02.5-051_low.png,True,True,True,False,False,,
me02.5,Ascended Heroes,https://assets.tcgdex.net/en/me/me02.5/logo,https://assets.tcgdex.net/univ/me/me02.5/symbol,,2026-01-30,,Izucch,Common,Pokemon,,50.0,,,,Basic,,,,,,1.0,,,,I,me02.5-052,052,Snom,https://assets.tcgdex.net/en/me/me02.5/052,,https://assets.tcgdex.net/en/me/me02.5/052/low.png,images/2026-01-30_me02.5_me02.5-052_low.png,True,True,True,False,False,,
me02.5,Ascended Heroes,https://assets.tcgdex.net/en/me/me02.5/logo,https://assets.tcgdex.net/univ/me/me02.5/symbol,,2026-01-30,,cochi8i,Uncommon,Pokemon,,110.0,,,,Stage1,,,,,,2.0,,,,I,me02.5-053,053,Frosmoth,https://assets.tcgdex.net/en/me/me02.5/053,,https://assets.tcgdex.net/en/me/me02.5/053/low.png,images/2026-01-30_me02.5_me02.5-053_low.png,True,True,True,False,False,,
me02.5,Ascended Heroes,https://assets.tcgdex.net/en/me/me02.5/logo,https://assets.tcgdex.net/univ/me/me02.5/symbol,,2026-01-30,,mashu,Uncommon,Pokemon,,130.0,,,,Basic,,,,,,2.0,,,,I,me02.5-054,054,Glastrier,https://assets.tcgdex.net/en/me/me02.5/054,,https://assets.tcgdex.net/en/me/me02.5/054/low.png,images/2026-01-30_me02.5_me02.5-054_low.png,True,True,True,False,False,,
me02.5,Ascended Heroes,https://assets.tcgdex.net/en/me/me02.5/logo,https://assets.tcgdex.net/univ/me/me02.5/symbol,,2026-01-30,,kamonabe,Common,Pokemon,,70.0,,,,Basic,,,,,,1.0,,,,J,me02.5-055,055,Pikachu,https://assets.tcgdex.net/en/me/me02.5/055,,https://assets.tcgdex.net/en/me/me02.5/055/low.png,images/2026-01-30_me02.5_me02.5-055_low.png,True,True,True,False,False,,
me02.5,Ascended Heroes,https://assets.tcgdex.net/en/me/me02.5/logo,https://assets.tcgdex.net/univ/me/me02.5/symbol,,2026-01-30,,Iori Suzuki,Uncommon,Pokemon,,130.0,,,,Stage1,,,,,,1.0,,,,J,me02.5-056,056,Raichu,https://assets.tcgdex.net/en/me/me02.5/056,,https://assets.tcgdex.net/en/me/me02.5/056/low.png,images/2026-01-30_me02.5_me02.5-056_low.png,True,True,True,False,False,,
me02.5,Ascended Heroes,https://assets.tcgdex.net/en/me/me02.5/logo,https://assets.tcgdex.net/univ/me/me02.5/symbol,,2026-01-30,,aky CG Works,Double rare,Pokemon,,200.0,,,,Basic,,,,,,1.0,,,,H,me02.5-057,057,Pikachu ex,https://assets.tcgdex.net/en/me/me02.5/057,,https://assets.tcgdex.net/en/me/me02.5/057/low.png,images/2026-01-30_me02.5_me02.5-057_low.png,True,True,True,False,False,,
me02.5,Ascended Heroes,https://assets.tcgdex.net/en/me/me02.5/logo,https://assets.tcgdex.net/univ/me/me02.5/symbol,,2026-01-30,,5ban Graphics,Double rare,Pokemon,,170.0,,,,Basic,,,,,,1.0,,,,J,me02.5-058,058,Voltorb ex,https://assets.tcgdex.net/en/me/me02.5/058,,https://assets.tcgdex.net/en/me/me02.5/058/low.png,images/2026-01-30_me02.5_me02.5-058_low.png,True,True,True,False,False,,
me02.5,Ascended Heroes,https://assets.tcgdex.net/en/me/me02.5/logo,https://assets.tcgdex.net/univ/me/me02.5/symbol,,2026-01-30,,Jerky,Common,Pokemon,,40.0,,,,Basic,,,,,,0.0,,,,I,me02.5-059,059,Tynamo,https://assets.tcgdex.net/en/me/me02.5/059,,https://assets.tcgdex.net/en/me/me02.5/059/low.png,images/2026-01-30_me02.5_me02.5-059_low.png,True,True,True,False,False,,
me02.5,Ascended Heroes,https://assets.tcgdex.net/en/me/me02.5/logo,https://assets.tcgdex.net/univ/me/me02.5/symbol,,2026-01-30,,Jerky,Uncommon,Pokemon,,90.0,,,,Stage1,,,,,,2.0,,,,I,me02.5-060,060,Eelektrik,https://assets.tcgdex.net/en/me/me02.5/060,,https://assets.tcgdex.net/en/me/me02.5/060/low.png,images/2026-01-30_me02.5_me02.5-060_low.png,True,True,True,False,False,,
me02.5,Ascended Heroes,https://assets.tcgdex.net/en/me/me02.5/logo,https://assets.tcgdex.net/univ/me/me02.5/symbol,,2026-01-30,,takuyoa,Double rare,Pokemon,,350.0,,,,Stage2,,,,,,2.0,,,,I,me02.5-061,061,Mega Eelektross ex,https://assets.tcgdex.net/en/me/me02.5/061,,https://assets.tcgdex.net/en/me/me02.5/061/low.png,images/2026-01-30_me02.5_me02.5-061_low.png,True,True,True,False,False,,
me02.5,Ascended Heroes,https://assets.tcgdex.net/en/me/me02.5/logo,https://assets.tcgdex.net/univ/me/me02.5/symbol,,2026-01-30,,Tetsu Kayama,Common,Pokemon,,110.0,,,,Basic,,,,,,2.0,,,,I,me02.5-062,062,Stunfisk,https://assets.tcgdex.net/en/me/me02.5/062,,https://assets.tcgdex.net/en/me/me02.5/062/low.png,images/2026-01-30_me02.5_me02.5-062_low.png,True,True,True,False,False,,
me02.5,Ascended Heroes,https://assets.tcgdex.net/en/me/me02.5/logo,https://assets.tcgdex.net/univ/me/me02.5/symbol,,2026-01-30,,Tika Matsuno,Common,Pokemon,,70.0,,,,Basic,,,,,,1.0,,,,I,me02.5-063,063,Helioptile,https://assets.tcgdex.net/en/me/me02.5/063,,https://assets.tcgdex.net/en/me/me02.5/063/low.png,images/2026-01-30_me02.5_me02.5-063_low.png,True,True,True,False,False,,
me02.5,Ascended Heroes,https://assets.tcgdex.net/en/me/me02.5/logo,https://assets.tcgdex.net/univ/me/me02.5/symbol,,2026-01-30,,svlt,Uncommon,Pokemon,,120.0,,,,Stage1,,,,,,1.0,,,,I,me02.5-064,064,Heliolisk,https://assets.tcgdex.net/en/me/me02.5/064,,https://assets.tcgdex.net/en/me/me02.5/064/low.png,images/2026-01-30_me02.5_me02.5-064_low.png,True,True,True,False,False,,
me02.5,Ascended Heroes,https://assets.tcgdex.net/en/me/me02.5/logo,https://assets.tcgdex.net/univ/me/me02.5/symbol,,2026-01-30,,Misa Tsutsui,Common,Pokemon,,100.0,,,,Stage1,,,,,,2.0,,,,H,me02.5-065,065,Charjabug,https://assets.tcgdex.net/en/me/me02.5/065,,https://assets.tcgdex.net/en/me/me02.5/065/low.png,images/2026-01-30_me02.5_me02.5-065_low.png,True,True,True,False,False,,
me02.5,Ascended Heroes,https://assets.tcgdex.net/en/me/me02.5/logo,https://assets.tcgdex.net/univ/me/me02.5/symbol,,2026-01-30,,Shiburingaru,Uncommon,Pokemon,,160.0,,,,Stage2,,,,,,1.0,,,,H,me02.5-066,066,Vikavolt,https://assets.tcgdex.net/en/me/me02.5/066,,https://assets.tcgdex.net/en/me/me02.5/066/low.png,images/2026-01-30_me02.5_me02.5-066_low.png,True,True,True,False,False,,
me02.5,Ascended Heroes,https://assets.tcgdex.net/en/me/me02.5/logo,https://assets.tcgdex.net/univ/me/me02.5/symbol,,2026-01-30,,Anesaki Dynamic,Rare,Pokemon,,120.0,,,,Basic,,,,,,1.0,,,,I,me02.5-067,067,Tapu Koko,https://assets.tcgdex.net/en/me/me02.5/067,,https://assets.tcgdex.net/en/me/me02.5/067/low.png,images/2026-01-30_me02.5_me02.5-067_low.png,True,True,True,False,False,,
me02.5,Ascended Heroes,https://assets.tcgdex.net/en/me/me02.5/logo,https://assets.tcgdex.net/univ/me/me02.5/symbol,,2026-01-30,,5ban Graphics,Double rare,Pokemon,,200.0,,,,Basic,,,,,,2.0,,,,I,me02.5-068,068,Hop's Pincurchin ex,https://assets.tcgdex.net/en/me/me02.5/068,,https://assets.tcgdex.net/en/me/me02.5/068/low.png,images/2026-01-30_me02.5_me02.5-068_low.png,True,True,True,False,False,,
me02.5,Ascended Heroes,https://assets.tcgdex.net/en/me/me02.5/logo,https://assets.tcgdex.net/univ/me/me02.5/symbol,,2026-01-30,,kurumitsu,Common,Pokemon,,60.0,,,,Basic,,,,,,2.0,,,,I,me02.5-069,069,Iono's Tadbulb,https://assets.tcgdex.net/en/me/me02.5/069,,https://assets.tcgdex.net/en/me/me02.5/069/low.png,images/2026-01-30_me02.5_me02.5-069_low.png,True,True,True,False,False,,
me02.5,Ascended Heroes,https://assets.tcgdex.net/en/me/me02.5/logo,https://assets.tcgdex.net/univ/me/me02.5/symbol,,2026-01-30,,5ban Graphics,Double rare,Pokemon,,280.0,,,,Stage1,,,,,,2.0,,,,I,me02.5-070,070,Iono's Bellibolt ex,https://assets.tcgdex.net/en/me/me02.5/070,,https://assets.tcgdex.net/en/me/me02.5/070/low.png,images/2026-01-30_me02.5_me02.5-070_low.png,True,True,True,False,False,,
me02.5,Ascended Heroes,https://assets.tcgdex.net/en/me/me02.5/logo,https://assets.tcgdex.net/univ/me/me02.5/symbol,,2026-01-30,,Akira Komayama,Common,Pokemon,,60.0,,,,Basic,,,,,,1.0,,,,I,me02.5-071,071,Iono's Wattrel,https://assets.tcgdex.net/en/me/me02.5/071,,https://assets.tcgdex.net/en/me/me02.5/071/low.png,images/2026-01-30_me02.5_me02.5-071_low.png,True,True,True,False,False,,
me02.5,Ascended Heroes,https://assets.tcgdex.net/en/me/me02.5/logo,https://assets.tcgdex.net/univ/me/me02.5/symbol,,2026-01-30,,chibi,Rare,Pokemon,,120.0,,,,Stage1,,,,,,1.0,,,,I,me02.5-072,072,Iono's Kilowattrel,https://assets.tcgdex.net/en/me/me02.5/072,,https://assets.tcgdex.net/en/me/me02.5/072/low.png,images/2026-01-30_me02.5_me02.5-072_low.png,True,True,True,False,False,,
me02.5,Ascended Heroes,https://assets.tcgdex.net/en/me/me02.5/logo,https://assets.tcgdex.net/univ/me/me02.5/symbol,,2026-01-30,,5ban Graphics,Double rare,Pokemon,,220.0,,,,Basic,,,,,,1.0,,,,J,me02.5-073,073,Miraidon ex,https://assets.tcgdex.net/en/me/me02.5/073,,https://assets.tcgdex.net/en/me/me02.5/073/low.png,images/2026-01-30_me02.5_me02.5-073_low.png,True,True,True,False,False,,
me02.5,Ascended Heroes,https://assets.tcgdex.net/en/me/me02.5/logo,https://assets.tcgdex.net/univ/me/me02.5/symbol,,2026-01-30,,satoma,Common,Pokemon,,60.0,,,,Basic,,,,,,1.0,,,,H,me02.5-074,074,Clefairy,https://assets.tcgdex.net/en/me/me02.5/074,,https://assets.tcgdex.net/en/me/me02.5/074/low.png,images/2026-01-30_me02.5_me02.5-074_low.png,True,True,True,False,False,,
me02.5,Ascended Heroes,https://assets.tcgdex.net/en/me/me02.5/logo,https://assets.tcgdex.net/univ/me/me02.5/symbol,,2026-01-30,,satoma,Uncommon,Pokemon,,120.0,,,,Stage1,,,,,,2.0,,,,H,me02.5-075,075,Clefable,https://assets.tcgdex.net/en/me/me02.5/075,,https://assets.tcgdex.net/en/me/me02.5/075/low.png,images/2026-01-30_me02.5_me02.5-075_low.png,True,True,True,False,False,,
me02.5,Ascended Heroes,https://assets.tcgdex.net/en/me/me02.5/logo,https://assets.tcgdex.net/univ/me/me02.5/symbol,,2026-01-30,,5ban Graphics,Double rare,Pokemon,,190.0,,,,Basic,,,,,,1.0,,,,I,me02.5-076,076,Lillie's Clefairy ex,https://assets.tcgdex.net/en/me/me02.5/076,,https://assets.tcgdex.net/en/me/me02.5/076/low.png,images/2026-01-30_me02.5_me02.5-076_low.png,True,True,True,False,False,,
me02.5,Ascended Heroes,https://assets.tcgdex.net/en/me/me02.5/logo,https://assets.tcgdex.net/univ/me/me02.5/symbol,,2026-01-30,,Gapao,Common,Pokemon,,60.0,,,,Basic,,,,,,1.0,,,,I,me02.5-077,077,Team Rocket's Exeggcute,https://assets.tcgdex.net/en/me/me02.5/077,,https://assets.tcgdex.net/en/me/me02.5/077/low.png,images/2026-01-30_me02.5_me02.5-077_low.png,True,True,True,False,False,,
me02.5,Ascended Heroes,https://assets.tcgdex.net/en/me/me02.5/logo,https://assets.tcgdex.net/univ/me/me02.5/symbol,,2026-01-30,,Ryuta Fuse,Rare,Pokemon,,140.0,,,,Stage1,,,,,,3.0,,,,I,me02.5-078,078,Team Rocket's Exeggutor,https://assets.tcgdex.net/en/me/me02.5/078,,https://assets.tcgdex.net/en/me/me02.5/078/low.png,images/2026-01-30_me02.5_me02.5-078_low.png,True,True,True,False,False,,
me02.5,Ascended Heroes,https://assets.tcgdex.net/en/me/me02.5/logo,https://assets.tcgdex.net/univ/me/me02.5/symbol,,2026-01-30,,aky CG Works,Double rare,Pokemon,,280.0,,,,Basic,,,,,,3.0,,,,I,me02.5-079,079,Team Rocket's Mewtwo ex,https://assets.tcgdex.net/en/me/me02.5/079,,https://assets.tcgdex.net/en/me/me02.5/079/low.png,images/2026-01-30_me02.5_me02.5-079_low.png,True,True,True,False,False,,
me02.5,Ascended Heroes,https://assets.tcgdex.net/en/me/me02.5/logo,https://assets.tcgdex.net/univ/me/me02.5/symbol,,2026-01-30,,Yoko Hishida,Common,Pokemon,,50.0,,,,Basic,,,,,,1.0,,,,H,me02.5-080,080,Togepi,https://assets.tcgdex.net/en/me/me02.5/080,,https://assets.tcgdex.net/en/me/me02.5/080/low.png,images/2026-01-30_me02.5_me02.5-080_low.png,True,True,True,False,False,,
me02.5,Ascended Heroes,https://assets.tcgdex.net/en/me/me02.5/logo,https://assets.tcgdex.net/univ/me/me02.5/symbol,,2026-01-30,,Teeziro,Common,Pokemon,,90.0,,,,Stage1,,,,,,1.0,,,,H,me02.5-081,081,Togetic,https://assets.tcgdex.net/en/me/me02.5/081,,https://assets.tcgdex.net/en/me/me02.5/081/low.png,images/2026-01-30_me02.5_me02.5-081_low.png,True,True,True,False,False,,
me02.5,Ascended Heroes,https://assets.tcgdex.net/en/me/me02.5/logo,https://assets.tcgdex.net/univ/me/me02.5/symbol,,2026-01-30,,Narano,Rare,Pokemon,,140.0,,,,Stage2,,,,,,1.0,,,,H,me02.5-082,082,Togekiss,https://assets.tcgdex.net/en/me/me02.5/082,,https://assets.tcgdex.net/en/me/me02.5/082/low.png,images/2026-01-30_me02.5_me02.5-082_low.png,True,True,True,False,False,,
me02.5,Ascended Heroes,https://assets.tcgdex.net/en/me/me02.5/logo,https://assets.tcgdex.net/univ/me/me02.5/symbol,,2026-01-30,,Yoshimoto Yoshimon,Common,Pokemon,,70.0,,,,Basic,,,,,,1.0,,,,J,me02.5-083,083,Marill,https://assets.tcgdex.net/en/me/me02.5/083,,https://assets.tcgdex.net/en/me/me02.5/083/low.png,images/2026-01-30_me02.5_me02.5-083_low.png,True,True,True,False,False,,
me02.5,Ascended Heroes,https://assets.tcgdex.net/en/me/me02.5/logo,https://assets.tcgdex.net/univ/me/me02.5/symbol,,2026-01-30,,5ban Graphics,Double rare,Pokemon,,270.0,,,,Stage1,,,,,,2.0,,,,J,me02.5-084,084,Azumarill ex,https://assets.tcgdex.net/en/me/me02.5/084,,https://assets.tcgdex.net/en/me/me02.5/084/low.png,images/2026-01-30_me02.5_me02.5-084_low.png,True,True,True,False,False,,
me02.5,Ascended Heroes,https://assets.tcgdex.net/en/me/me02.5/logo,https://assets.tcgdex.net/univ/me/me02.5/symbol,,2026-01-30,,Kazuhisa Uragami,Common,Pokemon,,60.0,,,,Basic,,,,,,1.0,,,,I,me02.5-085,085,Misdreavus,https://assets.tcgdex.net/en/me/me02.5/085,,https://assets.tcgdex.net/en/me/me02.5/085/low.png,images/2026-01-30_me02.5_me02.5-085_low.png,True,True,True,False,False,,
me02.5,Ascended Heroes,https://assets.tcgdex.net/en/me/me02.5/logo,https://assets.tcgdex.net/univ/me/me02.5/symbol,,2026-01-30,,nisimono,Rare,Pokemon,,110.0,,,,Stage1,,,,,,1.0,,,,I,me02.5-086,086,Mismagius,https://assets.tcgdex.net/en/me/me02.5/086,,https://assets.tcgdex.net/en/me/me02.5/086/low.png,images/2026-01-30_me02.5_me02.5-086_low.png,True,True,True,False,False,,
me02.5,Ascended Heroes,https://assets.tcgdex.net/en/me/me02.5/logo,https://assets.tcgdex.net/univ/me/me02.5/symbol,,2026-01-30,,Terada Tera,Common,Pokemon,,70.0,,,,Basic,,,,,,1.0,,,,I,me02.5-087,087,Ralts,https://assets.tcgdex.net/en/me/me02.5/087,,https://assets.tcgdex.net/en/me/me02.5/087/low.png,images/2026-01-30_me02.5_me02.5-087_low.png,True,True,True,False,False,,
me02.5,Ascended Heroes,https://assets.tcgdex.net/en/me/me02.5/logo,https://assets.tcgdex.net/univ/me/me02.5/symbol,,2026-01-30,,satoma,Common,Pokemon,,100.0,,,,Stage1,,,,,,1.0,,,,I,me02.5-088,088,Kirlia,https://assets.tcgdex.net/en/me/me02.5/088,,https://assets.tcgdex.net/en/me/me02.5/088/low.png,images/2026-01-30_me02.5_me02.5-088_low.png,True,True,True,False,False,,
me02.5,Ascended Heroes,https://assets.tcgdex.net/en/me/me02.5/logo,https://assets.tcgdex.net/univ/me/me02.5/symbol,,2026-01-30,,takuyoa,Double rare,Pokemon,,360.0,,,,Stage2,,,,,,2.0,,,,I,me02.5-089,089,Mega Gardevoir ex,https://assets.tcgdex.net/en/me/me02.5/089,,https://assets.tcgdex.net/en/me/me02.5/089/low.png,images/2026-01-30_me02.5_me02.5-089_low.png,True,True,True,False,False,,
me02.5,Ascended Heroes,https://assets.tcgdex.net/en/me/me02.5/logo,https://assets.tcgdex.net/univ/me/me02.5/symbol,,2026-01-30,,miki kudo,Common,Pokemon,,60.0,,,,Basic,,,,,,1.0,,,,I,me02.5-090,090,Shuppet,https://assets.tcgdex.net/en/me/me02.5/090,,https://assets.tcgdex.net/en/me/me02.5/090/low.png,images/2026-01-30_me02.5_me02.5-090_low.png,True,True,True,False,False,,
me02.5,Ascended Heroes,https://assets.tcgdex.net/en/me/me02.5/logo,https://assets.tcgdex.net/univ/me/me02.5/symbol,,2026-01-30,,Anesaki Dynamic,Uncommon,Pokemon,,90.0,,,,Stage1,,,,,,1.0,,,,I,me02.5-091,091,Banette,https://assets.tcgdex.net/en/me/me02.5/091,,https://assets.tcgdex.net/en/me/me02.5/091/low.png,images/2026-01-30_me02.5_me02.5-091_low.png,True,True,True,False,False,,
me02.5,Ascended Heroes,https://assets.tcgdex.net/en/me/me02.5/logo,https://assets.tcgdex.net/univ/me/me02.5/symbol,,2026-01-30,,mingo,Common,Pokemon,,60.0,,,,Basic,,,,,,1.0,,,,I,me02.5-092,092,Rotom,https://assets.tcgdex.net/en/me/me02.5/092,,https://assets.tcgdex.net/en/me/me02.5/092/low.png,images/2026-01-30_me02.5_me02.5-092_low.png,True,True,True,False,False,,
me02.5,Ascended Heroes,https://assets.tcgdex.net/en/me/me02.5/logo,https://assets.tcgdex.net/univ/me/me02.5/symbol,,2026-01-30,,Saya Tsuruta,Common,Pokemon,,60.0,,,,Basic,,,,,,1.0,,,,J,me02.5-093,093,Swirlix,https://assets.tcgdex.net/en/me/me02.5/093,,https://assets.tcgdex.net/en/me/me02.5/093/low.png,images/2026-01-30_me02.5_me02.5-093_low.png,True,True,True,False,False,,
me02.5,Ascended Heroes,https://assets.tcgdex.net/en/me/me02.5/logo,https://assets.tcgdex.net/univ/me/me02.5/symbol,,2026-01-30,,Natsumi Yoshida,Uncommon,Pokemon,,120.0,,,,Stage1,,,,,,2.0,,,,J,me02.5-094,094,Slurpuff,https://assets.tcgdex.net/en/me/me02.5/094,,https://assets.tcgdex.net/en/me/me02.5/094/low.png,images/2026-01-30_me02.5_me02.5-094_low.png,True,True,True,False,False,,
me02.5,Ascended Heroes,https://assets.tcgdex.net/en/me/me02.5/logo,https://assets.tcgdex.net/univ/me/me02.5/symbol,,2026-01-30,,tono,Common,Pokemon,,70.0,,,,Basic,,,,,,2.0,,,,I,me02.5-095,095,Hop's Phantump,https://assets.tcgdex.net/en/me/me02.5/095,,https://assets.tcgdex.net/en/me/me02.5/095/low.png,images/2026-01-30_me02.5_me02.5-095_low.png,True,True,True,False,False,,
me02.5,Ascended Heroes,https://assets.tcgdex.net/en/me/me02.5/logo,https://assets.tcgdex.net/univ/me/me02.5/symbol,,2026-01-30,,matazo,Rare,Pokemon,,140.0,,,,Stage1,,,,,,2.0,,,,I,me02.5-096,096,Hop's Trevenant,https://assets.tcgdex.net/en/me/me02.5/096,,https://assets.tcgdex.net/en/me/me02.5/096/low.png,images/2026-01-30_me02.5_me02.5-096_low.png,True,True,True,False,False,,
me02.5,Ascended Heroes,https://assets.tcgdex.net/en/me/me02.5/logo,https://assets.tcgdex.net/univ/me/me02.5/symbol,,2026-01-30,,DOM,Uncommon,Pokemon,,60.0,,,,Basic,,,,,,0.0,,,,I,me02.5-097,097,Team Rocket's Mimikyu,https://assets.tcgdex.net/en/me/me02.5/097,,https://assets.tcgdex.net/en/me/me02.5/097/low.png,images/2026-01-30_me02.5_me02.5-097_low.png,True,True,True,False,False,,
me02.5,Ascended Heroes,https://assets.tcgdex.net/en/me/me02.5/logo,https://assets.tcgdex.net/univ/me/me02.5/symbol,,2026-01-30,,Taiga Kasai,Rare,Pokemon,,120.0,,,,Basic,,,,,,1.0,,,,I,me02.5-098,098,Spectrier,https://assets.tcgdex.net/en/me/me02.5/098,,https://assets.tcgdex.net/en/me/me02.5/098/low.png,images/2026-01-30_me02.5_me02.5-098_low.png,True,True,True,False,False,,
me02.5,Ascended Heroes,https://assets.tcgdex.net/en/me/me02.5/logo,https://assets.tcgdex.net/univ/me/me02.5/symbol,,2026-01-30,,kodama,Rare,Pokemon,,110.0,,,,Basic,,,,,,1.0,,,,H,me02.5-099,099,Munkidori,https://assets.tcgdex.net/en/me/me02.5/099,,https://assets.tcgdex.net/en/me/me02.5/099/low.png,images/2026-01-30_me02.5_me02.5-099_low.png,True,True,True,False,False,,
me02.5,Ascended Heroes,https://assets.tcgdex.net/en/me/me02.5/logo,https://assets.tcgdex.net/univ/me/me02.5/symbol,,2026-01-30,,Yuriko Akase,Common,Pokemon,,60.0,,,,Basic,,,,,,1.0,,,,I,me02.5-100,100,Team Rocket's Diglett,https://assets.tcgdex.net/en/me/me02.5/100,,https://assets.tcgdex.net/en/me/me02.5/100/low.png,images/2026-01-30_me02.5_me02.5-100_low.png,True,True,True,False,False,,
me02.5,Ascended Heroes,https://assets.tcgdex.net/en/me/me02.5/logo,https://assets.tcgdex.net/univ/me/me02.5/symbol,,2026-01-30,,KEIICHIRO ITO,Uncommon,Pokemon,,100.0,,,,Stage1,,,,,,1.0,,,,I,me02.5-101,101,Team Rocket's Dugtrio,https://assets.tcgdex.net/en/me/me02.5/101,,https://assets.tcgdex.net/en/me/me02.5/101/low.png,images/2026-01-30_me02.5_me02.5-101_low.png,True,True,True,False,False,,
me02.5,Ascended Heroes,https://assets.tcgdex.net/en/me/me02.5/logo,https://assets.tcgdex.net/univ/me/me02.5/symbol,,2026-01-30,,Kouki Saitou,Common,Pokemon,,100.0,,,,Basic,,,,,,1.0,,,,J,me02.5-102,102,Hitmontop,https://assets.tcgdex.net/en/me/me02.5/102,,https://assets.tcgdex.net/en/me/me02.5/102/low.png,images/2026-01-30_me02.5_me02.5-102_low.png,True,True,True,False,False,,
me02.5,Ascended Heroes,https://assets.tcgdex.net/en/me/me02.5/logo,https://assets.tcgdex.net/univ/me/me02.5/symbol,,2026-01-30,,Lee HyunJung,Common,Pokemon,,70.0,,,,Basic,,,,,,1.0,,,,I,me02.5-103,103,Meditite,https://assets.tcgdex.net/en/me/me02.5/103,,https://assets.tcgdex.net/en/me/me02.5/103/low.png,images/2026-01-30_me02.5_me02.5-103_low.png,True,True,True,False,False,,
me02.5,Ascended Heroes,https://assets.tcgdex.net/en/me/me02.5/logo,https://assets.tcgdex.net/univ/me/me02.5/symbol,,2026-01-30,,GIDORA,Common,Pokemon,,120.0,,,,Stage1,,,,,,1.0,,,,I,me02.5-104,104,Medicham,https://assets.tcgdex.net/en/me/me02.5/104,,https://assets.tcgdex.net/en/me/me02.5/104/low.png,images/2026-01-30_me02.5_me02.5-104_low.png,True,True,True,False,False,,
me02.5,Ascended Heroes,https://assets.tcgdex.net/en/me/me02.5/logo,https://assets.tcgdex.net/univ/me/me02.5/symbol,,2026-01-30,,Whisker,Rare,Pokemon,,110.0,,,,Basic,,,,,,1.0,,,,I,me02.5-105,105,Lunatone,https://assets.tcgdex.net/en/me/me02.5/105,,https://assets.tcgdex.net/en/me/me02.5/105/low.png,images/2026-01-30_me02.5_me02.5-105_low.png,True,True,True,False,False,,
me02.5,Ascended Heroes,https://assets.tcgdex.net/en/me/me02.5/logo,https://assets.tcgdex.net/univ/me/me02.5/symbol,,2026-01-30,,Whisker,Uncommon,Pokemon,,110.0,,,,Basic,,,,,,1.0,,,,I,me02.5-106,106,Solrock,https://assets.tcgdex.net/en/me/me02.5/106,,https://assets.tcgdex.net/en/me/me02.5/106/low.png,images/2026-01-30_me02.5_me02.5-106_low.png,True,True,True,False,False,,
me02.5,Ascended Heroes,https://assets.tcgdex.net/en/me/me02.5/logo,https://assets.tcgdex.net/univ/me/me02.5/symbol,,2026-01-30,,Nisota Niso,Double rare,Pokemon,,230.0,,,,Basic,,,,,,3.0,,,,I,me02.5-107,107,Regirock ex,https://assets.tcgdex.net/en/me/me02.5/107,,https://assets.tcgdex.net/en/me/me02.5/107/low.png,images/2026-01-30_me02.5_me02.5-107_low.png,True,True,True,False,False,,
me02.5,Ascended Heroes,https://assets.tcgdex.net/en/me/me02.5/logo,https://assets.tcgdex.net/univ/me/me02.5/symbol,,2026-01-30,,Kazumasa Yasukuni,Rare,Pokemon,,140.0,,,,Basic,,,,,,3.0,,,,J,me02.5-108,108,Groudon,https://assets.tcgdex.net/en/me/me02.5/108,,https://assets.tcgdex.net/en/me/me02.5/108/low.png,images/2026-01-30_me02.5_me02.5-108_low.png,True,True,True,False,False,,
me02.5,Ascended Heroes,https://assets.tcgdex.net/en/me/me02.5/logo,https://assets.tcgdex.net/univ/me/me02.5/symbol,,2026-01-30,,Tomomi Ozaki,Common,Pokemon,,70.0,,,,Basic,,,,,,1.0,,,,I,me02.5-109,109,Cynthia's Gible,https://assets.tcgdex.net/en/me/me02.5/109,,https://assets.tcgdex.net/en/me/me02.5/109/low.png,images/2026-01-30_me02.5_me02.5-109_low.png,True,True,True,False,False,,
me02.5,Ascended Heroes,https://assets.tcgdex.net/en/me/me02.5/logo,https://assets.tcgdex.net/univ/me/me02.5/symbol,,2026-01-30,,Taira Akitsu,Uncommon,Pokemon,,100.0,,,,Stage1,,,,,,1.0,,,,I,me02.5-110,110,Cynthia's Gabite,https://assets.tcgdex.net/en/me/me02.5/110,,https://assets.tcgdex.net/en/me/me02.5/110/low.png,images/2026-01-30_me02.5_me02.5-110_low.png,True,True,True,False,False,,
me02.5,Ascended Heroes,https://assets.tcgdex.net/en/me/me02.5/logo,https://assets.tcgdex.net/univ/me/me02.5/symbol,,2026-01-30,,5ban Graphics,Double rare,Pokemon,,330.0,,,,Stage2,,,,,,0.0,,,,I,me02.5-111,111,Cynthia's Garchomp ex,https://assets.tcgdex.net/en/me/me02.5/111,,https://assets.tcgdex.net/en/me/me02.5/111/low.png,images/2026-01-30_me02.5_me02.5-111_low.png,True,True,True,False,False,,
me02.5,Ascended Heroes,https://assets.tcgdex.net/en/me/me02.5/logo,https://assets.tcgdex.net/univ/me/me02.5/symbol,,2026-01-30,,hncl,Common,Pokemon,,80.0,,,,Basic,,,,,,2.0,,,,I,me02.5-112,112,Riolu,https://assets.tcgdex.net/en/me/me02.5/112,,https://assets.tcgdex.net/en/me/me02.5/112/low.png,images/2026-01-30_me02.5_me02.5-112_low.png,True,True,True,False,False,,
me02.5,Ascended Heroes,https://assets.tcgdex.net/en/me/me02.5/logo,https://assets.tcgdex.net/univ/me/me02.5/symbol,,2026-01-30,,5ban Graphics,Double rare,Pokemon,,340.0,,,,Stage1,,,,,,2.0,,,,I,me02.5-113,113,Mega Lucario ex,https://assets.tcgdex.net/en/me/me02.5/113,,https://assets.tcgdex.net/en/me/me02.5/113/low.png,images/2026-01-30_me02.5_me02.5-113_low.png,True,True,True,False,False,,
me02.5,Ascended Heroes,https://assets.tcgdex.net/en/me/me02.5/logo,https://assets.tcgdex.net/univ/me/me02.5/symbol,,2026-01-30,,5ban Graphics,Double rare,Pokemon,,210.0,,,,Basic,,,,,,2.0,,,,J,me02.5-114,114,Stunfisk ex,https://assets.tcgdex.net/en/me/me02.5/114,,https://assets.tcgdex.net/en/me/me02.5/114/low.png,images/2026-01-30_me02.5_me02.5-114_low.png,True,True,True,False,False,,
me02.5,Ascended Heroes,https://assets.tcgdex.net/en/me/me02.5/logo,https://assets.tcgdex.net/univ/me/me02.5/symbol,,2026-01-30,,Minato,Common,Pokemon,,70.0,,,,Basic,,,,,,2.0,,,,I,me02.5-115,115,Pancham,https://assets.tcgdex.net/en/me/me02.5/115,,https://assets.tcgdex.net/en/me/me02.5/115/low.png,images/2026-01-30_me02.5_me02.5-115_low.png,True,True,True,False,False,,
me02.5,Ascended Heroes,https://assets.tcgdex.net/en/me/me02.5/logo,https://assets.tcgdex.net/univ/me/me02.5/symbol,,2026-01-30,,5ban Graphics,Double rare,Pokemon,,250.0,,,,Basic,,,,,,1.0,,,,I,me02.5-116,116,Mega Hawlucha ex,https://assets.tcgdex.net/en/me/me02.5/116,,https://assets.tcgdex.net/en/me/me02.5/116/low.png,images/2026-01-30_me02.5_me02.5-116_low.png,True,True,True,False,False,,
me02.5,Ascended Heroes,https://assets.tcgdex.net/en/me/me02.5/logo,https://assets.tcgdex.net/univ/me/me02.5/symbol,,2026-01-30,,Eri Kamei,Uncommon,Pokemon,,90.0,,,,Basic,,,,,,1.0,,,,J,me02.5-117,117,Carbink,https://assets.tcgdex.net/en/me/me02.5/117,,https://assets.tcgdex.net/en/me/me02.5/117/low.png,images/2026-01-30_me02.5_me02.5-117_low.png,True,True,True,False,False,,
me02.5,Ascended Heroes,https://assets.tcgdex.net/en/me/me02.5/logo,https://assets.tcgdex.net/univ/me/me02.5/symbol,,2026-01-30,,Kurata So,Common,Pokemon,,80.0,,,,Basic,,,,,,3.0,,,,I,me02.5-118,118,Rolycoly,https://assets.tcgdex.net/en/me/me02.5/118,,https://assets.tcgdex.net/en/me/me02.5/118/low.png,images/2026-01-30_me02.5_me02.5-118_low.png,True,True,True,False,False,,
me02.5,Ascended Heroes,https://assets.tcgdex.net/en/me/me02.5/logo,https://assets.tcgdex.net/univ/me/me02.5/symbol,,2026-01-30,,Apios,Common,Pokemon,,110.0,,,,Stage1,,,,,,3.0,,,,I,me02.5-119,119,Carkol,https://assets.tcgdex.net/en/me/me02.5/119,,https://assets.tcgdex.net/en/me/me02.5/119/low.png,images/2026-01-30_me02.5_me02.5-119_low.png,True,True,True,False,False,,
me02.5,Ascended Heroes,https://assets.tcgdex.net/en/me/me02.5/logo,https://assets.tcgdex.net/univ/me/me02.5/symbol,,2026-01-30,,Nisota Niso,Rare,Pokemon,,180.0,,,,Stage2,,,,,,4.0,,,,I,me02.5-120,120,Coalossal,https://assets.tcgdex.net/en/me/me02.5/120,,https://assets.tcgdex.net/en/me/me02.5/120/low.png,images/2026-01-30_me02.5_me02.5-120_low.png,True,True,True,False,False,,
me02.5,Ascended Heroes,https://assets.tcgdex.net/en/me/me02.5/logo,https://assets.tcgdex.net/univ/me/me02.5/symbol,,2026-01-30,,aky CG Works,Double rare,Pokemon,,230.0,,,,Basic,,,,,,2.0,,,,J,me02.5-121,121,Koraidon ex,https://assets.tcgdex.net/en/me/me02.5/121,,https://assets.tcgdex.net/en/me/me02.5/121/low.png,images/2026-01-30_me02.5_me02.5-121_low.png,True,True,True,False,False,,
me02.5,Ascended Heroes,https://assets.tcgdex.net/en/me/me02.5/logo,https://assets.tcgdex.net/univ/me/me02.5/symbol,,2026-01-30,,Mitsuhiro Arita,Rare,Pokemon,,140.0,,,,Basic,,,,,,3.0,,,,I,me02.5-122,122,Okidogi,https://assets.tcgdex.net/en/me/me02.5/122,,https://assets.tcgdex.net/en/me/me02.5/122/low.png,images/2026-01-30_me02.5_me02.5-122_low.png,True,True,True,False,False,,
me02.5,Ascended Heroes,https://assets.tcgdex.net/en/me/me02.5/logo,https://assets.tcgdex.net/univ/me/me02.5/symbol,,2026-01-30,,Saboteri,Common,Pokemon,,70.0,,,,Basic,,,,,,1.0,,,,I,me02.5-123,123,Gastly,https://assets.tcgdex.net/en/me/me02.5/123,,https://assets.tcgdex.net/en/me/me02.5/123/low.png,images/2026-01-30_me02.5_me02.5-123_low.png,True,True,True,False,False,,
me02.5,Ascended Heroes,https://assets.tcgdex.net/en/me/me02.5/logo,https://assets.tcgdex.net/univ/me/me02.5/symbol,,2026-01-30,,Rianti Hidayat,Uncommon,Pokemon,,100.0,,,,Stage1,,,,,,1.0,,,,I,me02.5-124,124,Haunter,https://assets.tcgdex.net/en/me/me02.5/124,,https://assets.tcgdex.net/en/me/me02.5/124/low.png,images/2026-01-30_me02.5_me02.5-124_low.png,True,True,True,False,False,,
me02.5,Ascended Heroes,https://assets.tcgdex.net/en/me/me02.5/logo,https://assets.tcgdex.net/univ/me/me02.5/symbol,,2026-01-30,,5ban Graphics,Double rare,Pokemon,,350.0,,,,Stage2,,,,,,2.0,,,,I,me02.5-125,125,Mega Gengar ex,https://assets.tcgdex.net/en/me/me02.5/125,,https://assets.tcgdex.net/en/me/me02.5/125/low.png,images/2026-01-30_me02.5_me02.5-125_low.png,True,True,True,False,False,,
me02.5,Ascended Heroes,https://assets.tcgdex.net/en/me/me02.5/logo,https://assets.tcgdex.net/univ/me/me02.5/symbol,,2026-01-30,,Mugi Hamada,Common,Pokemon,,80.0,,,,Basic,,,,,,1.0,,,,I,me02.5-126,126,Team Rocket's Murkrow,https://assets.tcgdex.net/en/me/me02.5/126,,https://assets.tcgdex.net/en/me/me02.5/126/low.png,images/2026-01-30_me02.5_me02.5-126_low.png,True,True,True,False,False,,
me02.5,Ascended Heroes,https://assets.tcgdex.net/en/me/me02.5/logo,https://assets.tcgdex.net/univ/me/me02.5/symbol,,2026-01-30,,hncl,Rare,Pokemon,,130.0,,,,Stage1,,,,,,1.0,,,,I,me02.5-127,127,Team Rocket's Honchkrow,https://assets.tcgdex.net/en/me/me02.5/127,,https://assets.tcgdex.net/en/me/me02.5/127/low.png,images/2026-01-30_me02.5_me02.5-127_low.png,True,True,True,False,False,,
me02.5,Ascended Heroes,https://assets.tcgdex.net/en/me/me02.5/logo,https://assets.tcgdex.net/univ/me/me02.5/symbol,,2026-01-30,,Miki Tanaka,Common,Pokemon,,70.0,,,,Basic,,,,,,1.0,,,,H,me02.5-128,128,Poochyena,https://assets.tcgdex.net/en/me/me02.5/128,,https://assets.tcgdex.net/en/me/me02.5/128/low.png,images/2026-01-30_me02.5_me02.5-128_low.png,True,True,True,False,False,,
me02.5,Ascended Heroes,https://assets.tcgdex.net/en/me/me02.5/logo,https://assets.tcgdex.net/univ/me/me02.5/symbol,,2026-01-30,,akagi,Uncommon,Pokemon,,120.0,,,,Stage1,,,,,,2.0,,,,H,me02.5-129,129,Mightyena,https://assets.tcgdex.net/en/me/me02.5/129,,https://assets.tcgdex.net/en/me/me02.5/129/low.png,images/2026-01-30_me02.5_me02.5-129_low.png,True,True,True,False,False,,
me02.5,Ascended Heroes,https://assets.tcgdex.net/en/me/me02.5/logo,https://assets.tcgdex.net/univ/me/me02.5/symbol,,2026-01-30,,osare,Common,Pokemon,,70.0,,,,Basic,,,,,,1.0,,,,I,me02.5-130,130,Galarian Zigzagoon,https://assets.tcgdex.net/en/me/me02.5/130,,https://assets.tcgdex.net/en/me/me02.5/130/low.png,images/2026-01-30_me02.5_me02.5-130_low.png,True,True,True,False,False,,
me02.5,Ascended Heroes,https://assets.tcgdex.net/en/me/me02.5/logo,https://assets.tcgdex.net/univ/me/me02.5/symbol,,2026-01-30,,Tomowaka,Common,Pokemon,,90.0,,,,Stage1,,,,,,2.0,,,,I,me02.5-131,131,Galarian Linoone,https://assets.tcgdex.net/en/me/me02.5/131,,https://assets.tcgdex.net/en/me/me02.5/131/low.png,images/2026-01-30_me02.5_me02.5-131_low.png,True,True,True,False,False,,
me02.5,Ascended Heroes,https://assets.tcgdex.net/en/me/me02.5/logo,https://assets.tcgdex.net/univ/me/me02.5/symbol,,2026-01-30,,Dsuke,Uncommon,Pokemon,,170.0,,,,Stage2,,,,,,2.0,,,,I,me02.5-132,132,Galarian Obstagoon,https://assets.tcgdex.net/en/me/me02.5/132,,https://assets.tcgdex.net/en/me/me02.5/132/low.png,images/2026-01-30_me02.5_me02.5-132_low.png,True,True,True,False,False,,
me02.5,Ascended Heroes,https://assets.tcgdex.net/en/me/me02.5/logo,https://assets.tcgdex.net/univ/me/me02.5/symbol,,2026-01-30,,satoma,Uncommon,Pokemon,,70.0,,,,Basic,,,,,,1.0,,,,I,me02.5-133,133,Cynthia's Spiritomb,https://assets.tcgdex.net/en/me/me02.5/133,,https://assets.tcgdex.net/en/me/me02.5/133/low.png,images/2026-01-30_me02.5_me02.5-133_low.png,True,True,True,False,False,,
me02.5,Ascended Heroes,https://assets.tcgdex.net/en/me/me02.5/logo,https://assets.tcgdex.net/univ/me/me02.5/symbol,,2026-01-30,,Shimaris Yukichi,Common,Pokemon,,80.0,,,,Basic,,,,,,2.0,,,,I,me02.5-134,134,Scraggy,https://assets.tcgdex.net/en/me/me02.5/134,,https://assets.tcgdex.net/en/me/me02.5/134/low.png,images/2026-01-30_me02.5_me02.5-134_low.png,True,True,True,False,False,,
me02.5,Ascended Heroes,https://assets.tcgdex.net/en/me/me02.5/logo,https://assets.tcgdex.net/univ/me/me02.5/symbol,,2026-01-30,,5ban Graphics,Double rare,Pokemon,,330.0,,,,Stage1,,,,,,2.0,,,,I,me02.5-135,135,Mega Scrafty ex,https://assets.tcgdex.net/en/me/me02.5/135,,https://assets.tcgdex.net/en/me/me02.5/135/low.png,images/2026-01-30_me02.5_me02.5-135_low.png,True,True,True,False,False,,
me02.5,Ascended Heroes,https://assets.tcgdex.net/en/me/me02.5/logo,https://assets.tcgdex.net/univ/me/me02.5/symbol,,2026-01-30,,Jiro Sasumo,Common,Pokemon,,70.0,,,,Basic,,,,,,1.0,,,,I,me02.5-136,136,N's Zorua,https://assets.tcgdex.net/en/me/me02.5/136,,https://assets.tcgdex.net/en/me/me02.5/136/low.png,images/2026-01-30_me02.5_me02.5-136_low.png,True,True,True,False,False,,
me02.5,Ascended Heroes,https://assets.tcgdex.net/en/me/me02.5/logo,https://assets.tcgdex.net/univ/me/me02.5/symbol,,2026-01-30,,takuyoa,Double rare,Pokemon,,280.0,,,,Stage1,,,,,,2.0,,,,I,me02.5-137,137,N's Zoroark ex,https://assets.tcgdex.net/en/me/me02.5/137,,https://assets.tcgdex.net/en/me/me02.5/137/low.png,images/2026-01-30_me02.5_me02.5-137_low.png,True,True,True,False,False,,
me02.5,Ascended Heroes,https://assets.tcgdex.net/en/me/me02.5/logo,https://assets.tcgdex.net/univ/me/me02.5/symbol,,2026-01-30,,Nisota Niso,Common,Pokemon,,70.0,,,,Basic,,,,,,1.0,,,,J,me02.5-138,138,Vullaby,https://assets.tcgdex.net/en/me/me02.5/138,,https://assets.tcgdex.net/en/me/me02.5/138/low.png,images/2026-01-30_me02.5_me02.5-138_low.png,True,True,True,False,False,,
me02.5,Ascended Heroes,https://assets.tcgdex.net/en/me/me02.5/logo,https://assets.tcgdex.net/univ/me/me02.5/symbol,,2026-01-30,,Ultimateinudog,Double rare,Pokemon,,260.0,,,,Stage1,,,,,,1.0,,,,J,me02.5-139,139,Mandibuzz ex,https://assets.tcgdex.net/en/me/me02.5/139,,https://assets.tcgdex.net/en/me/me02.5/139/low.png,images/2026-01-30_me02.5_me02.5-139_low.png,True,True,True,False,False,,
me02.5,Ascended Heroes,https://assets.tcgdex.net/en/me/me02.5/logo,https://assets.tcgdex.net/univ/me/me02.5/symbol,,2026-01-30,,takashi shiraishi,Uncommon,Pokemon,,140.0,,,,Stage1,,,,,,3.0,,,,I,me02.5-140,140,Pangoro,https://assets.tcgdex.net/en/me/me02.5/140,,https://assets.tcgdex.net/en/me/me02.5/140/low.png,images/2026-01-30_me02.5_me02.5-140_low.png,True,True,True,False,False,,
me02.5,Ascended Heroes,https://assets.tcgdex.net/en/me/me02.5/logo,https://assets.tcgdex.net/univ/me/me02.5/symbol,,2026-01-30,,Anesaki Dynamic,Rare,Pokemon,,120.0,,,,Basic,,,,,,2.0,,,,J,me02.5-141,141,Hoopa,https://assets.tcgdex.net/en/me/me02.5/141,,https://assets.tcgdex.net/en/me/me02.5/141/low.png,images/2026-01-30_me02.5_me02.5-141_low.png,True,True,True,False,False,,
me02.5,Ascended Heroes,https://assets.tcgdex.net/en/me/me02.5/logo,https://assets.tcgdex.net/univ/me/me02.5/symbol,,2026-01-30,,takuyoa,Double rare,Pokemon,,210.0,,,,Basic,,,,,,1.0,,,,H,me02.5-142,142,Fezandipiti ex,https://assets.tcgdex.net/en/me/me02.5/142,,https://assets.tcgdex.net/en/me/me02.5/142/low.png,images/2026-01-30_me02.5_me02.5-142_low.png,True,True,True,False,False,,
me02.5,Ascended Heroes,https://assets.tcgdex.net/en/me/me02.5/logo,https://assets.tcgdex.net/univ/me/me02.5/symbol,,2026-01-30,,IKEDA Saki,Rare,Pokemon,,80.0,,,,Basic,,,,,,1.0,,,,I,me02.5-143,143,Pecharunt,https://assets.tcgdex.net/en/me/me02.5/143,,https://assets.tcgdex.net/en/me/me02.5/143/low.png,images/2026-01-30_me02.5_me02.5-143_low.png,True,True,True,False,False,,
me02.5,Ascended Heroes,https://assets.tcgdex.net/en/me/me02.5/logo,https://assets.tcgdex.net/univ/me/me02.5/symbol,,2026-01-30,,CHORISO,Uncommon,Pokemon,,90.0,,,,Basic,,,,,,1.0,,,,J,me02.5-144,144,Mawile,https://assets.tcgdex.net/en/me/me02.5/144,,https://assets.tcgdex.net/en/me/me02.5/144/low.png,images/2026-01-30_me02.5_me02.5-144_low.png,True,True,True,False,False,,
me02.5,Ascended Heroes,https://assets.tcgdex.net/en/me/me02.5/logo,https://assets.tcgdex.net/univ/me/me02.5/symbol,,2026-01-30,,toriyufu,Double rare,Pokemon,,230.0,,,,Basic,,,,,,3.0,,,,J,me02.5-145,145,Registeel ex,https://assets.tcgdex.net/en/me/me02.5/145,,https://assets.tcgdex.net/en/me/me02.5/145/low.png,images/2026-01-30_me02.5_me02.5-145_low.png,True,True,True,False,False,,
me02.5,Ascended Heroes,https://assets.tcgdex.net/en/me/me02.5/logo,https://assets.tcgdex.net/univ/me/me02.5/symbol,,2026-01-30,,Yuya Oka,Common,Pokemon,,70.0,,,,Basic,,,,,,1.0,,,,I,me02.5-146,146,Pawniard,https://assets.tcgdex.net/en/me/me02.5/146,,https://assets.tcgdex.net/en/me/me02.5/146/low.png,images/2026-01-30_me02.5_me02.5-146_low.png,True,True,True,False,False,,
me02.5,Ascended Heroes,https://assets.tcgdex.net/en/me/me02.5/logo,https://assets.tcgdex.net/univ/me/me02.5/symbol,,2026-01-30,,Scav,Common,Pokemon,,120.0,,,,Stage1,,,,,,1.0,,,,I,me02.5-147,147,Bisharp,https://assets.tcgdex.net/en/me/me02.5/147,,https://assets.tcgdex.net/en/me/me02.5/147/low.png,images/2026-01-30_me02.5_me02.5-147_low.png,True,True,True,False,False,,
me02.5,Ascended Heroes,https://assets.tcgdex.net/en/me/me02.5/logo,https://assets.tcgdex.net/univ/me/me02.5/symbol,,2026-01-30,,Teeziro,Rare,Pokemon,,170.0,,,,Stage2,,,,,,3.0,,,,I,me02.5-148,148,Kingambit,https://assets.tcgdex.net/en/me/me02.5/148,,https://assets.tcgdex.net/en/me/me02.5/148/low.png,images/2026-01-30_me02.5_me02.5-148_low.png,True,True,True,False,False,,
me02.5,Ascended Heroes,https://assets.tcgdex.net/en/me/me02.5/logo,https://assets.tcgdex.net/univ/me/me02.5/symbol,,2026-01-30,,5ban Graphics,Double rare,Pokemon,,190.0,,,,Basic,,,,,,1.0,,,,J,me02.5-149,149,Togedemaru ex,https://assets.tcgdex.net/en/me/me02.5/149,,https://assets.tcgdex.net/en/me/me02.5/149/low.png,images/2026-01-30_me02.5_me02.5-149_low.png,True,True,True,False,False,,
me02.5,Ascended Heroes,https://assets.tcgdex.net/en/me/me02.5/logo,https://assets.tcgdex.net/univ/me/me02.5/symbol,,2026-01-30,,HYOGONOSUKE,Common,Pokemon,,80.0,,,,Basic,,,,,,2.0,,,,I,me02.5-150,150,Dratini,https://assets.tcgdex.net/en/me/me02.5/150,,https://assets.tcgdex.net/en/me/me02.5/150/low.png,images/2026-01-30_me02.5_me02.5-150_low.png,True,True,True,False,False,,
me02.5,Ascended Heroes,https://assets.tcgdex.net/en/me/me02.5/logo,https://assets.tcgdex.net/univ/me/me02.5/symbol,,2026-01-30,,Gemi,Uncommon,Pokemon,,100.0,,,,Stage1,,,,,,2.0,,,,I,me02.5-151,151,Dragonair,https://assets.tcgdex.net/en/me/me02.5/151,,https://assets.tcgdex.net/en/me/me02.5/151/low.png,images/2026-01-30_me02.5_me02.5-151_low.png,True,True,True,False,False,,
me02.5,Ascended Heroes,https://assets.tcgdex.net/en/me/me02.5/logo,https://assets.tcgdex.net/univ/me/me02.5/symbol,,2026-01-30,,aky CG Works,Double rare,Pokemon,,370.0,,,,Stage2,,,,,,2.0,,,,I,me02.5-152,152,Mega Dragonite ex,https://assets.tcgdex.net/en/me/me02.5/152,,https://assets.tcgdex.net/en/me/me02.5/152/low.png,images/2026-01-30_me02.5_me02.5-152_low.png,True,True,True,False,False,,
me02.5,Ascended Heroes,https://assets.tcgdex.net/en/me/me02.5/logo,https://assets.tcgdex.net/univ/me/me02.5/symbol,,2026-01-30,,nagimiso,Rare,Pokemon,,120.0,,,,Basic,,,,,,1.0,,,,I,me02.5-153,153,Rayquaza,https://assets.tcgdex.net/en/me/me02.5/153,,https://assets.tcgdex.net/en/me/me02.5/153/low.png,images/2026-01-30_me02.5_me02.5-153_low.png,True,True,True,False,False,,
me02.5,Ascended Heroes,https://assets.tcgdex.net/en/me/me02.5/logo,https://assets.tcgdex.net/univ/me/me02.5/symbol,,2026-01-30,,rika,Rare,Pokemon,,130.0,,,,Basic,,,,,,2.0,,,,I,me02.5-154,154,N's Reshiram,https://assets.tcgdex.net/en/me/me02.5/154,,https://assets.tcgdex.net/en/me/me02.5/154/low.png,images/2026-01-30_me02.5_me02.5-154_low.png,True,True,True,False,False,,
me02.5,Ascended Heroes,https://assets.tcgdex.net/en/me/me02.5/logo,https://assets.tcgdex.net/univ/me/me02.5/symbol,,2026-01-30,,AKIRA EGAWA,Rare,Pokemon,,130.0,,,,Basic,,,,,,2.0,,,,I,me02.5-155,155,N's Zekrom,https://assets.tcgdex.net/en/me/me02.5/155,,https://assets.tcgdex.net/en/me/me02.5/155/low.png,images/2026-01-30_me02.5_me02.5-155_low.png,True,True,True,False,False,,
me02.5,Ascended Heroes,https://assets.tcgdex.net/en/me/me02.5/logo,https://assets.tcgdex.net/univ/me/me02.5/symbol,,2026-01-30,,Eri Kamei,Common,Pokemon,,70.0,,,,Basic,,,,,,1.0,,,,I,me02.5-156,156,Noibat,https://assets.tcgdex.net/en/me/me02.5/156,,https://assets.tcgdex.net/en/me/me02.5/156/low.png,images/2026-01-30_me02.5_me02.5-156_low.png,True,True,True,False,False,,
me02.5,Ascended Heroes,https://assets.tcgdex.net/en/me/me02.5/logo,https://assets.tcgdex.net/univ/me/me02.5/symbol,,2026-01-30,,Natsumi Miyanose,Uncommon,Pokemon,,120.0,,,,Stage1,,,,,,0.0,,,,I,me02.5-157,157,Noivern,https://assets.tcgdex.net/en/me/me02.5/157,,https://assets.tcgdex.net/en/me/me02.5/157/low.png,images/2026-01-30_me02.5_me02.5-157_low.png,True,True,True,False,False,,
me02.5,Ascended Heroes,https://assets.tcgdex.net/en/me/me02.5/logo,https://assets.tcgdex.net/univ/me/me02.5/symbol,,2026-01-30,,Scav,Common,Pokemon,,70.0,,,,Basic,,,,,,1.0,,,,H,me02.5-158,158,Dreepy,https://assets.tcgdex.net/en/me/me02.5/158,,https://assets.tcgdex.net/en/me/me02.5/158/low.png,images/2026-01-30_me02.5_me02.5-158_low.png,True,True,True,False,False,,
me02.5,Ascended Heroes,https://assets.tcgdex.net/en/me/me02.5/logo,https://assets.tcgdex.net/univ/me/me02.5/symbol,,2026-01-30,,cochi8i,Common,Pokemon,,90.0,,,,Stage1,,,,,,1.0,,,,H,me02.5-159,159,Drakloak,https://assets.tcgdex.net/en/me/me02.5/159,,https://assets.tcgdex.net/en/me/me02.5/159/low.png,images/2026-01-30_me02.5_me02.5-159_low.png,True,True,True,False,False,,
me02.5,Ascended Heroes,https://assets.tcgdex.net/en/me/me02.5/logo,https://assets.tcgdex.net/univ/me/me02.5/symbol,,2026-01-30,,5ban Graphics,Double rare,Pokemon,,320.0,,,,Stage2,,,,,,1.0,,,,H,me02.5-160,160,Dragapult ex,https://assets.tcgdex.net/en/me/me02.5/160,,https://assets.tcgdex.net/en/me/me02.5/160/low.png,images/2026-01-30_me02.5_me02.5-160_low.png,True,True,True,False,False,,
me02.5,Ascended Heroes,https://assets.tcgdex.net/en/me/me02.5/logo,https://assets.tcgdex.net/univ/me/me02.5/symbol,,2026-01-30,,Megumi Mizutani,Common,Pokemon,,70.0,,,,Basic,,,,,,1.0,,,,I,me02.5-161,161,Team Rocket's Meowth,https://assets.tcgdex.net/en/me/me02.5/161,,https://assets.tcgdex.net/en/me/me02.5/161/low.png,images/2026-01-30_me02.5_me02.5-161_low.png,True,True,True,False,False,,
me02.5,Ascended Heroes,https://assets.tcgdex.net/en/me/me02.5/logo,https://assets.tcgdex.net/univ/me/me02.5/symbol,,2026-01-30,,5ban Graphics,Double rare,Pokemon,,230.0,,,,Basic,,,,,,2.0,,,,I,me02.5-162,162,Team Rocket's Kangaskhan ex,https://assets.tcgdex.net/en/me/me02.5/162,,https://assets.tcgdex.net/en/me/me02.5/162/low.png,images/2026-01-30_me02.5_me02.5-162_low.png,True,True,True,False,False,,
me02.5,Ascended Heroes,https://assets.tcgdex.net/en/me/me02.5/logo,https://assets.tcgdex.net/univ/me/me02.5/symbol,,2026-01-30,,0313,Common,Pokemon,,70.0,,,,Basic,,,,,,0.0,,,,J,me02.5-163,163,Larry's Dunsparce,https://assets.tcgdex.net/en/me/me02.5/163,,https://assets.tcgdex.net/en/me/me02.5/163/low.png,images/2026-01-30_me02.5_me02.5-163_low.png,True,True,True,False,False,,
me02.5,Ascended Heroes,https://assets.tcgdex.net/en/me/me02.5/logo,https://assets.tcgdex.net/univ/me/me02.5/symbol,,2026-01-30,,5ban Graphics,Double rare,Pokemon,,270.0,,,,Stage1,,,,,,3.0,,,,J,me02.5-164,164,Larry's Dudunsparce ex,https://assets.tcgdex.net/en/me/me02.5/164,,https://assets.tcgdex.net/en/me/me02.5/164/low.png,images/2026-01-30_me02.5_me02.5-164_low.png,True,True,True,False,False,,
me02.5,Ascended Heroes,https://assets.tcgdex.net/en/me/me02.5/logo,https://assets.tcgdex.net/univ/me/me02.5/symbol,,2026-01-30,,Yoko Hishida,Common,Pokemon,,60.0,,,,Basic,,,,,,1.0,,,,J,me02.5-165,165,Skitty,https://assets.tcgdex.net/en/me/me02.5/165,,https://assets.tcgdex.net/en/me/me02.5/165/low.png,images/2026-01-30_me02.5_me02.5-165_low.png,True,True,True,False,False,,
me02.5,Ascended Heroes,https://assets.tcgdex.net/en/me/me02.5/logo,https://assets.tcgdex.net/univ/me/me02.5/symbol,,2026-01-30,,buchi,Uncommon,Pokemon,,100.0,,,,Stage1,,,,,,1.0,,,,J,me02.5-166,166,Delcatty,https://assets.tcgdex.net/en/me/me02.5/166,,https://assets.tcgdex.net/en/me/me02.5/166/low.png,images/2026-01-30_me02.5_me02.5-166_low.png,True,True,True,False,False,,
me02.5,Ascended Heroes,https://assets.tcgdex.net/en/me/me02.5/logo,https://assets.tcgdex.net/univ/me/me02.5/symbol,,2026-01-30,,5ban Graphics,Double rare,Pokemon,,200.0,,,,Basic,,,,,,1.0,,,,J,me02.5-167,167,Zangoose ex,https://assets.tcgdex.net/en/me/me02.5/167,,https://assets.tcgdex.net/en/me/me02.5/167/low.png,images/2026-01-30_me02.5_me02.5-167_low.png,True,True,True,False,False,,
me02.5,Ascended Heroes,https://assets.tcgdex.net/en/me/me02.5/logo,https://assets.tcgdex.net/univ/me/me02.5/symbol,,2026-01-30,,Natsumi Miyanose,Common,Pokemon,,60.0,,,,Basic,,,,,,1.0,,,,J,me02.5-168,168,Larry's Starly,https://assets.tcgdex.net/en/me/me02.5/168,,https://assets.tcgdex.net/en/me/me02.5/168/low.png,images/2026-01-30_me02.5_me02.5-168_low.png,True,True,True,False,False,,
me02.5,Ascended Heroes,https://assets.tcgdex.net/en/me/me02.5/logo,https://assets.tcgdex.net/univ/me/me02.5/symbol,,2026-01-30,,Fujimoto Gold,Uncommon,Pokemon,,90.0,,,,Stage1,,,,,,1.0,,,,J,me02.5-169,169,Larry's Staravia,https://assets.tcgdex.net/en/me/me02.5/169,,https://assets.tcgdex.net/en/me/me02.5/169/low.png,images/2026-01-30_me02.5_me02.5-169_low.png,True,True,True,False,False,,
me02.5,Ascended Heroes,https://assets.tcgdex.net/en/me/me02.5/logo,https://assets.tcgdex.net/univ/me/me02.5/symbol,,2026-01-30,,Po-Suzuki,Rare,Pokemon,,150.0,,,,Stage2,,,,,,1.0,,,,J,me02.5-170,170,Larry's Staraptor,https://assets.tcgdex.net/en/me/me02.5/170,,https://assets.tcgdex.net/en/me/me02.5/170/low.png,images/2026-01-30_me02.5_me02.5-170_low.png,True,True,True,False,False,,
me02.5,Ascended Heroes,https://assets.tcgdex.net/en/me/me02.5/logo,https://assets.tcgdex.net/univ/me/me02.5/symbol,,2026-01-30,,Toshinao Aoki,Common,Pokemon,,70.0,,,,Basic,,,,,,1.0,,,,H,me02.5-171,171,Fan Rotom,https://assets.tcgdex.net/en/me/me02.5/171,,https://assets.tcgdex.net/en/me/me02.5/171/low.png,images/2026-01-30_me02.5_me02.5-171_low.png,True,True,True,False,False,,
me02.5,Ascended Heroes,https://assets.tcgdex.net/en/me/me02.5/logo,https://assets.tcgdex.net/univ/me/me02.5/symbol,,2026-01-30,,5ban Graphics,Double rare,Pokemon,,270.0,,,,Basic,,,,,,1.0,,,,J,me02.5-172,172,Mega Audino ex,https://assets.tcgdex.net/en/me/me02.5/172,,https://assets.tcgdex.net/en/me/me02.5/172/low.png,images/2026-01-30_me02.5_me02.5-172_low.png,True,True,True,False,False,,
me02.5,Ascended Heroes,https://assets.tcgdex.net/en/me/me02.5/logo,https://assets.tcgdex.net/univ/me/me02.5/symbol,,2026-01-30,,cochi8i,Common,Pokemon,,70.0,,,,Basic,,,,,,1.0,,,,J,me02.5-173,173,Larry's Rufflet,https://assets.tcgdex.net/en/me/me02.5/173,,https://assets.tcgdex.net/en/me/me02.5/173/low.png,images/2026-01-30_me02.5_me02.5-173_low.png,True,True,True,False,False,,
me02.5,Ascended Heroes,https://assets.tcgdex.net/en/me/me02.5/logo,https://assets.tcgdex.net/univ/me/me02.5/symbol,,2026-01-30,,Ryuta Fuse,Uncommon,Pokemon,,130.0,,,,Stage1,,,,,,1.0,,,,J,me02.5-174,174,Larry's Braviary,https://assets.tcgdex.net/en/me/me02.5/174,,https://assets.tcgdex.net/en/me/me02.5/174/low.png,images/2026-01-30_me02.5_me02.5-174_low.png,True,True,True,False,False,,
me02.5,Ascended Heroes,https://assets.tcgdex.net/en/me/me02.5/logo,https://assets.tcgdex.net/univ/me/me02.5/symbol,,2026-01-30,,ryoma uratsuka,Common,Pokemon,,90.0,,,,Basic,,,,,,2.0,,,,J,me02.5-175,175,Larry's Komala,https://assets.tcgdex.net/en/me/me02.5/175,,https://assets.tcgdex.net/en/me/me02.5/175/low.png,images/2026-01-30_me02.5_me02.5-175_low.png,True,True,True,False,False,,
me02.5,Ascended Heroes,https://assets.tcgdex.net/en/me/me02.5/logo,https://assets.tcgdex.net/univ/me/me02.5/symbol,,2026-01-30,,Scav,Uncommon,Pokemon,,130.0,,,,Basic,,,,,,2.0,,,,J,me02.5-176,176,Drampa,https://assets.tcgdex.net/en/me/me02.5/176,,https://assets.tcgdex.net/en/me/me02.5/176/low.png,images/2026-01-30_me02.5_me02.5-176_low.png,True,True,True,False,False,,
me02.5,Ascended Heroes,https://assets.tcgdex.net/en/me/me02.5/logo,https://assets.tcgdex.net/univ/me/me02.5/symbol,,2026-01-30,,Saboteri,Uncommon,Pokemon,,110.0,,,,Basic,,,,,,1.0,,,,I,me02.5-177,177,Hop's Cramorant,https://assets.tcgdex.net/en/me/me02.5/177,,https://assets.tcgdex.net/en/me/me02.5/177/low.png,images/2026-01-30_me02.5_me02.5-177_low.png,True,True,True,False,False,,
me02.5,Ascended Heroes,https://assets.tcgdex.net/en/me/me02.5/logo,https://assets.tcgdex.net/univ/me/me02.5/symbol,,2026-01-30,,GIDORA,Rare,Pokemon,,120.0,,,,Basic,,,,,,2.0,,,,H,me02.5-178,178,Terapagos,https://assets.tcgdex.net/en/me/me02.5/178,,https://assets.tcgdex.net/en/me/me02.5/178/low.png,images/2026-01-30_me02.5_me02.5-178_low.png,True,True,True,False,False,,
me02.5,Ascended Heroes,https://assets.tcgdex.net/en/me/me02.5/logo,https://assets.tcgdex.net/univ/me/me02.5/symbol,,2026-01-30,,5ban Graphics,Double rare,Pokemon,,230.0,,,,Basic,,,,,,2.0,,,,H,me02.5-179,179,Terapagos ex,https://assets.tcgdex.net/en/me/me02.5/179,,https://assets.tcgdex.net/en/me/me02.5/179/low.png,images/2026-01-30_me02.5_me02.5-179_low.png,True,True,True,False,False,,
me02.5,Ascended Heroes,https://assets.tcgdex.net/en/me/me02.5/logo,https://assets.tcgdex.net/univ/me/me02.5/symbol,,2026-01-30,,Yuu Nishida,Uncommon,Trainer,,,,,,,,,,,,,"You can use this card only if your opponent has 2 or fewer Prize cards remaining.

Choose 1 of your Pokémon in play. During your opponent's next turn, prevent all damage from and effects of attacks done to that Pokémon by your opponent's Pokémon ex.",Supporter,,I,me02.5-180,180,Acerola's Mischief,https://assets.tcgdex.net/en/me/me02.5/180,,https://assets.tcgdex.net/en/me/me02.5/180/low.png,images/2026-01-30_me02.5_me02.5-180_low.png,True,True,True,False,False,,
me02.5,Ascended Heroes,https://assets.tcgdex.net/en/me/me02.5/logo,https://assets.tcgdex.net/univ/me/me02.5/symbol,,2026-01-30,,Studio Bora Inc.,Uncommon,Trainer,,,,,,,,,,,,,The Retreat Cost of the Pokémon this card is attached to is {C}{C} less.,Tool,,I,me02.5-181,181,Air Balloon,https://assets.tcgdex.net/en/me/me02.5/181,,https://assets.tcgdex.net/en/me/me02.5/181/low.png,images/2026-01-30_me02.5_me02.5-181_low.png,True,True,True,False,False,,
me02.5,Ascended Heroes,https://assets.tcgdex.net/en/me/me02.5/logo,https://assets.tcgdex.net/univ/me/me02.5/symbol,,2026-01-30,,Sanosuke Sakuma,Uncommon,Trainer,,,,,,,,,,,,,"You can use this card only if you have N's Darmanitan, N's Zoroark ex, N's Vanilluxe, N's Klinklang, N's Reshiram, and N's Zekrom in play.

During this turn, if your opponent's Active Pokémon is Knocked Out by damage from an attack used by your N's Pokémon, take 3 more Prize cards.",Supporter,,I,me02.5-182,182,Anthea & Concordia,https://assets.tcgdex.net/en/me/me02.5/182,,https://assets.tcgdex.net/en/me/me02.5/182/low.png,images/2026-01-30_me02.5_me02.5-182_low.png,True,True,True,False,False,,
me02.5,Ascended Heroes,https://assets.tcgdex.net/en/me/me02.5/logo,https://assets.tcgdex.net/univ/me/me02.5/symbol,,2026-01-30,,akagi,Uncommon,Trainer,,,,,,,,,,,,,Switch in 1 of your opponent's Benched Pokémon to the Active Spot.,Supporter,,I,me02.5-183,183,Boss's Orders,https://assets.tcgdex.net/en/me/me02.5/183,,https://assets.tcgdex.net/en/me/me02.5/183/low.png,images/2026-01-30_me02.5_me02.5-183_low.png,True,True,True,False,False,,
me02.5,Ascended Heroes,https://assets.tcgdex.net/en/me/me02.5/logo,https://assets.tcgdex.net/univ/me/me02.5/symbol,,2026-01-30,,AYUMI ODASHIMA,Common,Trainer,,,,,,,,,,,,,"Search your deck for up to 2 Basic Pokémon with 70 HP or less and put them onto your Bench. Then, shuffle your deck.",Item,,H,me02.5-184,184,Buddy-Buddy Poffin,https://assets.tcgdex.net/en/me/me02.5/184,,https://assets.tcgdex.net/en/me/me02.5/184/low.png,images/2026-01-30_me02.5_me02.5-184_low.png,True,True,True,False,False,,
me02.5,Ascended Heroes,https://assets.tcgdex.net/en/me/me02.5/logo,https://assets.tcgdex.net/univ/me/me02.5/symbol,,2026-01-30,,Naoki Saito,Uncommon,Trainer,,,,,,,,,,,,,"You can use this card only if you discard another card from your hand.

Search your deck for up to 4 {L} Pokémon, reveal them, and put them into your hand. Then, shuffle your deck.",Supporter,,I,me02.5-185,185,Canari,https://assets.tcgdex.net/en/me/me02.5/185,,https://assets.tcgdex.net/en/me/me02.5/185/low.png,images/2026-01-30_me02.5_me02.5-185_low.png,True,True,True,False,False,,
me02.5,Ascended Heroes,https://assets.tcgdex.net/en/me/me02.5/logo,https://assets.tcgdex.net/univ/me/me02.5/symbol,,2026-01-30,,Toyste Beach,Common,Trainer,,,,,,,,,,,,,"If you have more Prize cards remaining than your opponent, attacks used by the Pokémon this card is attached to cost {C} less.",Tool,,H,me02.5-186,186,Counter Gain,https://assets.tcgdex.net/en/me/me02.5/186,,https://assets.tcgdex.net/en/me/me02.5/186/low.png,images/2026-01-30_me02.5_me02.5-186_low.png,True,True,True,False,False,,
me02.5,Ascended Heroes,https://assets.tcgdex.net/en/me/me02.5/logo,https://assets.tcgdex.net/univ/me/me02.5/symbol,,2026-01-30,,Toyste Beach,Uncommon,Trainer,,,,,,,,,,,,,"Search your deck for a Basic {F} Energy card or a Basic {F} Pokémon, reveal it, and put it into your hand. Then, shuffle your deck.",Item,,I,me02.5-187,187,Fighting Gong,https://assets.tcgdex.net/en/me/me02.5/187,,https://assets.tcgdex.net/en/me/me02.5/187/low.png,images/2026-01-30_me02.5_me02.5-187_low.png,True,True,True,False,False,,
me02.5,Ascended Heroes,https://assets.tcgdex.net/en/me/me02.5/logo,https://assets.tcgdex.net/univ/me/me02.5/symbol,,2026-01-30,,AYUMI ODASHIMA,Uncommon,Trainer,,,,,,,,,,,,,"Each player's {G} Pokémon can evolve into {G} Pokémon during the turn they play those Pokémon, except during their first turn.",Stadium,,I,me02.5-188,188,Forest of Vitality,https://assets.tcgdex.net/en/me/me02.5/188,,https://assets.tcgdex.net/en/me/me02.5/188/low.png,images/2026-01-30_me02.5_me02.5-188_low.png,True,True,True,False,False,,
me02.5,Ascended Heroes,https://assets.tcgdex.net/en/me/me02.5/logo,https://assets.tcgdex.net/univ/me/me02.5/symbol,,2026-01-30,,Toyste Beach,Common,Trainer,,,,,,,,,,,,,"You can use this card only if you have any Tera Pokémon in play.

Choose up to 2 of your Benched {C} Pokémon and attach a Basic Energy card from your discard pile to each of them.",Item,,H,me02.5-189,189,Glass Trumpet,https://assets.tcgdex.net/en/me/me02.5/189,,https://assets.tcgdex.net/en/me/me02.5/189/low.png,images/2026-01-30_me02.5_me02.5-189_low.png,True,True,True,False,False,,
me02.5,Ascended Heroes,https://assets.tcgdex.net/en/me/me02.5/logo,https://assets.tcgdex.net/univ/me/me02.5/symbol,,2026-01-30,,yuu,Uncommon,Trainer,,,,,,,,,,,,,"You can use this card only if you discard another card from your hand.

Draw cards until you have 6 cards in your hand.",Supporter,,I,me02.5-190,190,Iris's Fighting Spirit,https://assets.tcgdex.net/en/me/me02.5/190,,https://assets.tcgdex.net/en/me/me02.5/190/low.png,images/2026-01-30_me02.5_me02.5-190_low.png,True,True,True,False,False,,
me02.5,Ascended Heroes,https://assets.tcgdex.net/en/me/me02.5/logo,https://assets.tcgdex.net/univ/me/me02.5/symbol,,2026-01-30,,Studio Bora Inc.,Uncommon,Trainer,,,,,,,,,,,,,Attacks used by the Pikachu ex this card is attached to do 50 more damage to your opponent's Active Pokémon ex (before applying Weakness and Resistance).,Tool,,I,me02.5-191,191,Light Ball,https://assets.tcgdex.net/en/me/me02.5/191,,https://assets.tcgdex.net/en/me/me02.5/191/low.png,images/2026-01-30_me02.5_me02.5-191_low.png,True,True,True,False,False,,
me02.5,Ascended Heroes,https://assets.tcgdex.net/en/me/me02.5/logo,https://assets.tcgdex.net/univ/me/me02.5/symbol,,2026-01-30,,Atsushi Furusawa,Uncommon,Trainer,,,,,,,,,,,,,"Shuffle your hand into your deck. Then, draw 6 cards. If you have exactly 6 Prize cards remaining, draw 8 cards instead.",Supporter,,I,me02.5-192,192,Lillie's Determination,https://assets.tcgdex.net/en/me/me02.5/192,,https://assets.tcgdex.net/en/me/me02.5/192/low.png,images/2026-01-30_me02.5_me02.5-192_low.png,True,True,True,False,False,,
me02.5,Ascended Heroes,https://assets.tcgdex.net/en/me/me02.5/logo,https://assets.tcgdex.net/univ/me/me02.5/symbol,,2026-01-30,,inose yukie,Common,Trainer,,,,,,,,,,,,,"Search your deck for a Mega Evolution Pokémon ex, reveal it, and put it into your hand. Then, shuffle your deck.",Item,,I,me02.5-193,193,Mega Signal,https://assets.tcgdex.net/en/me/me02.5/193,,https://assets.tcgdex.net/en/me/me02.5/193/low.png,images/2026-01-30_me02.5_me02.5-193_low.png,True,True,True,False,False,,
me02.5,Ascended Heroes,https://assets.tcgdex.net/en/me/me02.5/logo,https://assets.tcgdex.net/univ/me/me02.5/symbol,,2026-01-30,,AYUMI ODASHIMA,Uncommon,Trainer,,,,,,,,,,,,,"Once during each player's turn, that player may discard an Energy card from their hand in order to draw cards until they have as many cards in their hand as they have {P} Pokémon in play.",Stadium,,I,me02.5-194,194,Mystery Garden,https://assets.tcgdex.net/en/me/me02.5/194,,https://assets.tcgdex.net/en/me/me02.5/194/low.png,images/2026-01-30_me02.5_me02.5-194_low.png,True,True,True,False,False,,
me02.5,Ascended Heroes,https://assets.tcgdex.net/en/me/me02.5/logo,https://assets.tcgdex.net/univ/me/me02.5/symbol,,2026-01-30,,Toyste Beach,Uncommon,Trainer,,,,,,,,,,,,,Attach a Basic Energy card from your discard pile to 1 of your Benched N's Pokémon.,Item,,I,me02.5-195,195,N's PP Up,https://assets.tcgdex.net/en/me/me02.5/195,,https://assets.tcgdex.net/en/me/me02.5/195/low.png,images/2026-01-30_me02.5_me02.5-195_low.png,True,True,True,False,False,,
me02.5,Ascended Heroes,https://assets.tcgdex.net/en/me/me02.5/logo,https://assets.tcgdex.net/univ/me/me02.5/symbol,,2026-01-30,,Toyste Beach,Common,Trainer,,,,,,,,,,,,,Put a Pokémon or a Basic Energy card from your discard pile into your hand.,Item,,H,me02.5-196,196,Night Stretcher,https://assets.tcgdex.net/en/me/me02.5/196,,https://assets.tcgdex.net/en/me/me02.5/196/low.png,images/2026-01-30_me02.5_me02.5-196_low.png,True,True,True,False,False,,
me02.5,Ascended Heroes,https://assets.tcgdex.net/en/me/me02.5/logo,https://assets.tcgdex.net/univ/me/me02.5/symbol,,2026-01-30,,Takashi Yamaguchi,Uncommon,Trainer,,,,,,,,,,,,,Attacks used by each Tera Pokémon in play (both yours and your opponent's) cost {C} more.,Stadium,,I,me02.5-197,197,Nighttime Mine,https://assets.tcgdex.net/en/me/me02.5/197,,https://assets.tcgdex.net/en/me/me02.5/197/low.png,images/2026-01-30_me02.5_me02.5-197_low.png,True,True,True,False,False,,
me02.5,Ascended Heroes,https://assets.tcgdex.net/en/me/me02.5/logo,https://assets.tcgdex.net/univ/me/me02.5/symbol,,2026-01-30,,Studio Bora Inc.,Common,Trainer,,,,,,,,,,,,,"Search your deck for a Pokémon that doesn't have a Rule Box, reveal it, and put it into your hand. Then, shuffle your deck. (Pokémon ex, Pokémon V, etc. have Rule Boxes.)",Item,,J,me02.5-198,198,Poké Pad,https://assets.tcgdex.net/en/me/me02.5/198,,https://assets.tcgdex.net/en/me/me02.5/198/low.png,images/2026-01-30_me02.5_me02.5-198_low.png,True,True,True,False,False,,
me02.5,Ascended Heroes,https://assets.tcgdex.net/en/me/me02.5/logo,https://assets.tcgdex.net/univ/me/me02.5/symbol,,2026-01-30,,Toyste Beach,Uncommon,Trainer,,,,,,,,,,,,,"During this turn, attacks used by your {F} Pokémon do 30 more damage to your opponent's Active Pokémon (before applying Weakness and Resistance).",Item,,I,me02.5-199,199,Premium Power Pro,https://assets.tcgdex.net/en/me/me02.5/199,,https://assets.tcgdex.net/en/me/me02.5/199/low.png,images/2026-01-30_me02.5_me02.5-199_low.png,True,True,True,False,False,,
me02.5,Ascended Heroes,https://assets.tcgdex.net/en/me/me02.5/logo,https://assets.tcgdex.net/univ/me/me02.5/symbol,,2026-01-30,,Hideki Ishikawa,Common,Trainer,,,,,,,,,,,,,"Switch your Active Pokémon with 1 of your Benched Pokémon. If you do, draw cards until you have 5 cards in your hand.",Supporter,,H,me02.5-200,200,Surfer,https://assets.tcgdex.net/en/me/me02.5/200,,https://assets.tcgdex.net/en/me/me02.5/200/low.png,images/2026-01-30_me02.5_me02.5-200_low.png,True,True,True,False,False,,
me02.5,Ascended Heroes,https://assets.tcgdex.net/en/me/me02.5/logo,https://assets.tcgdex.net/univ/me/me02.5/symbol,,2026-01-30,,Hideki Ishikawa,Uncommon,Trainer,,,,,,,,,,,,,"You can use this card only if any of your Team Rocket's Pokémon were Knocked Out during your opponent's last turn.

Each player shuffles their hand into their deck. Then, you draw 5 cards, and your opponent draws 3 cards.",Supporter,,I,me02.5-201,201,Team Rocket's Archer,https://assets.tcgdex.net/en/me/me02.5/201,,https://assets.tcgdex.net/en/me/me02.5/201/low.png,images/2026-01-30_me02.5_me02.5-201_low.png,True,True,True,False,False,,
me02.5,Ascended Heroes,https://assets.tcgdex.net/en/me/me02.5/logo,https://assets.tcgdex.net/univ/me/me02.5/symbol,,2026-01-30,,hncl,Uncommon,Trainer,,,,,,,,,,,,,"Draw cards until you have 5 cards in your hand. If all of your Pokémon in play are Team Rocket's Pokémon, draw cards until you have 8 cards in your hand instead.",Supporter,,I,me02.5-202,202,Team Rocket's Ariana,https://assets.tcgdex.net/en/me/me02.5/202,,https://assets.tcgdex.net/en/me/me02.5/202/low.png,images/2026-01-30_me02.5_me02.5-202_low.png,True,True,True,False,False,,
me02.5,Ascended Heroes,https://assets.tcgdex.net/en/me/me02.5/logo,https://assets.tcgdex.net/univ/me/me02.5/symbol,,2026-01-30,,imoniii,Uncommon,Trainer,,,,,,,,,,,,,"Once during each player's turn, if they played a Supporter card that has ""Team Rocket"" in its name from their hand this turn, they may draw 2 cards.",Stadium,,I,me02.5-203,203,Team Rocket's Factory,https://assets.tcgdex.net/en/me/me02.5/203,,https://assets.tcgdex.net/en/me/me02.5/203/low.png,images/2026-01-30_me02.5_me02.5-203_low.png,True,True,True,False,False,,
me02.5,Ascended Heroes,https://assets.tcgdex.net/en/me/me02.5/logo,https://assets.tcgdex.net/univ/me/me02.5/symbol,,2026-01-30,,DOM,Uncommon,Trainer,,,,,,,,,,,,,"Switch your Active Team Rocket's Pokémon with 1 of your Benched Team Rocket's Pokémon. If you do, switch in 1 of your opponent's Benched Pokémon to the Active Spot.",Supporter,,I,me02.5-204,204,Team Rocket's Giovanni,https://assets.tcgdex.net/en/me/me02.5/204,,https://assets.tcgdex.net/en/me/me02.5/204/low.png,images/2026-01-30_me02.5_me02.5-204_low.png,True,True,True,False,False,,
me02.5,Ascended Heroes,https://assets.tcgdex.net/en/me/me02.5/logo,https://assets.tcgdex.net/univ/me/me02.5/symbol,,2026-01-30,,Toyste Beach,Uncommon,Trainer,,,,,,,,,,,,,"Flip a coin. If heads, search your deck for an Evolution Team Rocket's Pokémon, reveal it, and put it into your hand. If tails, search your deck for a Basic Team Rocket's Pokémon, reveal it, and put it into your hand. Then, shuffle your deck.",Item,,I,me02.5-205,205,Team Rocket's Great Ball,https://assets.tcgdex.net/en/me/me02.5/205,,https://assets.tcgdex.net/en/me/me02.5/205/low.png,images/2026-01-30_me02.5_me02.5-205_low.png,True,True,True,False,False,,
me02.5,Ascended Heroes,https://assets.tcgdex.net/en/me/me02.5/logo,https://assets.tcgdex.net/univ/me/me02.5/symbol,,2026-01-30,,Toyste Beach,Uncommon,Trainer,,,,,,,,,,,,,"If the Team Rocket's Pokémon this card is attached to is in the Active Spot and is damaged by an attack from your opponent's Pokémon (even if this Team Rocket's Pokémon is Knocked Out), the Attacking Pokémon is now Asleep.",Tool,,I,me02.5-206,206,Team Rocket's Hypnotizer,https://assets.tcgdex.net/en/me/me02.5/206,,https://assets.tcgdex.net/en/me/me02.5/206/low.png,images/2026-01-30_me02.5_me02.5-206_low.png,True,True,True,False,False,,
me02.5,Ascended Heroes,https://assets.tcgdex.net/en/me/me02.5/logo,https://assets.tcgdex.net/univ/me/me02.5/symbol,,2026-01-30,,GOSSAN,Uncommon,Trainer,,,,,,,,,,,,,"Search your deck for a Trainer card, reveal it, and put it into your hand. Then, shuffle your deck.",Supporter,,I,me02.5-207,207,Team Rocket's Petrel,https://assets.tcgdex.net/en/me/me02.5/207,,https://assets.tcgdex.net/en/me/me02.5/207/low.png,images/2026-01-30_me02.5_me02.5-207_low.png,True,True,True,False,False,,
me02.5,Ascended Heroes,https://assets.tcgdex.net/en/me/me02.5/logo,https://assets.tcgdex.net/univ/me/me02.5/symbol,,2026-01-30,,Naoki Saito,Uncommon,Trainer,,,,,,,,,,,,,"If you go first, you may use this card during your first turn.

Search your deck for up to 3 Basic Team Rocket's Pokémon, reveal them, and put them into your hand. Then, shuffle your deck.",Supporter,,I,me02.5-208,208,Team Rocket's Proton,https://assets.tcgdex.net/en/me/me02.5/208,,https://assets.tcgdex.net/en/me/me02.5/208/low.png,images/2026-01-30_me02.5_me02.5-208_low.png,True,True,True,False,False,,
me02.5,Ascended Heroes,https://assets.tcgdex.net/en/me/me02.5/logo,https://assets.tcgdex.net/univ/me/me02.5/symbol,,2026-01-30,,inose yukie,Uncommon,Trainer,,,,,,,,,,,,,"Search your deck for a Supporter card that has ""Team Rocket"" in its name, reveal it, and put it into your hand. Then, shuffle your deck.",Item,,I,me02.5-209,209,Team Rocket's Transceiver,https://assets.tcgdex.net/en/me/me02.5/209,,https://assets.tcgdex.net/en/me/me02.5/209/low.png,images/2026-01-30_me02.5_me02.5-209_low.png,True,True,True,False,False,,
me02.5,Ascended Heroes,https://assets.tcgdex.net/en/me/me02.5/logo,https://assets.tcgdex.net/univ/me/me02.5/symbol,,2026-01-30,,AYUMI ODASHIMA,Uncommon,Trainer,,,,,,,,,,,,,{C} Pokémon in play (both yours and your opponent's) have no Abilities.,Stadium,,I,me02.5-210,210,Team Rocket's Watchtower,https://assets.tcgdex.net/en/me/me02.5/210,,https://assets.tcgdex.net/en/me/me02.5/210/low.png,images/2026-01-30_me02.5_me02.5-210_low.png,True,True,True,False,False,,
me02.5,Ascended Heroes,https://assets.tcgdex.net/en/me/me02.5/logo,https://assets.tcgdex.net/univ/me/me02.5/symbol,,2026-01-30,,Toyste Beach,Uncommon,Trainer,,,,,,,,,,,,,"The {N} Pokémon this card is attached to takes 50 less damage from attacks from your opponent's {G}, {R}, {W}, or {L} Pokémon (after applying Weakness and Resistance).",Tool,,I,me02.5-211,211,Thick Scale,https://assets.tcgdex.net/en/me/me02.5/211,,https://assets.tcgdex.net/en/me/me02.5/211/low.png,images/2026-01-30_me02.5_me02.5-211_low.png,True,True,True,False,False,,
me02.5,Ascended Heroes,https://assets.tcgdex.net/en/me/me02.5/logo,https://assets.tcgdex.net/univ/me/me02.5/symbol,,2026-01-30,,Studio Bora Inc.,Common,Trainer,,,,,,,,,,,,,Choose up to 2 Pokémon Tools attached to Pokémon (yours or your opponent's) and discard them.,Item,,I,me02.5-212,212,Tool Scrapper,https://assets.tcgdex.net/en/me/me02.5/212,,https://assets.tcgdex.net/en/me/me02.5/212/low.png,images/2026-01-30_me02.5_me02.5-212_low.png,True,True,True,False,False,,
me02.5,Ascended Heroes,https://assets.tcgdex.net/en/me/me02.5/logo,https://assets.tcgdex.net/univ/me/me02.5/symbol,,2026-01-30,,Ayaka Yoshida,Common,Trainer,,,,,,,,,,,,,"You can use this card only if you discard 2 other cards from your hand.
Search your deck for a Pokémon, reveal it, and put it into your hand. Then, shuffle your deck.",Item,,I,me02.5-213,213,Ultra Ball,https://assets.tcgdex.net/en/me/me02.5/213,,https://assets.tcgdex.net/en/me/me02.5/213/low.png,images/2026-01-30_me02.5_me02.5-213_low.png,True,True,True,False,False,,
me02.5,Ascended Heroes,https://assets.tcgdex.net/en/me/me02.5/logo,https://assets.tcgdex.net/univ/me/me02.5/symbol,,2026-01-30,,Teeziro,Uncommon,Trainer,,,,,,,,,,,,,Draw 3 cards.,Supporter,,J,me02.5-214,214,Urbain,https://assets.tcgdex.net/en/me/me02.5/214,,https://assets.tcgdex.net/en/me/me02.5/214/low.png,images/2026-01-30_me02.5_me02.5-214_low.png,True,True,True,False,False,,
me02.5,Ascended Heroes,https://assets.tcgdex.net/en/me/me02.5/logo,https://assets.tcgdex.net/univ/me/me02.5/symbol,,2026-01-30,,Cona Nitanda,Common,Trainer,,,,,,,,,,,,,Look at the top 6 cards of your deck and attach a Basic Energy card you find there to 1 of your Pokémon. Shuffle the other cards back into your deck.,Supporter,,J,me02.5-215,215,Waitress,https://assets.tcgdex.net/en/me/me02.5/215,,https://assets.tcgdex.net/en/me/me02.5/215/low.png,images/2026-01-30_me02.5_me02.5-215_low.png,True,True,True,False,False,,
me02.5,Ascended Heroes,https://assets.tcgdex.net/en/me/me02.5/logo,https://assets.tcgdex.net/univ/me/me02.5/symbol,,2026-01-30,,,Uncommon,Energy,,,,,,,,,,,,,"As long as this card is attached to a Pokémon, it provides {C} Energy.

If this card is attached to a Basic Pokémon, this card provides every type of Energy but provides only 1 Energy at a time.",,Normal,I,me02.5-216,216,Prism Energy,https://assets.tcgdex.net/en/me/me02.5/216,,https://assets.tcgdex.net/en/me/me02.5/216/low.png,images/2026-01-30_me02.5_me02.5-216_low.png,True,True,True,False,False,,
me02.5,Ascended Heroes,https://assets.tcgdex.net/en/me/me02.5/logo,https://assets.tcgdex.net/univ/me/me02.5/symbol,,2026-01-30,,,Uncommon,Energy,,,,,,,,,,,,,"This card can only be attached to a Team Rocket's Pokémon. If this card is attached to anything other than a Team Rocket's Pokémon, discard this card.

As long as this card is attached to a Pokémon, it provides 2 in any combination of {P} Energy and {D} Energy.",,Normal,I,me02.5-217,217,Team Rocket's Energy,https://assets.tcgdex.net/en/me/me02.5/217,,https://assets.tcgdex.net/en/me/me02.5/217/low.png,images/2026-01-30_me02.5_me02.5-217_low.png,True,True,True,False,False,,
me02.5,Ascended Heroes,https://assets.tcgdex.net/en/me/me02.5/logo,https://assets.tcgdex.net/univ/me/me02.5/symbol,,2026-01-30,,buchi,Illustration rare,Pokemon,,80.0,,,,Basic,,,,,,2.0,,,,J,me02.5-218,218,Erika's Tangela,https://assets.tcgdex.net/en/me/me02.5/218,,https://assets.tcgdex.net/en/me/me02.5/218/low.png,images/2026-01-30_me02.5_me02.5-218_low.png,True,True,True,False,False,,
me02.5,Ascended Heroes,https://assets.tcgdex.net/en/me/me02.5/logo,https://assets.tcgdex.net/univ/me/me02.5/symbol,,2026-01-30,,Mori Yuu,Illustration rare,Pokemon,,130.0,,,,Stage2,,,,,,1.0,,,,I,me02.5-219,219,Beautifly,https://assets.tcgdex.net/en/me/me02.5/219,,https://assets.tcgdex.net/en/me/me02.5/219/low.png,images/2026-01-30_me02.5_me02.5-219_low.png,True,True,True,False,False,,
me02.5,Ascended Heroes,https://assets.tcgdex.net/en/me/me02.5/logo,https://assets.tcgdex.net/univ/me/me02.5/symbol,,2026-01-30,,IKEDA Saki,Illustration rare,Pokemon,,140.0,,,,Stage2,,,,,,1.0,,,,I,me02.5-220,220,Dustox,https://assets.tcgdex.net/en/me/me02.5/220,,https://assets.tcgdex.net/en/me/me02.5/220/low.png,images/2026-01-30_me02.5_me02.5-220_low.png,True,True,True,False,False,,
me02.5,Ascended Heroes,https://assets.tcgdex.net/en/me/me02.5/logo,https://assets.tcgdex.net/univ/me/me02.5/symbol,,2026-01-30,,Yoko Hishida,Illustration rare,Pokemon,,30.0,,,,Basic,,,,,,0.0,,,,H,me02.5-221,221,Budew,https://assets.tcgdex.net/en/me/me02.5/221,,https://assets.tcgdex.net/en/me/me02.5/221/low.png,images/2026-01-30_me02.5_me02.5-221_low.png,True,True,True,False,False,,
me02.5,Ascended Heroes,https://assets.tcgdex.net/en/me/me02.5/logo,https://assets.tcgdex.net/univ/me/me02.5/symbol,,2026-01-30,,Hideki Ishikawa,Illustration rare,Pokemon,,130.0,,,,Stage1,,,,,,3.0,,,,I,me02.5-222,222,Ethan's Magcargo,https://assets.tcgdex.net/en/me/me02.5/222,,https://assets.tcgdex.net/en/me/me02.5/222/low.png,images/2026-01-30_me02.5_me02.5-222_low.png,True,True,True,False,False,,
me02.5,Ascended Heroes,https://assets.tcgdex.net/en/me/me02.5/logo,https://assets.tcgdex.net/univ/me/me02.5/symbol,,2026-01-30,,Yoshimi Miyoshi,Illustration rare,Pokemon,,80.0,,,,Basic,,,,,,3.0,,,,I,me02.5-223,223,Numel,https://assets.tcgdex.net/en/me/me02.5/223,,https://assets.tcgdex.net/en/me/me02.5/223/low.png,images/2026-01-30_me02.5_me02.5-223_low.png,True,True,True,False,False,,
me02.5,Ascended Heroes,https://assets.tcgdex.net/en/me/me02.5/logo,https://assets.tcgdex.net/univ/me/me02.5/symbol,,2026-01-30,,Dsuke,Illustration rare,Pokemon,,120.0,,,,Stage1,,,,,,1.0,,,,H,me02.5-224,224,Salazzle,https://assets.tcgdex.net/en/me/me02.5/224,,https://assets.tcgdex.net/en/me/me02.5/224/low.png,images/2026-01-30_me02.5_me02.5-224_low.png,True,True,True,False,False,,
me02.5,Ascended Heroes,https://assets.tcgdex.net/en/me/me02.5/logo,https://assets.tcgdex.net/univ/me/me02.5/symbol,,2026-01-30,,Yuu Nishida,Illustration rare,Pokemon,,70.0,,,,Basic,,,,,,1.0,,,,H,me02.5-225,225,Scorbunny,https://assets.tcgdex.net/en/me/me02.5/225,,https://assets.tcgdex.net/en/me/me02.5/225/low.png,images/2026-01-30_me02.5_me02.5-225_low.png,True,True,True,False,False,,
me02.5,Ascended Heroes,https://assets.tcgdex.net/en/me/me02.5/logo,https://assets.tcgdex.net/univ/me/me02.5/symbol,,2026-01-30,,REND,Illustration rare,Pokemon,,70.0,,,,Basic,,,,,,1.0,,,,I,me02.5-226,226,Psyduck,https://assets.tcgdex.net/en/me/me02.5/226,,https://assets.tcgdex.net/en/me/me02.5/226/low.png,images/2026-01-30_me02.5_me02.5-226_low.png,True,True,True,False,False,,
me02.5,Ascended Heroes,https://assets.tcgdex.net/en/me/me02.5/logo,https://assets.tcgdex.net/univ/me/me02.5/symbol,,2026-01-30,,Dsuke,Illustration rare,Pokemon,,70.0,,,,Basic,,,,,,1.0,,,,I,me02.5-227,227,Snorunt,https://assets.tcgdex.net/en/me/me02.5/227,,https://assets.tcgdex.net/en/me/me02.5/227/low.png,images/2026-01-30_me02.5_me02.5-227_low.png,True,True,True,False,False,,
me02.5,Ascended Heroes,https://assets.tcgdex.net/en/me/me02.5/logo,https://assets.tcgdex.net/univ/me/me02.5/symbol,,2026-01-30,,Uninori,Illustration rare,Pokemon,,100.0,,,,Stage1,,,,,,1.0,,,,H,me02.5-228,228,Weavile,https://assets.tcgdex.net/en/me/me02.5/228,,https://assets.tcgdex.net/en/me/me02.5/228/low.png,images/2026-01-30_me02.5_me02.5-228_low.png,True,True,True,False,False,,
me02.5,Ascended Heroes,https://assets.tcgdex.net/en/me/me02.5/logo,https://assets.tcgdex.net/univ/me/me02.5/symbol,,2026-01-30,,Takeshi Nakamura,Illustration rare,Pokemon,,120.0,,,,Stage1,,,,,,1.0,,,,I,me02.5-229,229,Heliolisk,https://assets.tcgdex.net/en/me/me02.5/229,,https://assets.tcgdex.net/en/me/me02.5/229/low.png,images/2026-01-30_me02.5_me02.5-229_low.png,True,True,True,False,False,,
me02.5,Ascended Heroes,https://assets.tcgdex.net/en/me/me02.5/logo,https://assets.tcgdex.net/univ/me/me02.5/symbol,,2026-01-30,,Tonji Matsuno,Illustration rare,Pokemon,,160.0,,,,Stage2,,,,,,1.0,,,,H,me02.5-230,230,Vikavolt,https://assets.tcgdex.net/en/me/me02.5/230,,https://assets.tcgdex.net/en/me/me02.5/230/low.png,images/2026-01-30_me02.5_me02.5-230_low.png,True,True,True,False,False,,
me02.5,Ascended Heroes,https://assets.tcgdex.net/en/me/me02.5/logo,https://assets.tcgdex.net/univ/me/me02.5/symbol,,2026-01-30,,mingo,Illustration rare,Pokemon,,60.0,,,,Basic,,,,,,1.0,,,,I,me02.5-231,231,Iono's Wattrel,https://assets.tcgdex.net/en/me/me02.5/231,,https://assets.tcgdex.net/en/me/me02.5/231/low.png,images/2026-01-30_me02.5_me02.5-231_low.png,True,True,True,False,False,,
me02.5,Ascended Heroes,https://assets.tcgdex.net/en/me/me02.5/logo,https://assets.tcgdex.net/univ/me/me02.5/symbol,,2026-01-30,,Rond,Illustration rare,Pokemon,,70.0,,,,Basic,,,,,,1.0,,,,J,me02.5-232,232,Marill,https://assets.tcgdex.net/en/me/me02.5/232,,https://assets.tcgdex.net/en/me/me02.5/232/low.png,images/2026-01-30_me02.5_me02.5-232_low.png,True,True,True,False,False,,
me02.5,Ascended Heroes,https://assets.tcgdex.net/en/me/me02.5/logo,https://assets.tcgdex.net/univ/me/me02.5/symbol,,2026-01-30,,mashu,Illustration rare,Pokemon,,60.0,,,,Basic,,,,,,1.0,,,,I,me02.5-233,233,Misdreavus,https://assets.tcgdex.net/en/me/me02.5/233,,https://assets.tcgdex.net/en/me/me02.5/233/low.png,images/2026-01-30_me02.5_me02.5-233_low.png,True,True,True,False,False,,
me02.5,Ascended Heroes,https://assets.tcgdex.net/en/me/me02.5/logo,https://assets.tcgdex.net/univ/me/me02.5/symbol,,2026-01-30,,YASHIRO Nanaco,Illustration rare,Pokemon,,90.0,,,,Stage1,,,,,,1.0,,,,I,me02.5-234,234,Banette,https://assets.tcgdex.net/en/me/me02.5/234,,https://assets.tcgdex.net/en/me/me02.5/234/low.png,images/2026-01-30_me02.5_me02.5-234_low.png,True,True,True,False,False,,
me02.5,Ascended Heroes,https://assets.tcgdex.net/en/me/me02.5/logo,https://assets.tcgdex.net/univ/me/me02.5/symbol,,2026-01-30,,satoma,Illustration rare,Pokemon,,140.0,,,,Stage2,,,,,,1.0,,,,H,me02.5-235,235,Togekiss,https://assets.tcgdex.net/en/me/me02.5/235,,https://assets.tcgdex.net/en/me/me02.5/235/low.png,images/2026-01-30_me02.5_me02.5-235_low.png,True,True,True,False,False,,
me02.5,Ascended Heroes,https://assets.tcgdex.net/en/me/me02.5/logo,https://assets.tcgdex.net/univ/me/me02.5/symbol,,2026-01-30,,Yoshimoto Yoshimon,Illustration rare,Pokemon,,120.0,,,,Stage1,,,,,,2.0,,,,J,me02.5-236,236,Slurpuff,https://assets.tcgdex.net/en/me/me02.5/236,,https://assets.tcgdex.net/en/me/me02.5/236/low.png,images/2026-01-30_me02.5_me02.5-236_low.png,True,True,True,False,False,,
me02.5,Ascended Heroes,https://assets.tcgdex.net/en/me/me02.5/logo,https://assets.tcgdex.net/univ/me/me02.5/symbol,,2026-01-30,,Tomowaka,Illustration rare,Pokemon,,140.0,,,,Stage1,,,,,,2.0,,,,I,me02.5-237,237,Hop's Trevenant,https://assets.tcgdex.net/en/me/me02.5/237,,https://assets.tcgdex.net/en/me/me02.5/237/low.png,images/2026-01-30_me02.5_me02.5-237_low.png,True,True,True,False,False,,
me02.5,Ascended Heroes,https://assets.tcgdex.net/en/me/me02.5/logo,https://assets.tcgdex.net/univ/me/me02.5/symbol,,2026-01-30,,GOSSAN,Illustration rare,Pokemon,,60.0,,,,Basic,,,,,,0.0,,,,I,me02.5-238,238,Team Rocket's Mimikyu,https://assets.tcgdex.net/en/me/me02.5/238,,https://assets.tcgdex.net/en/me/me02.5/238/low.png,images/2026-01-30_me02.5_me02.5-238_low.png,True,True,True,False,False,,
me02.5,Ascended Heroes,https://assets.tcgdex.net/en/me/me02.5/logo,https://assets.tcgdex.net/univ/me/me02.5/symbol,,2026-01-30,,Whisker,Illustration rare,Pokemon,,100.0,,,,Stage1,,,,,,1.0,,,,I,me02.5-239,239,Team Rocket's Dugtrio,https://assets.tcgdex.net/en/me/me02.5/239,,https://assets.tcgdex.net/en/me/me02.5/239/low.png,images/2026-01-30_me02.5_me02.5-239_low.png,True,True,True,False,False,,
me02.5,Ascended Heroes,https://assets.tcgdex.net/en/me/me02.5/logo,https://assets.tcgdex.net/univ/me/me02.5/symbol,,2026-01-30,,osare,Illustration rare,Pokemon,,100.0,,,,Basic,,,,,,1.0,,,,J,me02.5-240,240,Hitmontop,https://assets.tcgdex.net/en/me/me02.5/240,,https://assets.tcgdex.net/en/me/me02.5/240/low.png,images/2026-01-30_me02.5_me02.5-240_low.png,True,True,True,False,False,,
me02.5,Ascended Heroes,https://assets.tcgdex.net/en/me/me02.5/logo,https://assets.tcgdex.net/univ/me/me02.5/symbol,,2026-01-30,,KEIICHIRO ITO,Illustration rare,Pokemon,,120.0,,,,Stage1,,,,,,1.0,,,,I,me02.5-241,241,Medicham,https://assets.tcgdex.net/en/me/me02.5/241,,https://assets.tcgdex.net/en/me/me02.5/241/low.png,images/2026-01-30_me02.5_me02.5-241_low.png,True,True,True,False,False,,
me02.5,Ascended Heroes,https://assets.tcgdex.net/en/me/me02.5/logo,https://assets.tcgdex.net/univ/me/me02.5/symbol,,2026-01-30,,sui,Illustration rare,Pokemon,,90.0,,,,Basic,,,,,,1.0,,,,J,me02.5-242,242,Carbink,https://assets.tcgdex.net/en/me/me02.5/242,,https://assets.tcgdex.net/en/me/me02.5/242/low.png,images/2026-01-30_me02.5_me02.5-242_low.png,True,True,True,False,False,,
me02.5,Ascended Heroes,https://assets.tcgdex.net/en/me/me02.5/logo,https://assets.tcgdex.net/univ/me/me02.5/symbol,,2026-01-30,,Yano Keiji,Illustration rare,Pokemon,,120.0,,,,Stage1,,,,,,2.0,,,,H,me02.5-243,243,Mightyena,https://assets.tcgdex.net/en/me/me02.5/243,,https://assets.tcgdex.net/en/me/me02.5/243/low.png,images/2026-01-30_me02.5_me02.5-243_low.png,True,True,True,False,False,,
me02.5,Ascended Heroes,https://assets.tcgdex.net/en/me/me02.5/logo,https://assets.tcgdex.net/univ/me/me02.5/symbol,,2026-01-30,,hncl,Illustration rare,Pokemon,,70.0,,,,Basic,,,,,,1.0,,,,I,me02.5-244,244,Cynthia's Spiritomb,https://assets.tcgdex.net/en/me/me02.5/244,,https://assets.tcgdex.net/en/me/me02.5/244/low.png,images/2026-01-30_me02.5_me02.5-244_low.png,True,True,True,False,False,,
me02.5,Ascended Heroes,https://assets.tcgdex.net/en/me/me02.5/logo,https://assets.tcgdex.net/univ/me/me02.5/symbol,,2026-01-30,,Krgc,Illustration rare,Pokemon,,170.0,,,,Stage2,,,,,,2.0,,,,I,me02.5-245,245,Galarian Obstagoon,https://assets.tcgdex.net/en/me/me02.5/245,,https://assets.tcgdex.net/en/me/me02.5/245/low.png,images/2026-01-30_me02.5_me02.5-245_low.png,True,True,True,False,False,,
me02.5,Ascended Heroes,https://assets.tcgdex.net/en/me/me02.5/logo,https://assets.tcgdex.net/univ/me/me02.5/symbol,,2026-01-30,,sowsow,Illustration rare,Pokemon,,90.0,,,,Basic,,,,,,1.0,,,,J,me02.5-246,246,Mawile,https://assets.tcgdex.net/en/me/me02.5/246,,https://assets.tcgdex.net/en/me/me02.5/246/low.png,images/2026-01-30_me02.5_me02.5-246_low.png,True,True,True,False,False,,
me02.5,Ascended Heroes,https://assets.tcgdex.net/en/me/me02.5/logo,https://assets.tcgdex.net/univ/me/me02.5/symbol,,2026-01-30,,Jerky,Illustration rare,Pokemon,,70.0,,,,Basic,,,,,,1.0,,,,H,me02.5-247,247,Dreepy,https://assets.tcgdex.net/en/me/me02.5/247,,https://assets.tcgdex.net/en/me/me02.5/247/low.png,images/2026-01-30_me02.5_me02.5-247_low.png,True,True,True,False,False,,
me02.5,Ascended Heroes,https://assets.tcgdex.net/en/me/me02.5/logo,https://assets.tcgdex.net/univ/me/me02.5/symbol,,2026-01-30,,Jerky,Illustration rare,Pokemon,,90.0,,,,Stage1,,,,,,1.0,,,,H,me02.5-248,248,Drakloak,https://assets.tcgdex.net/en/me/me02.5/248,,https://assets.tcgdex.net/en/me/me02.5/248/low.png,images/2026-01-30_me02.5_me02.5-248_low.png,True,True,True,False,False,,
me02.5,Ascended Heroes,https://assets.tcgdex.net/en/me/me02.5/logo,https://assets.tcgdex.net/univ/me/me02.5/symbol,,2026-01-30,,kantaro,Illustration rare,Pokemon,,150.0,,,,Stage2,,,,,,1.0,,,,J,me02.5-249,249,Larry's Staraptor,https://assets.tcgdex.net/en/me/me02.5/249,,https://assets.tcgdex.net/en/me/me02.5/249/low.png,images/2026-01-30_me02.5_me02.5-249_low.png,True,True,True,False,False,,
me02.5,Ascended Heroes,https://assets.tcgdex.net/en/me/me02.5/logo,https://assets.tcgdex.net/univ/me/me02.5/symbol,,2026-01-30,,Yukihiro Tada,Illustration rare,Pokemon,,70.0,,,,Basic,,,,,,1.0,,,,H,me02.5-250,250,Fan Rotom,https://assets.tcgdex.net/en/me/me02.5/250,,https://assets.tcgdex.net/en/me/me02.5/250/low.png,images/2026-01-30_me02.5_me02.5-250_low.png,True,True,True,False,False,,
me02.5,Ascended Heroes,https://assets.tcgdex.net/en/me/me02.5/logo,https://assets.tcgdex.net/univ/me/me02.5/symbol,,2026-01-30,,5ban Graphics,Ultra Rare,Pokemon,,200.0,,,,Basic,,,,,,1.0,,,,H,me02.5-251,251,Sprigatito ex,https://assets.tcgdex.net/en/me/me02.5/251,,https://assets.tcgdex.net/en/me/me02.5/251/low.png,images/2026-01-30_me02.5_me02.5-251_low.png,True,True,True,False,False,,
me02.5,Ascended Heroes,https://assets.tcgdex.net/en/me/me02.5/logo,https://assets.tcgdex.net/univ/me/me02.5/symbol,,2026-01-30,,5ban Graphics,Ultra Rare,Pokemon,,210.0,,,,Basic,,,,,,2.0,,,,J,me02.5-252,252,Stunfisk ex,https://assets.tcgdex.net/en/me/me02.5/252,,https://assets.tcgdex.net/en/me/me02.5/252/low.png,images/2026-01-30_me02.5_me02.5-252_low.png,True,True,True,False,False,,
me02.5,Ascended Heroes,https://assets.tcgdex.net/en/me/me02.5/logo,https://assets.tcgdex.net/univ/me/me02.5/symbol,,2026-01-30,,5ban Graphics,Ultra Rare,Pokemon,,270.0,,,,Basic,,,,,,1.0,,,,J,me02.5-253,253,Mega Audino ex,https://assets.tcgdex.net/en/me/me02.5/253,,https://assets.tcgdex.net/en/me/me02.5/253/low.png,images/2026-01-30_me02.5_me02.5-253_low.png,True,True,True,False,False,,
me02.5,Ascended Heroes,https://assets.tcgdex.net/en/me/me02.5/logo,https://assets.tcgdex.net/univ/me/me02.5/symbol,,2026-01-30,,Sanosuke Sakuma,Ultra Rare,Trainer,,,,,,,,,,,,,"You can use this card only if you have N's Darmanitan, N's Zoroark ex, N's Vanilluxe, N's Klinklang, N's Reshiram, and N's Zekrom in play.

During this turn, if your opponent's Active Pokémon is Knocked Out by damage from an attack used by your N's Pokémon, take 3 more Prize cards.",Supporter,,I,me02.5-254,254,Anthea & Concordia,https://assets.tcgdex.net/en/me/me02.5/254,,https://assets.tcgdex.net/en/me/me02.5/254/low.png,images/2026-01-30_me02.5_me02.5-254_low.png,True,True,True,False,False,,
me02.5,Ascended Heroes,https://assets.tcgdex.net/en/me/me02.5/logo,https://assets.tcgdex.net/univ/me/me02.5/symbol,,2026-01-30,,GOSSAN,Ultra Rare,Trainer,,,,,,,,,,,,,"During this turn, attacks used by your Pokémon do 40 more damage to your opponent's Active Pokémon ex (before applying Weakness and Resistance).",Supporter,,H,me02.5-255,255,Black Belt's Training,https://assets.tcgdex.net/en/me/me02.5/255,,https://assets.tcgdex.net/en/me/me02.5/255/low.png,images/2026-01-30_me02.5_me02.5-255_low.png,True,True,True,False,False,,
me02.5,Ascended Heroes,https://assets.tcgdex.net/en/me/me02.5/logo,https://assets.tcgdex.net/univ/me/me02.5/symbol,,2026-01-30,,akagi,Ultra Rare,Trainer,,,,,,,,,,,,,Switch in 1 of your opponent's Benched Pokémon to the Active Spot.,Supporter,,I,me02.5-256,256,Boss's Orders,https://assets.tcgdex.net/en/me/me02.5/256,,https://assets.tcgdex.net/en/me/me02.5/256/low.png,images/2026-01-30_me02.5_me02.5-256_low.png,True,True,True,False,False,,
me02.5,Ascended Heroes,https://assets.tcgdex.net/en/me/me02.5/logo,https://assets.tcgdex.net/univ/me/me02.5/symbol,,2026-01-30,,Naoki Saito,Ultra Rare,Trainer,,,,,,,,,,,,,"You can use this card only if you discard another card from your hand.

Search your deck for up to 4 {L} Pokémon, reveal them, and put them into your hand. Then, shuffle your deck.",Supporter,,I,me02.5-257,257,Canari,https://assets.tcgdex.net/en/me/me02.5/257,,https://assets.tcgdex.net/en/me/me02.5/257/low.png,images/2026-01-30_me02.5_me02.5-257_low.png,True,True,True,False,False,,
me02.5,Ascended Heroes,https://assets.tcgdex.net/en/me/me02.5/logo,https://assets.tcgdex.net/univ/me/me02.5/symbol,,2026-01-30,,REND,Ultra Rare,Trainer,,,,,,,,,,,,,Draw 3 cards.,Supporter,,I,me02.5-258,258,Cheren,https://assets.tcgdex.net/en/me/me02.5/258,,https://assets.tcgdex.net/en/me/me02.5/258/low.png,images/2026-01-30_me02.5_me02.5-258_low.png,True,True,True,False,False,,
me02.5,Ascended Heroes,https://assets.tcgdex.net/en/me/me02.5/logo,https://assets.tcgdex.net/univ/me/me02.5/symbol,,2026-01-30,,Toyste Beach,Ultra Rare,Trainer,,,,,,,,,,,,,"If you have more Prize cards remaining than your opponent, attacks used by the Pokémon this card is attached to cost {C} less.",Tool,,H,me02.5-259,259,Counter Gain,https://assets.tcgdex.net/en/me/me02.5/259,,https://assets.tcgdex.net/en/me/me02.5/259/low.png,images/2026-01-30_me02.5_me02.5-259_low.png,True,True,True,False,False,,
me02.5,Ascended Heroes,https://assets.tcgdex.net/en/me/me02.5/logo,https://assets.tcgdex.net/univ/me/me02.5/symbol,,2026-01-30,,Toyste Beach,Ultra Rare,Trainer,,,,,,,,,,,,,"You can use this card only if you have any Tera Pokémon in play.

Choose up to 2 of your Benched {C} Pokémon and attach a Basic Energy card from your discard pile to each of them.",Item,,H,me02.5-260,260,Glass Trumpet,https://assets.tcgdex.net/en/me/me02.5/260,,https://assets.tcgdex.net/en/me/me02.5/260/low.png,images/2026-01-30_me02.5_me02.5-260_low.png,True,True,True,False,False,,
me02.5,Ascended Heroes,https://assets.tcgdex.net/en/me/me02.5/logo,https://assets.tcgdex.net/univ/me/me02.5/symbol,,2026-01-30,,AYUMI ODASHIMA,Ultra Rare,Trainer,,,,,,,,,,,,,Pokémon Tools attached to each Pokémon (both yours and your opponent's) have no effect.,Stadium,,H,me02.5-261,261,Jamming Tower,https://assets.tcgdex.net/en/me/me02.5/261,,https://assets.tcgdex.net/en/me/me02.5/261/low.png,images/2026-01-30_me02.5_me02.5-261_low.png,True,True,True,False,False,,
me02.5,Ascended Heroes,https://assets.tcgdex.net/en/me/me02.5/logo,https://assets.tcgdex.net/univ/me/me02.5/symbol,,2026-01-30,,Toyste Beach,Ultra Rare,Trainer,,,,,,,,,,,,,Attach a Basic Energy card from your discard pile to 1 of your Benched N's Pokémon.,Item,,I,me02.5-262,262,N's PP Up,https://assets.tcgdex.net/en/me/me02.5/262,,https://assets.tcgdex.net/en/me/me02.5/262/low.png,images/2026-01-30_me02.5_me02.5-262_low.png,True,True,True,False,False,,
me02.5,Ascended Heroes,https://assets.tcgdex.net/en/me/me02.5/logo,https://assets.tcgdex.net/univ/me/me02.5/symbol,,2026-01-30,,inose yukie,Ultra Rare,Trainer,,,,,,,,,,,,,"Search your deck for a Supporter card that has ""Team Rocket"" in its name, reveal it, and put it into your hand. Then, shuffle your deck.",Item,,I,me02.5-263,263,Team Rocket's Transceiver,https://assets.tcgdex.net/en/me/me02.5/263,,https://assets.tcgdex.net/en/me/me02.5/263/low.png,images/2026-01-30_me02.5_me02.5-263_low.png,True,True,True,False,False,,
me02.5,Ascended Heroes,https://assets.tcgdex.net/en/me/me02.5/logo,https://assets.tcgdex.net/univ/me/me02.5/symbol,,2026-01-30,,Studio Bora Inc.,Ultra Rare,Trainer,,,,,,,,,,,,,"You can use this card only if you discard 2 other cards from your hand.
Search your deck for a Pokémon, reveal it, and put it into your hand. Then, shuffle your deck.",Item,,I,me02.5-264,264,Ultra Ball,https://assets.tcgdex.net/en/me/me02.5/264,,https://assets.tcgdex.net/en/me/me02.5/264/low.png,images/2026-01-30_me02.5_me02.5-264_low.png,True,True,True,False,False,,
me02.5,Ascended Heroes,https://assets.tcgdex.net/en/me/me02.5/logo,https://assets.tcgdex.net/univ/me/me02.5/symbol,,2026-01-30,,Saboteri,Ultra Rare,Pokemon,,310.0,,,,Stage1,,,,,,1.0,,,,I,me02.5-265,265,Mega Froslass ex,https://assets.tcgdex.net/en/me/me02.5/265,,https://assets.tcgdex.net/en/me/me02.5/265/low.png,images/2026-01-30_me02.5_me02.5-265_low.png,True,True,True,False,False,,
me02.5,Ascended Heroes,https://assets.tcgdex.net/en/me/me02.5/logo,https://assets.tcgdex.net/univ/me/me02.5/symbol,,2026-01-30,,DOM,Ultra Rare,Pokemon,,350.0,,,,Stage2,,,,,,2.0,,,,I,me02.5-266,266,Mega Eelektross ex,https://assets.tcgdex.net/en/me/me02.5/266,,https://assets.tcgdex.net/en/me/me02.5/266/low.png,images/2026-01-30_me02.5_me02.5-266_low.png,True,True,True,False,False,,
me02.5,Ascended Heroes,https://assets.tcgdex.net/en/me/me02.5/logo,https://assets.tcgdex.net/univ/me/me02.5/symbol,,2026-01-30,,DOM,Ultra Rare,Pokemon,,270.0,,,,Basic,,,,,,1.0,,,,I,me02.5-267,267,Mega Diancie ex,https://assets.tcgdex.net/en/me/me02.5/267,,https://assets.tcgdex.net/en/me/me02.5/267/low.png,images/2026-01-30_me02.5_me02.5-267_low.png,True,True,True,False,False,,
me02.5,Ascended Heroes,https://assets.tcgdex.net/en/me/me02.5/logo,https://assets.tcgdex.net/univ/me/me02.5/symbol,,2026-01-30,,Taiga Kasai,Ultra Rare,Pokemon,,250.0,,,,Basic,,,,,,1.0,,,,I,me02.5-268,268,Mega Hawlucha ex,https://assets.tcgdex.net/en/me/me02.5/268,,https://assets.tcgdex.net/en/me/me02.5/268/low.png,images/2026-01-30_me02.5_me02.5-268_low.png,True,True,True,False,False,,
me02.5,Ascended Heroes,https://assets.tcgdex.net/en/me/me02.5/logo,https://assets.tcgdex.net/univ/me/me02.5/symbol,,2026-01-30,,Taiga Kasai,Ultra Rare,Pokemon,,350.0,,,,Stage2,,,,,,2.0,,,,I,me02.5-269,269,Mega Gengar ex,https://assets.tcgdex.net/en/me/me02.5/269,,https://assets.tcgdex.net/en/me/me02.5/269/low.png,images/2026-01-30_me02.5_me02.5-269_low.png,True,True,True,False,False,,
me02.5,Ascended Heroes,https://assets.tcgdex.net/en/me/me02.5/logo,https://assets.tcgdex.net/univ/me/me02.5/symbol,,2026-01-30,,Taiga Kasai,Ultra Rare,Pokemon,,330.0,,,,Stage1,,,,,,2.0,,,,I,me02.5-270,270,Mega Scrafty ex,https://assets.tcgdex.net/en/me/me02.5/270,,https://assets.tcgdex.net/en/me/me02.5/270/low.png,images/2026-01-30_me02.5_me02.5-270_low.png,True,True,True,False,False,,
me02.5,Ascended Heroes,https://assets.tcgdex.net/en/me/me02.5/logo,https://assets.tcgdex.net/univ/me/me02.5/symbol,,2026-01-30,,DOM,Ultra Rare,Pokemon,,370.0,,,,Stage2,,,,,,2.0,,,,I,me02.5-271,271,Mega Dragonite ex,https://assets.tcgdex.net/en/me/me02.5/271,,https://assets.tcgdex.net/en/me/me02.5/271/low.png,images/2026-01-30_me02.5_me02.5-271_low.png,True,True,True,False,False,,
me02.5,Ascended Heroes,https://assets.tcgdex.net/en/me/me02.5/logo,https://assets.tcgdex.net/univ/me/me02.5/symbol,,2026-01-30,,Tika Matsuno,Special illustration rare,Pokemon,,360.0,,,,Stage2,,,,,,2.0,,,,J,me02.5-272,272,Mega Meganium ex,https://assets.tcgdex.net/en/me/me02.5/272,,https://assets.tcgdex.net/en/me/me02.5/272/low.png,images/2026-01-30_me02.5_me02.5-272_low.png,True,True,True,False,False,,
me02.5,Ascended Heroes,https://assets.tcgdex.net/en/me/me02.5/logo,https://assets.tcgdex.net/univ/me/me02.5/symbol,,2026-01-30,,nagimiso,Special illustration rare,Pokemon,,380.0,,,,Stage2,,,,,,4.0,,,,J,me02.5-273,273,Mega Emboar ex,https://assets.tcgdex.net/en/me/me02.5/273,,https://assets.tcgdex.net/en/me/me02.5/273/low.png,images/2026-01-30_me02.5_me02.5-273_low.png,True,True,True,False,False,,
me02.5,Ascended Heroes,https://assets.tcgdex.net/en/me/me02.5/logo,https://assets.tcgdex.net/univ/me/me02.5/symbol,,2026-01-30,,Souichirou Gunjima,Special illustration rare,Pokemon,,370.0,,,,Stage2,,,,,,3.0,,,,J,me02.5-274,274,Mega Feraligatr ex,https://assets.tcgdex.net/en/me/me02.5/274,,https://assets.tcgdex.net/en/me/me02.5/274/low.png,images/2026-01-30_me02.5_me02.5-274_low.png,True,True,True,False,False,,
me02.5,Ascended Heroes,https://assets.tcgdex.net/en/me/me02.5/logo,https://assets.tcgdex.net/univ/me/me02.5/symbol,,2026-01-30,,Teeziro,Special illustration rare,Pokemon,,310.0,,,,Stage1,,,,,,1.0,,,,I,me02.5-275,275,Mega Froslass ex,https://assets.tcgdex.net/en/me/me02.5/275,,https://assets.tcgdex.net/en/me/me02.5/275/low.png,images/2026-01-30_me02.5_me02.5-275_low.png,True,True,True,False,False,,
me02.5,Ascended Heroes,https://assets.tcgdex.net/en/me/me02.5/logo,https://assets.tcgdex.net/univ/me/me02.5/symbol,,2026-01-30,,booota,Special illustration rare,Pokemon,,200.0,,,,Basic,,,,,,1.0,,,,H,me02.5-276,276,Pikachu ex,https://assets.tcgdex.net/en/me/me02.5/276,,https://assets.tcgdex.net/en/me/me02.5/276/low.png,images/2026-01-30_me02.5_me02.5-276_low.png,True,True,True,False,False,,
me02.5,Ascended Heroes,https://assets.tcgdex.net/en/me/me02.5/logo,https://assets.tcgdex.net/univ/me/me02.5/symbol,,2026-01-30,,James Turner,Special illustration rare,Pokemon,,200.0,,,,Basic,,,,,,1.0,,,,H,me02.5-277,277,Pikachu ex,https://assets.tcgdex.net/en/me/me02.5/277,,https://assets.tcgdex.net/en/me/me02.5/277/low.png,images/2026-01-30_me02.5_me02.5-277_low.png,True,True,True,False,False,,
me02.5,Ascended Heroes,https://assets.tcgdex.net/en/me/me02.5/logo,https://assets.tcgdex.net/univ/me/me02.5/symbol,,2026-01-30,,akagi,Special illustration rare,Pokemon,,350.0,,,,Stage2,,,,,,2.0,,,,I,me02.5-278,278,Mega Eelektross ex,https://assets.tcgdex.net/en/me/me02.5/278,,https://assets.tcgdex.net/en/me/me02.5/278/low.png,images/2026-01-30_me02.5_me02.5-278_low.png,True,True,True,False,False,,
me02.5,Ascended Heroes,https://assets.tcgdex.net/en/me/me02.5/logo,https://assets.tcgdex.net/univ/me/me02.5/symbol,,2026-01-30,,Akira Komayama,Special illustration rare,Pokemon,,280.0,,,,Stage1,,,,,,2.0,,,,I,me02.5-279,279,Iono's Bellibolt ex,https://assets.tcgdex.net/en/me/me02.5/279,,https://assets.tcgdex.net/en/me/me02.5/279/low.png,images/2026-01-30_me02.5_me02.5-279_low.png,True,True,True,False,False,,
me02.5,Ascended Heroes,https://assets.tcgdex.net/en/me/me02.5/logo,https://assets.tcgdex.net/univ/me/me02.5/symbol,,2026-01-30,,Naoki Saito,Special illustration rare,Pokemon,,190.0,,,,Basic,,,,,,1.0,,,,I,me02.5-280,280,Lillie's Clefairy ex,https://assets.tcgdex.net/en/me/me02.5/280,,https://assets.tcgdex.net/en/me/me02.5/280/low.png,images/2026-01-30_me02.5_me02.5-280_low.png,True,True,True,False,False,,
me02.5,Ascended Heroes,https://assets.tcgdex.net/en/me/me02.5/logo,https://assets.tcgdex.net/univ/me/me02.5/symbol,,2026-01-30,,Mitsuhiro Arita,Special illustration rare,Pokemon,,280.0,,,,Basic,,,,,,3.0,,,,I,me02.5-281,281,Team Rocket's Mewtwo ex,https://assets.tcgdex.net/en/me/me02.5/281,,https://assets.tcgdex.net/en/me/me02.5/281/low.png,images/2026-01-30_me02.5_me02.5-281_low.png,True,True,True,False,False,,
me02.5,Ascended Heroes,https://assets.tcgdex.net/en/me/me02.5/logo,https://assets.tcgdex.net/univ/me/me02.5/symbol,,2026-01-30,,Narano,Special illustration rare,Pokemon,,270.0,,,,Basic,,,,,,1.0,,,,I,me02.5-282,282,Mega Diancie ex,https://assets.tcgdex.net/en/me/me02.5/282,,https://assets.tcgdex.net/en/me/me02.5/282/low.png,images/2026-01-30_me02.5_me02.5-282_low.png,True,True,True,False,False,,
me02.5,Ascended Heroes,https://assets.tcgdex.net/en/me/me02.5/logo,https://assets.tcgdex.net/univ/me/me02.5/symbol,,2026-01-30,,AKIRA EGAWA,Special illustration rare,Pokemon,,250.0,,,,Basic,,,,,,1.0,,,,I,me02.5-283,283,Mega Hawlucha ex,https://assets.tcgdex.net/en/me/me02.5/283,,https://assets.tcgdex.net/en/me/me02.5/283/low.png,images/2026-01-30_me02.5_me02.5-283_low.png,True,True,True,False,False,,
me02.5,Ascended Heroes,https://assets.tcgdex.net/en/me/me02.5/logo,https://assets.tcgdex.net/univ/me/me02.5/symbol,,2026-01-30,,danciao,Special illustration rare,Pokemon,,350.0,,,,Stage2,,,,,,2.0,,,,I,me02.5-284,284,Mega Gengar ex,https://assets.tcgdex.net/en/me/me02.5/284,,https://assets.tcgdex.net/en/me/me02.5/284/low.png,images/2026-01-30_me02.5_me02.5-284_low.png,True,True,True,False,False,,
me02.5,Ascended Heroes,https://assets.tcgdex.net/en/me/me02.5/logo,https://assets.tcgdex.net/univ/me/me02.5/symbol,,2026-01-30,,nagimiso,Special illustration rare,Pokemon,,330.0,,,,Stage1,,,,,,2.0,,,,I,me02.5-285,285,Mega Scrafty ex,https://assets.tcgdex.net/en/me/me02.5/285,,https://assets.tcgdex.net/en/me/me02.5/285/low.png,images/2026-01-30_me02.5_me02.5-285_low.png,True,True,True,False,False,,
me02.5,Ascended Heroes,https://assets.tcgdex.net/en/me/me02.5/logo,https://assets.tcgdex.net/univ/me/me02.5/symbol,,2026-01-30,,Raita Kazama,Special illustration rare,Pokemon,,280.0,,,,Stage1,,,,,,2.0,,,,I,me02.5-286,286,N's Zoroark ex,https://assets.tcgdex.net/en/me/me02.5/286,,https://assets.tcgdex.net/en/me/me02.5/286/low.png,images/2026-01-30_me02.5_me02.5-286_low.png,True,True,True,False,False,,
me02.5,Ascended Heroes,https://assets.tcgdex.net/en/me/me02.5/logo,https://assets.tcgdex.net/univ/me/me02.5/symbol,,2026-01-30,,Ligton,Special illustration rare,Pokemon,,320.0,,,,Stage2,,,,,,2.0,,,,I,me02.5-287,287,Marnie's Grimmsnarl ex,https://assets.tcgdex.net/en/me/me02.5/287,,https://assets.tcgdex.net/en/me/me02.5/287/low.png,images/2026-01-30_me02.5_me02.5-287_low.png,True,True,True,False,False,,
me02.5,Ascended Heroes,https://assets.tcgdex.net/en/me/me02.5/logo,https://assets.tcgdex.net/univ/me/me02.5/symbol,,2026-01-30,,SIE NANAHARA,Special illustration rare,Pokemon,,210.0,,,,Basic,,,,,,1.0,,,,H,me02.5-288,288,Fezandipiti ex,https://assets.tcgdex.net/en/me/me02.5/288,,https://assets.tcgdex.net/en/me/me02.5/288/low.png,images/2026-01-30_me02.5_me02.5-288_low.png,True,True,True,False,False,,
me02.5,Ascended Heroes,https://assets.tcgdex.net/en/me/me02.5/logo,https://assets.tcgdex.net/univ/me/me02.5/symbol,,2026-01-30,,chibi,Special illustration rare,Pokemon,,340.0,,,,Stage2,,,,,,3.0,,,,I,me02.5-289,289,Steven's Metagross ex,https://assets.tcgdex.net/en/me/me02.5/289,,https://assets.tcgdex.net/en/me/me02.5/289/low.png,images/2026-01-30_me02.5_me02.5-289_low.png,True,True,True,False,False,,
me02.5,Ascended Heroes,https://assets.tcgdex.net/en/me/me02.5/logo,https://assets.tcgdex.net/univ/me/me02.5/symbol,,2026-01-30,,DOM,Special illustration rare,Pokemon,,370.0,,,,Stage2,,,,,,2.0,,,,I,me02.5-290,290,Mega Dragonite ex,https://assets.tcgdex.net/en/me/me02.5/290,,https://assets.tcgdex.net/en/me/me02.5/290/low.png,images/2026-01-30_me02.5_me02.5-290_low.png,True,True,True,False,False,,
me02.5,Ascended Heroes,https://assets.tcgdex.net/en/me/me02.5/logo,https://assets.tcgdex.net/univ/me/me02.5/symbol,,2026-01-30,,kantaro,Special illustration rare,Trainer,,,,,,,,,,,,,"You can use this card only if you discard another card from your hand.

Search your deck for up to 4 {L} Pokémon, reveal them, and put them into your hand. Then, shuffle your deck.",Supporter,,I,me02.5-291,291,Canari,https://assets.tcgdex.net/en/me/me02.5/291,,https://assets.tcgdex.net/en/me/me02.5/291/low.png,images/2026-01-30_me02.5_me02.5-291_low.png,True,True,True,False,False,,
me02.5,Ascended Heroes,https://assets.tcgdex.net/en/me/me02.5/logo,https://assets.tcgdex.net/univ/me/me02.5/symbol,,2026-01-30,,Kuroimori,Special illustration rare,Trainer,,,,,,,,,,,,,"You can use this card only if you discard another card from your hand.

Draw cards until you have 6 cards in your hand.",Supporter,,I,me02.5-292,292,Iris's Fighting Spirit,https://assets.tcgdex.net/en/me/me02.5/292,,https://assets.tcgdex.net/en/me/me02.5/292/low.png,images/2026-01-30_me02.5_me02.5-292_low.png,True,True,True,False,False,,
me02.5,Ascended Heroes,https://assets.tcgdex.net/en/me/me02.5/logo,https://assets.tcgdex.net/univ/me/me02.5/symbol,,2026-01-30,,OKUBO,Special illustration rare,Trainer,,,,,,,,,,,,,"Switch your Active Pokémon with 1 of your Benched Pokémon. If you do, draw cards until you have 5 cards in your hand.",Supporter,,H,me02.5-293,293,Surfer,https://assets.tcgdex.net/en/me/me02.5/293,,https://assets.tcgdex.net/en/me/me02.5/293/low.png,images/2026-01-30_me02.5_me02.5-293_low.png,True,True,True,False,False,,
me02.5,Ascended Heroes,https://assets.tcgdex.net/en/me/me02.5/logo,https://assets.tcgdex.net/univ/me/me02.5/symbol,,2026-01-30,,aky CG Works,Mega Hyper Rare,Pokemon,,360.0,,,,Stage2,,,,,,1.0,,,,J,me02.5-294,294,Mega Charizard Y ex,https://assets.tcgdex.net/en/me/me02.5/294,,https://assets.tcgdex.net/en/me/me02.5/294/low.png,images/2026-01-30_me02.5_me02.5-294_low.png,True,True,True,False,False,,
me02.5,Ascended Heroes,https://assets.tcgdex.net/en/me/me02.5/logo,https://assets.tcgdex.net/univ/me/me02.5/symbol,,2026-01-30,,aky CG Works,Mega Hyper Rare,Pokemon,,370.0,,,,Stage2,,,,,,2.0,,,,I,me02.5-295,295,Mega Dragonite ex,https://assets.tcgdex.net/en/me/me02.5/295,,https://assets.tcgdex.net/en/me/me02.5/295/low.png,images/2026-01-30_me02.5_me02.5-295_low.png,True,True,True,False,False,,
