url,sSigla,precoMenor,precoMaior,id,nEN,nPT,sC,sT,sN,dN,pF,p1a,p1b,p1c,dt,iCO,iR,idE,idNC,iCMC,iT,sA,sP
https://www.ligapokemon.com.br/?view=cards/search&card=edid=754%20ed=ASC,ASC,0.14,4.75,1337.0,Erika's Oddish (#001/217),Oddish da &Eacute;rica,G,,001,000000000000001,0.0,0.14,1.19,4.75,2026-01-30 15:44:24,0.0,1.0,754.0,0.0,,,,//arquivos/in/pokemon_bkp/cd/754/697cf0b8bf6da-come6-yui28-9a3cbb1b17fb0c24b5f4da3defde2c8b.jpg
https://www.ligapokemon.com.br/?view=cards/search&card=edid=754%20ed=ASC,ASC,0.14,3.99,1336.0,Erika's Gloom (#002/217),Gloom da &Eacute;rica,G,,002,000000000000002,0.0,0.14,1.74,3.99,2026-01-30 15:44:25,0.0,2.0,754.0,0.0,,,,//arquivos/in/pokemon_bkp/cd/754/697cf0ba6d14f-aobve-heqcs-9a3cbb1b17fb0c24b5f4da3defde2c8b.jpg
https://www.ligapokemon.com.br/?view=cards/search&card=edid=754%20ed=ASC,ASC,5.00,22.90,8164.0,Erika's Vileplume ex (#003/217),Vileplume ex da &Eacute;rica,G,,003,000000000000003,0.0,5.00,13.66,22.90,2026-01-30 15:44:27,0.0,20.0,754.0,0.0,,,,//arquivos/in/pokemon_bkp/cd/754/697cf0bc01ad8-lhg8a-4lrht-9a3cbb1b17fb0c24b5f4da3defde2c8b.jpg
https://www.ligapokemon.com.br/?view=cards/search&card=edid=754%20ed=ASC,ASC,0.19,5.00,1356.0,Erika's Bellsprout (#004/217),Bellsprout da &Eacute;rica,G,,004,000000000000004,0.0,0.19,1.28,5.00,2026-01-30 15:44:28,0.0,1.0,754.0,0.0,,,,//arquivos/in/pokemon_bkp/cd/754/697cf0bd99b2d-m8r6d-s6q8x-9a3cbb1b17fb0c24b5f4da3defde2c8b.jpg
https://www.ligapokemon.com.br/?view=cards/search&card=edid=754%20ed=ASC,ASC,0.15,4.25,1338.0,Erika's Weepinbell (#005/217),Weepinbell da &Eacute;rica,G,,005,000000000000005,0.0,0.15,1.68,4.25,2026-01-30 15:44:30,0.0,2.0,754.0,0.0,,,,//arquivos/in/pokemon_bkp/cd/754/697cf0bf85d43-8qis0-l62i7-9a3cbb1b17fb0c24b5f4da3defde2c8b.jpg
https://www.ligapokemon.com.br/?view=cards/search&card=edid=754%20ed=ASC,ASC,0.34,5.00,1318.0,Erika's Victreebel (#006/217),Victreebel da &Eacute;rica,G,,006,000000000000006,0.0,0.34,1.89,5.00,2026-01-30 15:44:31,0.0,3.0,754.0,0.0,,,,//arquivos/in/pokemon_bkp/cd/754/697cf0c13c035-fe2n7-afrj2-9a3cbb1b17fb0c24b5f4da3defde2c8b.jpg
https://www.ligapokemon.com.br/?view=cards/search&card=edid=754%20ed=ASC,ASC,0.19,50.00,1357.0,Erika's Tangela (#007/217),Tangela da &Eacute;rica,G,,007,000000000000007,0.0,0.19,2.12,50.00,2026-01-30 15:44:33,0.0,1.0,754.0,0.0,,,,//arquivos/in/pokemon_bkp/cd/754/697cf0c33aea0-eh2z8-gcipe-9a3cbb1b17fb0c24b5f4da3defde2c8b.jpg
https://www.ligapokemon.com.br/?view=cards/search&card=edid=754%20ed=ASC,ASC,0.19,4.99,1081.0,Chikorita (#008/217),Chikorita,G,,008,000000000000008,0.0,0.19,1.36,4.99,2026-01-30 15:44:35,0.0,1.0,754.0,0.0,,,,//arquivos/in/pokemon_bkp/cd/754/697cf0c52c6ff-efdiq-fx9dp-9a3cbb1b17fb0c24b5f4da3defde2c8b.jpg
https://www.ligapokemon.com.br/?view=cards/search&card=edid=754%20ed=ASC,ASC,0.19,4.99,1076.0,Bayleef (#009/217),Bayleef,G,,009,000000000000009,0.0,0.19,1.64,4.99,2026-01-30 15:44:36,0.0,2.0,754.0,0.0,,,,//arquivos/in/pokemon_bkp/cd/754/697cf0c723aa9-nlxkw-adfv6-9a3cbb1b17fb0c24b5f4da3defde2c8b.jpg
https://www.ligapokemon.com.br/?view=cards/search&card=edid=754%20ed=ASC,ASC,24.77,49.99,8169.0,Mega Meganium ex (#010/217),Mega Meganium ex,G,,010,000000000000010,0.0,24.77,30.52,49.99,2026-01-30 15:44:38,0.0,20.0,754.0,0.0,,,,//arquivos/in/pokemon_bkp/cd/754/697cf0c926635-nex28-buox9-9a3cbb1b17fb0c24b5f4da3defde2c8b.jpg
https://www.ligapokemon.com.br/?view=cards/search&card=edid=754%20ed=ASC,ASC,0.13,4.99,458.0,Wurmple (#011/217),Wurmple,G,,011,000000000000011,0.0,0.13,1.31,4.99,2026-01-30 15:44:40,0.0,1.0,754.0,0.0,,,,//arquivos/in/pokemon_bkp/cd/754/697cf0cb25695-nemga-l0c36-9a3cbb1b17fb0c24b5f4da3defde2c8b.jpg
https://www.ligapokemon.com.br/?view=cards/search&card=edid=754%20ed=ASC,ASC,0.15,4.99,932.0,Silcoon (#012/217),Silcoon,G,,012,000000000000012,0.0,0.15,1.26,4.99,2026-01-30 15:44:42,0.0,1.0,754.0,0.0,,,,//arquivos/in/pokemon_bkp/cd/754/697cf0cd29199-5e9bd-wgz6n-9a3cbb1b17fb0c24b5f4da3defde2c8b.jpg
https://www.ligapokemon.com.br/?view=cards/search&card=edid=754%20ed=ASC,ASC,0.19,4.75,922.0,Beautifly (#013/217),Beautifly,G,,013,000000000000013,0.0,0.19,1.36,4.75,2026-01-30 15:44:44,0.0,2.0,754.0,0.0,,,,//arquivos/in/pokemon_bkp/cd/754/697cf0cf2c1a3-tlez1-ivf0y-9a3cbb1b17fb0c24b5f4da3defde2c8b.jpg
https://www.ligapokemon.com.br/?view=cards/search&card=edid=754%20ed=ASC,ASC,0.14,4.85,435.0,Cascoon (#014/217),Cascoon,G,,014,000000000000014,0.0,0.14,1.25,4.85,2026-01-30 15:44:46,0.0,1.0,754.0,0.0,,,,//arquivos/in/pokemon_bkp/cd/754/697cf0d1248d7-8ys0b-yph45-9a3cbb1b17fb0c24b5f4da3defde2c8b.jpg
https://www.ligapokemon.com.br/?view=cards/search&card=edid=754%20ed=ASC,ASC,0.19,5.00,1250.0,Dustox (#015/217),Dustox,G,,015,000000000000015,0.0,0.19,1.36,5.00,2026-01-30 15:44:48,0.0,2.0,754.0,0.0,,,,//arquivos/in/pokemon_bkp/cd/754/697cf0d2b77e3-i3opa-1nwd8-9a3cbb1b17fb0c24b5f4da3defde2c8b.jpg
https://www.ligapokemon.com.br/?view=cards/search&card=edid=754%20ed=ASC,ASC,0.19,5.00,689.0,Budew (#016/217),Budew,G,,016,000000000000016,0.0,0.19,2.23,5.00,2026-01-30 15:44:50,0.0,1.0,754.0,0.0,,,,//arquivos/in/pokemon_bkp/cd/754/697cf0d455f5c-9ni30-tuzcr-9a3cbb1b17fb0c24b5f4da3defde2c8b.jpg
https://www.ligapokemon.com.br/?view=cards/search&card=edid=754%20ed=ASC,ASC,0.14,5.00,4253.0,Grubbin (#017/217),Grubbin,G,,017,000000000000017,0.0,0.14,1.21,5.00,2026-01-30 15:44:52,0.0,1.0,754.0,0.0,,,,//arquivos/in/pokemon_bkp/cd/754/697cf0d5e114a-pnlgw-8mg9a-9a3cbb1b17fb0c24b5f4da3defde2c8b.jpg
https://www.ligapokemon.com.br/?view=cards/search&card=edid=754%20ed=ASC,ASC,0.14,4.25,7588.0,Team Rocket's Tarountula (#018/217),Tarountula da Equipe Rocket,G,,018,000000000000018,0.0,0.14,1.27,4.25,2026-01-30 15:44:54,0.0,1.0,754.0,0.0,,,,//arquivos/in/pokemon_bkp/cd/754/697cf0d788a71-jwyxq-swhir-9a3cbb1b17fb0c24b5f4da3defde2c8b.jpg
https://www.ligapokemon.com.br/?view=cards/search&card=edid=754%20ed=ASC,ASC,0.33,4.75,7589.0,Team Rocket's Spidops (#019/217),Spidops da Equipe Rocket,G,,019,000000000000019,0.0,0.33,2.16,4.75,2026-01-30 15:44:56,0.0,3.0,754.0,0.0,,,,//arquivos/in/pokemon_bkp/cd/754/697cf0d94c37f-q4exb-endij-9a3cbb1b17fb0c24b5f4da3defde2c8b.jpg
https://www.ligapokemon.com.br/?view=cards/search&card=edid=754%20ed=ASC,ASC,0.20,9.90,33.0,Charmander (#020/217),Charmander,R,,020,000000000000020,0.0,0.20,1.63,9.90,2026-01-30 15:44:58,0.0,1.0,754.0,0.0,,,,//arquivos/in/pokemon_bkp/cd/754/697cf0dad02ed-4kgux-phyuq-9a3cbb1b17fb0c24b5f4da3defde2c8b.jpg
https://www.ligapokemon.com.br/?view=cards/search&card=edid=754%20ed=ASC,ASC,0.15,5.00,34.0,Charmeleon (#021/217),Charmeleon,R,,021,000000000000021,0.0,0.15,1.61,5.00,2026-01-30 15:45:24,0.0,2.0,754.0,0.0,,,,//arquivos/in/pokemon_bkp/cd/754/697cf0dc5dd9e-xvuds-qnwm3-9a3cbb1b17fb0c24b5f4da3defde2c8b.jpg
https://www.ligapokemon.com.br/?view=cards/search&card=edid=754%20ed=ASC,ASC,24.99,109.90,8165.0,Mega Charizard Y ex (#022/217),Mega Charizard Y ex,R,,022,000000000000022,0.0,24.99,47.37,109.90,2026-01-30 15:46:25,0.0,20.0,754.0,0.0,,,,//arquivos/in/pokemon_bkp/cd/754/697cf0dde5f4b-1vpo5-nut6y-9a3cbb1b17fb0c24b5f4da3defde2c8b.jpg
https://www.ligapokemon.com.br/?view=cards/search&card=edid=754%20ed=ASC,ASC,0.14,4.85,7518.0,Ethan's Slugma (#023/217),Slugma do Ethan,R,,023,000000000000023,0.0,0.14,1.01,4.85,2026-01-30 15:46:50,0.0,1.0,754.0,0.0,,,,//arquivos/in/pokemon_bkp/cd/754/697cf0df74412-zxk8o-1ur72-9a3cbb1b17fb0c24b5f4da3defde2c8b.jpg
https://www.ligapokemon.com.br/?view=cards/search&card=edid=754%20ed=ASC,ASC,0.20,4.75,7519.0,Ethan's Magcargo (#024/217),Magcargo do Ethan,R,,024,000000000000024,0.0,0.20,1.79,4.75,2026-01-30 15:47:50,0.0,3.0,754.0,0.0,,,,//arquivos/in/pokemon_bkp/cd/754/697cf0e168c07-9oujs-y7z3b-9a3cbb1b17fb0c24b5f4da3defde2c8b.jpg
https://www.ligapokemon.com.br/?view=cards/search&card=edid=754%20ed=ASC,ASC,0.40,5.10,251.0,Entei (#025/217),Entei,R,,025,000000000000025,0.0,0.40,2.04,5.10,2026-01-30 15:48:50,0.0,3.0,754.0,0.0,,,,//arquivos/in/pokemon_bkp/cd/754/697cf0e2f03d3-b603t-1evxl-9a3cbb1b17fb0c24b5f4da3defde2c8b.jpg
https://www.ligapokemon.com.br/?view=cards/search&card=edid=754%20ed=ASC,ASC,4.89,19.90,7339.0,Ethan's Ho-Oh ex (#026/217),Ho-Oh ex do Ethan,R,,026,000000000000026,0.0,4.89,9.78,19.90,2026-01-30 15:49:50,0.0,20.0,754.0,0.0,,,,//arquivos/in/pokemon_bkp/cd/754/697cf0e4872e2-158yq-elisc-9a3cbb1b17fb0c24b5f4da3defde2c8b.jpg
https://www.ligapokemon.com.br/?view=cards/search&card=edid=754%20ed=ASC,ASC,0.14,5.00,936.0,Numel (#027/217),Numel,R,,027,000000000000027,0.0,0.14,1.12,5.00,2026-01-30 15:50:50,0.0,1.0,754.0,0.0,,,,//arquivos/in/pokemon_bkp/cd/754/697cf0e617a56-r3emi-ltfym-9a3cbb1b17fb0c24b5f4da3defde2c8b.jpg
https://www.ligapokemon.com.br/?view=cards/search&card=edid=754%20ed=ASC,ASC,0.19,4.75,923.0,Camerupt (#028/217),Camerupt,R,,028,000000000000028,0.0,0.19,1.18,4.75,2026-01-30 15:51:50,0.0,2.0,754.0,0.0,,,,//arquivos/in/pokemon_bkp/cd/754/697cf0e7b44be-t3s7c-dny3b-9a3cbb1b17fb0c24b5f4da3defde2c8b.jpg
https://www.ligapokemon.com.br/?view=cards/search&card=edid=754%20ed=ASC,ASC,0.14,4.99,41.0,Tepig (#029/217),Tepig,R,,029,000000000000029,0.0,0.14,1.36,4.99,2026-01-30 15:52:50,0.0,1.0,754.0,0.0,,,,//arquivos/in/pokemon_bkp/cd/754/697cf0e946f31-29n4i-gytnp-9a3cbb1b17fb0c24b5f4da3defde2c8b.jpg
https://www.ligapokemon.com.br/?view=cards/search&card=edid=754%20ed=ASC,ASC,0.19,5.00,42.0,Pignite (#030/217),Pignite,R,,030,000000000000030,0.0,0.19,1.29,5.00,2026-01-30 15:53:30,0.0,2.0,754.0,0.0,,,,//arquivos/in/pokemon_bkp/cd/754/697cf0ead3944-5ongt-rkbw7-9a3cbb1b17fb0c24b5f4da3defde2c8b.jpg
https://www.ligapokemon.com.br/?view=cards/search&card=edid=754%20ed=ASC,ASC,6.90,29.99,8171.0,Mega Emboar ex (#031/217),Mega Emboar ex,R,,031,000000000000031,0.0,6.90,11.59,29.99,2026-01-30 15:53:32,0.0,20.0,754.0,0.0,,,,//arquivos/in/pokemon_bkp/cd/754/697cf0ec6acde-m5ozw-dhbrn-9a3cbb1b17fb0c24b5f4da3defde2c8b.jpg
https://www.ligapokemon.com.br/?view=cards/search&card=edid=754%20ed=ASC,ASC,0.14,4.85,7292.0,N's Darumaka (#032/217),Darumaka do N,R,,032,000000000000032,0.0,0.14,1.37,4.85,2026-01-30 15:53:33,0.0,1.0,754.0,0.0,,,,//arquivos/in/pokemon_bkp/cd/754/697cf0ede8128-u5o3t-3rcuz-9a3cbb1b17fb0c24b5f4da3defde2c8b.jpg
https://www.ligapokemon.com.br/?view=cards/search&card=edid=754%20ed=ASC,ASC,0.19,4.75,7293.0,N's Darmanitan (#033/217),Darmanitan do N,R,,033,000000000000033,0.0,0.19,1.31,4.75,2026-01-30 15:53:36,0.0,2.0,754.0,0.0,,,,//arquivos/in/pokemon_bkp/cd/754/697cf0ef71b20-iec7h-o0s96-9a3cbb1b17fb0c24b5f4da3defde2c8b.jpg
https://www.ligapokemon.com.br/?view=cards/search&card=edid=754%20ed=ASC,ASC,0.15,4.85,4360.0,Salandit (#034/217),Salandit,R,,034,000000000000034,0.0,0.15,1.20,4.85,2026-01-30 15:53:38,0.0,1.0,754.0,0.0,,,,//arquivos/in/pokemon_bkp/cd/754/697cf0f0f3b39-qfwyv-d06gi-9a3cbb1b17fb0c24b5f4da3defde2c8b.jpg
https://www.ligapokemon.com.br/?view=cards/search&card=edid=754%20ed=ASC,ASC,0.18,4.75,4361.0,Salazzle (#035/217),Salazzle,R,,035,000000000000035,0.0,0.18,1.21,4.75,2026-01-30 15:53:40,0.0,2.0,754.0,0.0,,,,//arquivos/in/pokemon_bkp/cd/754/697cf0f284802-cvri1-gyk38-9a3cbb1b17fb0c24b5f4da3defde2c8b.jpg
https://www.ligapokemon.com.br/?view=cards/search&card=edid=754%20ed=ASC,ASC,0.19,4.75,4899.0,Scorbunny (#036/217),Scorbunny,R,,036,000000000000036,0.0,0.19,1.28,4.75,2026-01-30 15:53:42,0.0,1.0,754.0,0.0,,,,//arquivos/in/pokemon_bkp/cd/754/697cf0f421edb-96g25-rgwzv-9a3cbb1b17fb0c24b5f4da3defde2c8b.jpg
https://www.ligapokemon.com.br/?view=cards/search&card=edid=754%20ed=ASC,ASC,0.19,4.85,4963.0,Raboot (#037/217),Raboot,R,,037,000000000000037,0.0,0.19,1.13,4.85,2026-01-30 15:53:44,0.0,1.0,754.0,0.0,,,,//arquivos/in/pokemon_bkp/cd/754/697cf0f5ac92f-apx97-jickw-9a3cbb1b17fb0c24b5f4da3defde2c8b.jpg
https://www.ligapokemon.com.br/?view=cards/search&card=edid=754%20ed=ASC,ASC,4.99,29.90,7074.0,Cinderace ex (#038/217),Cinderace ex,R,,038,000000000000038,0.0,4.99,11.94,29.90,2026-01-30 15:53:46,0.0,20.0,754.0,0.0,,,,//arquivos/in/pokemon_bkp/cd/754/697cf0f73b698-wpve6-7jx96-9a3cbb1b17fb0c24b5f4da3defde2c8b.jpg
https://www.ligapokemon.com.br/?view=cards/search&card=edid=754%20ed=ASC,ASC,0.25,9.98,334.0,Psyduck (#039/217),Psyduck,W,,039,000000000000039,0.0,0.25,3.36,9.98,2026-01-30 15:53:48,0.0,1.0,754.0,0.0,,,,//arquivos/in/pokemon_bkp/cd/754/697cf0f8c629b-yplwj-tmanx-9a3cbb1b17fb0c24b5f4da3defde2c8b.jpg
https://www.ligapokemon.com.br/?view=cards/search&card=edid=754%20ed=ASC,ASC,0.19,5.99,273.0,Golduck (#040/217),Golduck,W,,040,000000000000040,0.0,0.19,2.22,5.99,2026-01-30 15:54:07,0.0,2.0,754.0,0.0,,,,//arquivos/in/pokemon_bkp/cd/754/697cf0fa57b72-8mvhd-tjm01-9a3cbb1b17fb0c24b5f4da3defde2c8b.jpg
https://www.ligapokemon.com.br/?view=cards/search&card=edid=754%20ed=ASC,ASC,0.14,5.00,1084.0,Totodile (#041/217),Totodile,W,,041,000000000000041,0.0,0.14,1.46,5.00,2026-01-30 15:54:50,0.0,1.0,754.0,0.0,,,,//arquivos/in/pokemon_bkp/cd/754/697cf0fbe9713-ysm6o-iqd51-9a3cbb1b17fb0c24b5f4da3defde2c8b.jpg
https://www.ligapokemon.com.br/?view=cards/search&card=edid=754%20ed=ASC,ASC,0.19,4.85,1077.0,Croconaw (#042/217),Croconaw,W,,042,000000000000042,0.0,0.19,1.51,4.85,2026-01-30 15:56:04,0.0,2.0,754.0,0.0,,,,//arquivos/in/pokemon_bkp/cd/754/697cf0fd6ffa5-o25jn-8cm1f-9a3cbb1b17fb0c24b5f4da3defde2c8b.jpg
https://www.ligapokemon.com.br/?view=cards/search&card=edid=754%20ed=ASC,ASC,13.90,39.99,8172.0,Mega Feraligatr ex (#043/217),Mega Feraligatr ex,W,,043,000000000000043,0.0,13.90,23.46,39.99,2026-01-30 15:56:50,0.0,20.0,754.0,0.0,,,,//arquivos/in/pokemon_bkp/cd/754/697cf0feeddd1-aobtm-sreiu-9a3cbb1b17fb0c24b5f4da3defde2c8b.jpg
https://www.ligapokemon.com.br/?view=cards/search&card=edid=754%20ed=ASC,ASC,0.14,4.99,485.0,Sneasel (#044/217),Sneasel,W,,044,000000000000044,0.0,0.14,1.19,4.99,2026-01-30 15:57:54,0.0,1.0,754.0,0.0,,,,//arquivos/in/pokemon_bkp/cd/754/697cf10086a04-7dqw1-brjgd-9a3cbb1b17fb0c24b5f4da3defde2c8b.jpg
https://www.ligapokemon.com.br/?view=cards/search&card=edid=754%20ed=ASC,ASC,0.19,4.99,283.0,Weavile (#045/217),Weavile,W,,045,000000000000045,0.0,0.19,1.37,4.99,2026-01-30 15:58:50,0.0,2.0,754.0,0.0,,,,//arquivos/in/pokemon_bkp/cd/754/697cf1020af4f-8lcg1-jseo9-9a3cbb1b17fb0c24b5f4da3defde2c8b.jpg
https://www.ligapokemon.com.br/?view=cards/search&card=edid=754%20ed=ASC,ASC,0.19,4.25,764.0,Snorunt (#046/217),Snorunt,W,,046,000000000000046,0.0,0.19,1.60,4.25,2026-01-30 15:59:50,0.0,1.0,754.0,0.0,,,,//arquivos/in/pokemon_bkp/cd/754/697cf103a5c3a-o8ewf-k9ods-9a3cbb1b17fb0c24b5f4da3defde2c8b.jpg
https://www.ligapokemon.com.br/?view=cards/search&card=edid=754%20ed=ASC,ASC,25.00,49.90,8019.0,Mega Froslass ex (#047/217),Mega Froslass ex,W,,047,000000000000047,0.0,25.00,34.39,49.90,2026-01-30 16:00:50,0.0,20.0,754.0,0.0,,,,//arquivos/in/pokemon_bkp/cd/754/697cf1052feb2-zarfp-0p8i2-9a3cbb1b17fb0c24b5f4da3defde2c8b.jpg
https://www.ligapokemon.com.br/?view=cards/search&card=edid=754%20ed=ASC,ASC,3.77,19.90,1632.0,Regice ex (#048/217),Regice ex,W,,048,000000000000048,0.0,3.77,8.32,19.90,2026-01-30 16:01:50,0.0,20.0,754.0,0.0,,,,//arquivos/in/pokemon_bkp/cd/754/697cf106b8034-ptal7-9ifo0-9a3cbb1b17fb0c24b5f4da3defde2c8b.jpg
https://www.ligapokemon.com.br/?view=cards/search&card=edid=754%20ed=ASC,ASC,0.15,4.85,8020.0,N's Vanillite (#049/217),Vanillite do N,W,,049,000000000000049,0.0,0.15,1.24,4.85,2026-01-30 16:02:43,0.0,1.0,754.0,0.0,,,,//arquivos/in/pokemon_bkp/cd/754/697cf10851706-ajoy0-6aq4w-9a3cbb1b17fb0c24b5f4da3defde2c8b.jpg
https://www.ligapokemon.com.br/?view=cards/search&card=edid=754%20ed=ASC,ASC,0.15,4.85,8021.0,N's Vanillish (#050/217),Vanillish do N,W,,050,000000000000050,0.0,0.15,1.56,4.85,2026-01-30 16:02:44,0.0,1.0,754.0,0.0,,,,//arquivos/in/pokemon_bkp/cd/754/697cf109ddb5a-bprey-918fv-9a3cbb1b17fb0c24b5f4da3defde2c8b.jpg
https://www.ligapokemon.com.br/?view=cards/search&card=edid=754%20ed=ASC,ASC,0.19,4.99,8022.0,N's Vanilluxe (#051/217),Vanilluxe do N,W,,051,000000000000051,0.0,0.19,1.22,4.99,2026-01-30 16:02:46,0.0,2.0,754.0,0.0,,,,//arquivos/in/pokemon_bkp/cd/754/697cf10b685e2-25n46-j495u-9a3cbb1b17fb0c24b5f4da3defde2c8b.jpg
https://www.ligapokemon.com.br/?view=cards/search&card=edid=754%20ed=ASC,ASC,0.13,5.00,4928.0,Snom (#052/217),Snom,W,,052,000000000000052,0.0,0.13,1.31,5.00,2026-01-30 16:02:47,0.0,1.0,754.0,0.0,,,,//arquivos/in/pokemon_bkp/cd/754/697cf10cee03d-bvnl8-tgvf8-9a3cbb1b17fb0c24b5f4da3defde2c8b.jpg
https://www.ligapokemon.com.br/?view=cards/search&card=edid=754%20ed=ASC,ASC,0.19,4.75,4923.0,Frosmoth (#053/217),Frosmoth,W,,053,000000000000053,0.0,0.19,1.32,4.75,2026-01-30 16:02:50,0.0,2.0,754.0,0.0,,,,//arquivos/in/pokemon_bkp/cd/754/697cf10e7c677-ya1ze-wfepu-9a3cbb1b17fb0c24b5f4da3defde2c8b.jpg
https://www.ligapokemon.com.br/?view=cards/search&card=edid=754%20ed=ASC,ASC,0.19,4.99,6029.0,Glastrier (#054/217),Glastrier,W,,054,000000000000054,0.0,0.19,1.62,4.99,2026-01-30 16:02:52,0.0,2.0,754.0,0.0,,,,//arquivos/in/pokemon_bkp/cd/754/697cf110040f0-lj20k-n2urq-9a3cbb1b17fb0c24b5f4da3defde2c8b.jpg
https://www.ligapokemon.com.br/?view=cards/search&card=edid=754%20ed=ASC,ASC,0.19,9.49,15.0,Pikachu (#055/217),Pikachu,L,,055,000000000000055,0.0,0.19,3.13,9.49,2026-01-30 16:02:54,0.0,1.0,754.0,0.0,,,,//arquivos/in/pokemon_bkp/cd/754/697cf11181ef6-7kbhm-rnzhi-9a3cbb1b17fb0c24b5f4da3defde2c8b.jpg
https://www.ligapokemon.com.br/?view=cards/search&card=edid=754%20ed=ASC,ASC,0.19,5.89,3.0,Raichu (#056/217),Raichu,L,,056,000000000000056,0.0,0.19,2.14,5.89,2026-01-30 16:02:56,0.0,2.0,754.0,0.0,,,,//arquivos/in/pokemon_bkp/cd/754/697cf11309794-voi4k-8xm9j-9a3cbb1b17fb0c24b5f4da3defde2c8b.jpg
https://www.ligapokemon.com.br/?view=cards/search&card=edid=754%20ed=ASC,ASC,17.48,49.99,6509.0,Pikachu ex (#057/217),Pikachu ex,L,,057,000000000000057,0.0,17.48,29.09,49.99,2026-01-30 16:02:58,0.0,20.0,754.0,0.0,,,,//arquivos/in/pokemon_bkp/cd/754/697cf1148904a-4zevc-i5e0k-9a3cbb1b17fb0c24b5f4da3defde2c8b.jpg
https://www.ligapokemon.com.br/?view=cards/search&card=edid=754%20ed=ASC,ASC,4.90,25.00,8173.0,Voltorb ex (#058/217),Voltorb ex,L,,058,000000000000058,0.0,4.90,7.71,25.00,2026-01-30 16:03:00,0.0,20.0,754.0,0.0,,,,//arquivos/in/pokemon_bkp/cd/754/697cf1162332e-zyrie-62l1w-9a3cbb1b17fb0c24b5f4da3defde2c8b.jpg
https://www.ligapokemon.com.br/?view=cards/search&card=edid=754%20ed=ASC,ASC,0.15,5.00,724.0,Tynamo (#059/217),Tynamo,L,,059,000000000000059,0.0,0.15,1.54,5.00,2026-01-30 16:03:02,0.0,1.0,754.0,0.0,,,,//arquivos/in/pokemon_bkp/cd/754/697cf117ac35c-ofuec-w5p2c-9a3cbb1b17fb0c24b5f4da3defde2c8b.jpg
https://www.ligapokemon.com.br/?view=cards/search&card=edid=754%20ed=ASC,ASC,0.15,7.19,5198.0,Eelektrik (#060/217),Eelektrik,L,,060,000000000000060,0.0,0.15,1.94,7.19,2026-01-30 16:03:21,0.0,2.0,754.0,0.0,,,,//arquivos/in/pokemon_bkp/cd/754/697cf11935b1e-tib2j-6bvzn-9a3cbb1b17fb0c24b5f4da3defde2c8b.jpg
https://www.ligapokemon.com.br/?view=cards/search&card=edid=754%20ed=ASC,ASC,9.00,33.99,8023.0,Mega Eelektross ex (#061/217),Mega Eelektross ex,L,,061,000000000000061,0.0,9.00,19.04,33.99,2026-01-30 16:03:23,0.0,20.0,754.0,0.0,,,,//arquivos/in/pokemon_bkp/cd/754/697cf11ac5847-5gs0r-ylkwj-9a3cbb1b17fb0c24b5f4da3defde2c8b.jpg
https://www.ligapokemon.com.br/?view=cards/search&card=edid=754%20ed=ASC,ASC,0.19,5.00,95.0,Stunfisk (#062/217),Stunfisk,L,,062,000000000000062,0.0,0.19,1.39,5.00,2026-01-30 16:03:26,0.0,1.0,754.0,0.0,,,,//arquivos/in/pokemon_bkp/cd/754/697cf11c5204d-ivjkz-z5fab-9a3cbb1b17fb0c24b5f4da3defde2c8b.jpg
https://www.ligapokemon.com.br/?view=cards/search&card=edid=754%20ed=ASC,ASC,0.15,4.99,1159.0,Helioptile (#063/217),Helioptile,L,,063,000000000000063,0.0,0.15,1.59,4.99,2026-01-30 16:03:27,0.0,1.0,754.0,0.0,,,,//arquivos/in/pokemon_bkp/cd/754/697cf11dd4c9e-px0s2-2n7ea-9a3cbb1b17fb0c24b5f4da3defde2c8b.jpg
https://www.ligapokemon.com.br/?view=cards/search&card=edid=754%20ed=ASC,ASC,0.19,3.99,1160.0,Heliolisk (#064/217),Heliolisk,L,,064,000000000000064,0.0,0.19,1.35,3.99,2026-01-30 16:03:30,0.0,2.0,754.0,0.0,,,,//arquivos/in/pokemon_bkp/cd/754/697cf11f5ecff-c58z3-4aztl-9a3cbb1b17fb0c24b5f4da3defde2c8b.jpg
https://www.ligapokemon.com.br/?view=cards/search&card=edid=754%20ed=ASC,ASC,0.15,5.00,4241.0,Charjabug (#065/217),Charjabug,L,,065,000000000000065,0.0,0.15,1.32,5.00,2026-01-30 16:03:31,0.0,1.0,754.0,0.0,,,,//arquivos/in/pokemon_bkp/cd/754/697cf120dff7f-p1chd-e9f6l-9a3cbb1b17fb0c24b5f4da3defde2c8b.jpg
https://www.ligapokemon.com.br/?view=cards/search&card=edid=754%20ed=ASC,ASC,0.19,4.99,4295.0,Vikavolt (#066/217),Vikavolt,L,,066,000000000000066,0.0,0.19,1.69,4.99,2026-01-30 16:03:34,0.0,2.0,754.0,0.0,,,,//arquivos/in/pokemon_bkp/cd/754/697cf1226c7c8-5rbz2-08d7b-9a3cbb1b17fb0c24b5f4da3defde2c8b.jpg
https://www.ligapokemon.com.br/?view=cards/search&card=edid=754%20ed=ASC,ASC,0.34,4.99,4368.0,Tapu Koko (#067/217),Tapu Koko,L,,067,000000000000067,0.0,0.34,1.58,4.99,2026-01-30 16:03:36,0.0,3.0,754.0,0.0,,,,//arquivos/in/pokemon_bkp/cd/754/697cf123eb985-r2sbw-3hk8u-9a3cbb1b17fb0c24b5f4da3defde2c8b.jpg
https://www.ligapokemon.com.br/?view=cards/search&card=edid=754%20ed=ASC,ASC,3.50,24.90,7338.0,Hop's Pincurchin ex (#068/217),Pincurchin ex do Lupo,L,,068,000000000000068,0.0,3.50,10.40,24.90,2026-01-30 16:03:38,0.0,20.0,754.0,0.0,,,,//arquivos/in/pokemon_bkp/cd/754/697cf1257ca9d-ngr2b-btqwy-9a3cbb1b17fb0c24b5f4da3defde2c8b.jpg
https://www.ligapokemon.com.br/?view=cards/search&card=edid=754%20ed=ASC,ASC,0.19,4.25,7298.0,Iono's Tadbulb (#069/217),Tadbulb da Kissera,L,,069,000000000000069,0.0,0.19,1.23,4.25,2026-01-30 16:03:40,0.0,1.0,754.0,0.0,,,,//arquivos/in/pokemon_bkp/cd/754/697cf12707c42-2if8h-hu52c-9a3cbb1b17fb0c24b5f4da3defde2c8b.jpg
https://www.ligapokemon.com.br/?view=cards/search&card=edid=754%20ed=ASC,ASC,4.90,19.99,7299.0,Iono's Bellibolt ex (#070/217),Bellibolt ex da Kissera,L,,070,000000000000070,0.0,4.90,8.84,19.99,2026-01-30 16:03:42,0.0,20.0,754.0,0.0,,,,//arquivos/in/pokemon_bkp/cd/754/697cf1288910b-8gzn5-szhj8-9a3cbb1b17fb0c24b5f4da3defde2c8b.jpg
https://www.ligapokemon.com.br/?view=cards/search&card=edid=754%20ed=ASC,ASC,0.13,4.25,7300.0,Iono's Wattrel (#071/217),Wattrel da Kissera,L,,071,000000000000071,0.0,0.13,1.17,4.25,2026-01-30 16:04:03,0.0,1.0,754.0,0.0,,,,//arquivos/in/pokemon_bkp/cd/754/697cf12a18770-26mz9-890ri-9a3cbb1b17fb0c24b5f4da3defde2c8b.jpg
https://www.ligapokemon.com.br/?view=cards/search&card=edid=754%20ed=ASC,ASC,0.38,35.00,7301.0,Iono's Kilowattrel (#072/217),Kilowattrel da Kissera,L,,072,000000000000072,0.0,0.38,1.92,35.00,2026-01-30 16:04:50,0.0,3.0,754.0,0.0,,,,//arquivos/in/pokemon_bkp/cd/754/697cf12ba2e13-c5sw2-igwuh-9a3cbb1b17fb0c24b5f4da3defde2c8b.jpg
https://www.ligapokemon.com.br/?view=cards/search&card=edid=754%20ed=ASC,ASC,4.49,17.90,6334.0,Miraidon ex (#073/217),Miraidon ex,L,,073,000000000000073,0.0,4.49,8.67,17.90,2026-01-30 16:04:57,0.0,20.0,754.0,0.0,,,,//arquivos/in/pokemon_bkp/cd/754/697cf12d3089a-7byt3-tdn1s-9a3cbb1b17fb0c24b5f4da3defde2c8b.jpg
https://www.ligapokemon.com.br/?view=cards/search&card=edid=754%20ed=ASC,ASC,0.15,4.99,319.0,Clefairy (#074/217),Clefairy,P,,074,000000000000074,0.0,0.15,1.31,4.99,2026-01-30 16:04:58,0.0,1.0,754.0,0.0,,,,//arquivos/in/pokemon_bkp/cd/754/697cf12eb64bb-mqg96-ltd9j-9a3cbb1b17fb0c24b5f4da3defde2c8b.jpg
https://www.ligapokemon.com.br/?view=cards/search&card=edid=754%20ed=ASC,ASC,0.19,4.25,509.0,Clefable (#075/217),Clefable,P,,075,000000000000075,0.0,0.19,1.58,4.25,2026-01-30 16:05:00,0.0,2.0,754.0,0.0,,,,//arquivos/in/pokemon_bkp/cd/754/697cf130423fc-ujzcd-d5svn-9a3cbb1b17fb0c24b5f4da3defde2c8b.jpg
https://www.ligapokemon.com.br/?view=cards/search&card=edid=754%20ed=ASC,ASC,6.90,22.90,7302.0,Lillie's Clefairy ex (#076/217),Clefairy ex da L&iacute;lian,P,,076,000000000000076,0.0,6.90,15.76,22.90,2026-01-30 16:05:01,0.0,20.0,754.0,0.0,,,,//arquivos/in/pokemon_bkp/cd/754/697cfb7f31835-hy8s9-9ls2i-9a3cbb1b17fb0c24b5f4da3defde2c8b.jpg
https://www.ligapokemon.com.br/?view=cards/search&card=edid=754%20ed=ASC,ASC,0.15,4.75,8024.0,Team Rocket's Exeggcute (#077/217),Exeggcute da Equipe Rocket,P,,077,000000000000077,0.0,0.15,1.44,4.75,2026-01-30 16:05:03,0.0,1.0,754.0,0.0,,,,//arquivos/in/pokemon_bkp/cd/754/697cf1335241e-iydev-jzwbg-9a3cbb1b17fb0c24b5f4da3defde2c8b.jpg
https://www.ligapokemon.com.br/?view=cards/search&card=edid=754%20ed=ASC,ASC,0.24,5.00,8025.0,Team Rocket's Exeggutor (#078/217),Exeggutor da Equipe Rocket,P,,078,000000000000078,0.0,0.24,1.73,5.00,2026-01-30 16:05:05,0.0,3.0,754.0,0.0,,,,//arquivos/in/pokemon_bkp/cd/754/697cf134ce7ac-vmae2-3mxhj-9a3cbb1b17fb0c24b5f4da3defde2c8b.jpg
https://www.ligapokemon.com.br/?view=cards/search&card=edid=754%20ed=ASC,ASC,8.00,29.50,7586.0,Team Rocket's Mewtwo ex (#079/217),Mewtwo ex da Equipe Rocket,P,,079,000000000000079,0.0,8.00,11.53,29.50,2026-01-30 16:05:06,0.0,20.0,754.0,0.0,,,,//arquivos/in/pokemon_bkp/cd/754/697cf1365b180-4ixp3-06x7o-9a3cbb1b17fb0c24b5f4da3defde2c8b.jpg
https://www.ligapokemon.com.br/?view=cards/search&card=edid=754%20ed=ASC,ASC,0.15,3.99,225.0,Togepi (#080/217),Togepi,P,,080,000000000000080,0.0,0.15,1.46,3.99,2026-01-30 16:05:08,0.0,1.0,754.0,0.0,,,,//arquivos/in/pokemon_bkp/cd/754/697cf138447d0-ekj3h-7091g-9a3cbb1b17fb0c24b5f4da3defde2c8b.jpg
https://www.ligapokemon.com.br/?view=cards/search&card=edid=754%20ed=ASC,ASC,0.19,3.99,194.0,Togetic (#081/217),Togetic,P,,081,000000000000081,0.0,0.19,1.37,3.99,2026-01-30 16:05:09,0.0,1.0,754.0,0.0,,,,//arquivos/in/pokemon_bkp/cd/754/697cf139cae11-fcl7s-5hs1i-9a3cbb1b17fb0c24b5f4da3defde2c8b.jpg
https://www.ligapokemon.com.br/?view=cards/search&card=edid=754%20ed=ASC,ASC,0.23,6.80,154.0,Togekiss (#082/217),Togekiss,P,,082,000000000000082,0.0,0.23,1.86,6.80,2026-01-30 16:05:11,0.0,3.0,754.0,0.0,,,,//arquivos/in/pokemon_bkp/cd/754/697cf13b50671-01ghv-g05hp-9a3cbb1b17fb0c24b5f4da3defde2c8b.jpg
https://www.ligapokemon.com.br/?view=cards/search&card=edid=754%20ed=ASC,ASC,0.15,4.25,843.0,Marill (#083/217),Marill,P,,083,000000000000083,0.0,0.15,1.23,4.25,2026-01-30 16:05:12,0.0,1.0,754.0,0.0,,,,//arquivos/in/pokemon_bkp/cd/754/697cf13cd22d9-kn8eu-3n19j-9a3cbb1b17fb0c24b5f4da3defde2c8b.jpg
https://www.ligapokemon.com.br/?view=cards/search&card=edid=754%20ed=ASC,ASC,4.20,24.90,8174.0,Azumarill ex (#084/217),Azumarill ex,P,,084,000000000000084,0.0,4.20,9.78,24.90,2026-01-30 16:05:14,0.0,20.0,754.0,0.0,,,,//arquivos/in/pokemon_bkp/cd/754/697cf13e5be33-zy6lc-3d8zc-9a3cbb1b17fb0c24b5f4da3defde2c8b.jpg
https://www.ligapokemon.com.br/?view=cards/search&card=edid=754%20ed=ASC,ASC,0.15,4.99,72.0,Misdreavus (#085/217),Misdreavus,P,,085,000000000000085,0.0,0.15,1.27,4.99,2026-01-30 16:05:16,0.0,1.0,754.0,0.0,,,,//arquivos/in/pokemon_bkp/cd/754/697cf13fe594b-xuved-7s0q4-9a3cbb1b17fb0c24b5f4da3defde2c8b.jpg
https://www.ligapokemon.com.br/?view=cards/search&card=edid=754%20ed=ASC,ASC,0.35,4.99,73.0,Mismagius (#086/217),Mismagius,P,,086,000000000000086,0.0,0.35,1.84,4.99,2026-01-30 16:05:17,0.0,3.0,754.0,0.0,,,,//arquivos/in/pokemon_bkp/cd/754/697cf14170d04-qcnuh-ehsxb-9a3cbb1b17fb0c24b5f4da3defde2c8b.jpg
https://www.ligapokemon.com.br/?view=cards/search&card=edid=754%20ed=ASC,ASC,0.15,5.00,74.0,Ralts (#087/217),Ralts,P,,087,000000000000087,0.0,0.15,1.38,5.00,2026-01-30 16:05:19,0.0,1.0,754.0,0.0,,,,//arquivos/in/pokemon_bkp/cd/754/697cf14304758-q1onr-as7c3-9a3cbb1b17fb0c24b5f4da3defde2c8b.jpg
https://www.ligapokemon.com.br/?view=cards/search&card=edid=754%20ed=ASC,ASC,0.19,4.99,75.0,Kirlia (#088/217),Kirlia,P,,088,000000000000088,0.0,0.19,1.52,4.99,2026-01-30 16:05:20,0.0,1.0,754.0,0.0,,,,//arquivos/in/pokemon_bkp/cd/754/697cf1448ff61-wnas9-lqkzt-9a3cbb1b17fb0c24b5f4da3defde2c8b.jpg
https://www.ligapokemon.com.br/?view=cards/search&card=edid=754%20ed=ASC,ASC,1.00,19.90,7878.0,Mega Gardevoir ex (#089/217),Mega Gardevoir ex,P,,089,000000000000089,0.0,1.00,6.19,19.90,2026-01-30 16:05:22,0.0,20.0,754.0,0.0,,,,//arquivos/in/pokemon_bkp/cd/754/697cf1461b121-d4tv5-s6zy9-9a3cbb1b17fb0c24b5f4da3defde2c8b.jpg
https://www.ligapokemon.com.br/?view=cards/search&card=edid=754%20ed=ASC,ASC,0.15,5.99,342.0,Shuppet (#090/217),Shuppet,P,,090,000000000000090,0.0,0.15,1.17,5.99,2026-01-30 16:05:24,0.0,1.0,754.0,0.0,,,,//arquivos/in/pokemon_bkp/cd/754/697cf147a6d12-73s2m-oykr1-9a3cbb1b17fb0c24b5f4da3defde2c8b.jpg
https://www.ligapokemon.com.br/?view=cards/search&card=edid=754%20ed=ASC,ASC,0.19,4.99,268.0,Banette (#091/217),Banette,P,,091,000000000000091,0.0,0.19,1.37,4.99,2026-01-30 16:05:25,0.0,2.0,754.0,0.0,,,,//arquivos/in/pokemon_bkp/cd/754/697cf14935820-3yx8c-506ux-9a3cbb1b17fb0c24b5f4da3defde2c8b.jpg
https://www.ligapokemon.com.br/?view=cards/search&card=edid=754%20ed=ASC,ASC,0.19,5.00,5.0,Rotom (#092/217),Rotom,P,,092,000000000000092,0.0,0.19,1.20,5.00,2026-01-30 16:05:27,0.0,1.0,754.0,0.0,,,,//arquivos/in/pokemon_bkp/cd/754/697cf14abefb9-nps3z-qur8n-9a3cbb1b17fb0c24b5f4da3defde2c8b.jpg
https://www.ligapokemon.com.br/?view=cards/search&card=edid=754%20ed=ASC,ASC,0.15,4.99,619.0,Swirlix (#093/217),Swirlix,P,,093,000000000000093,0.0,0.15,1.39,4.99,2026-01-30 16:05:28,0.0,1.0,754.0,0.0,,,,//arquivos/in/pokemon_bkp/cd/754/697cf14c46162-596do-e7fma-9a3cbb1b17fb0c24b5f4da3defde2c8b.jpg
https://www.ligapokemon.com.br/?view=cards/search&card=edid=754%20ed=ASC,ASC,0.19,4.99,620.0,Slurpuff (#094/217),Slurpuff,P,,094,000000000000094,0.0,0.19,1.16,4.99,2026-01-30 16:05:30,0.0,2.0,754.0,0.0,,,,//arquivos/in/pokemon_bkp/cd/754/697cf14dd2d96-018hx-vc8as-9a3cbb1b17fb0c24b5f4da3defde2c8b.jpg
https://www.ligapokemon.com.br/?view=cards/search&card=edid=754%20ed=ASC,ASC,0.19,5.00,8026.0,Hop's Phantump (#095/217),Phantump do Lupo,P,,095,000000000000095,0.0,0.19,1.35,5.00,2026-01-30 16:05:32,0.0,1.0,754.0,0.0,,,,//arquivos/in/pokemon_bkp/cd/754/697cf14f62f52-n0bi5-jhm9o-9a3cbb1b17fb0c24b5f4da3defde2c8b.jpg
https://www.ligapokemon.com.br/?view=cards/search&card=edid=754%20ed=ASC,ASC,0.28,4.99,8027.0,Hop's Trevenant (#096/217),Trevenant do Lupo,P,,096,000000000000096,0.0,0.28,1.75,4.99,2026-01-30 16:05:33,0.0,3.0,754.0,0.0,,,,//arquivos/in/pokemon_bkp/cd/754/697cf150ef4a7-tnmb5-8ryal-9a3cbb1b17fb0c24b5f4da3defde2c8b.jpg
https://www.ligapokemon.com.br/?view=cards/search&card=edid=754%20ed=ASC,ASC,0.19,4.99,7603.0,Team Rocket's Mimikyu (#097/217),Mimikyu da Equipe Rocket,P,,097,000000000000097,0.0,0.19,1.47,4.99,2026-01-30 16:05:35,0.0,2.0,754.0,0.0,,,,//arquivos/in/pokemon_bkp/cd/754/697cf15275e76-hc9wj-tn2eu-9a3cbb1b17fb0c24b5f4da3defde2c8b.jpg
https://www.ligapokemon.com.br/?view=cards/search&card=edid=754%20ed=ASC,ASC,0.28,5.00,6031.0,Spectrier (#098/217),Spectrier,P,,098,000000000000098,0.0,0.28,2.14,5.00,2026-01-30 16:05:36,0.0,3.0,754.0,0.0,,,,//arquivos/in/pokemon_bkp/cd/754/697cf1540ecb9-4qvi9-stipz-9a3cbb1b17fb0c24b5f4da3defde2c8b.jpg
https://www.ligapokemon.com.br/?view=cards/search&card=edid=754%20ed=ASC,ASC,0.49,14.99,6985.0,Munkidori (#099/217),Munkidori,P,,099,000000000000099,0.0,0.49,6.23,14.99,2026-01-30 16:05:38,0.0,3.0,754.0,0.0,,,,//arquivos/in/pokemon_bkp/cd/754/697cf1559484a-cb2i5-4cpiy-9a3cbb1b17fb0c24b5f4da3defde2c8b.jpg
https://www.ligapokemon.com.br/?view=cards/search&card=edid=754%20ed=ASC,ASC,0.19,4.75,8028.0,Team Rocket's Diglett (#100/217),Diglett da Equipe Rocket,F,,100,000000000000100,0.0,0.19,1.11,4.75,2026-01-30 16:05:39,0.0,1.0,754.0,0.0,,,,//arquivos/in/pokemon_bkp/cd/754/697cf157201c1-fmw29-j9yu8-9a3cbb1b17fb0c24b5f4da3defde2c8b.jpg
https://www.ligapokemon.com.br/?view=cards/search&card=edid=754%20ed=ASC,ASC,0.19,3.00,8029.0,Team Rocket's Dugtrio (#101/217),Dugtrio da Equipe Rocket,F,,101,000000000000101,0.0,0.19,1.21,3.00,2026-01-30 16:05:41,0.0,2.0,754.0,0.0,,,,//arquivos/in/pokemon_bkp/cd/754/697cf158a7bd8-7osid-hx1lg-9a3cbb1b17fb0c24b5f4da3defde2c8b.jpg
https://www.ligapokemon.com.br/?view=cards/search&card=edid=754%20ed=ASC,ASC,0.15,4.99,847.0,Hitmontop (#102/217),Hitmontop,F,,102,000000000000102,0.0,0.15,1.42,4.99,2026-01-30 16:05:42,0.0,1.0,754.0,0.0,,,,//arquivos/in/pokemon_bkp/cd/754/697cf15a3affc-qega5-txy41-9a3cbb1b17fb0c24b5f4da3defde2c8b.jpg
https://www.ligapokemon.com.br/?view=cards/search&card=edid=754%20ed=ASC,ASC,0.19,4.85,761.0,Meditite (#103/217),Meditite,F,,103,000000000000103,0.0,0.19,1.13,4.85,2026-01-30 16:05:44,0.0,1.0,754.0,0.0,,,,//arquivos/in/pokemon_bkp/cd/754/697cf15bbecab-e2h3o-7ike5-9a3cbb1b17fb0c24b5f4da3defde2c8b.jpg
https://www.ligapokemon.com.br/?view=cards/search&card=edid=754%20ed=ASC,ASC,0.19,4.75,5069.0,Medicham (#104/217),Medicham,F,,104,000000000000104,0.0,0.19,1.17,4.75,2026-01-30 16:05:45,0.0,1.0,754.0,0.0,,,,//arquivos/in/pokemon_bkp/cd/754/697cf15d466a1-9bvkl-lm2bg-9a3cbb1b17fb0c24b5f4da3defde2c8b.jpg
https://www.ligapokemon.com.br/?view=cards/search&card=edid=754%20ed=ASC,ASC,0.42,6.00,215.0,Lunatone (#105/217),Lunatone,F,,105,000000000000105,0.0,0.42,2.41,6.00,2026-01-30 16:05:47,0.0,3.0,754.0,0.0,,,,//arquivos/in/pokemon_bkp/cd/754/697cf15ed2fec-znxv7-a2ciw-9a3cbb1b17fb0c24b5f4da3defde2c8b.jpg
https://www.ligapokemon.com.br/?view=cards/search&card=edid=754%20ed=ASC,ASC,0.23,6.80,224.0,Solrock (#106/217),Solrock,F,,106,000000000000106,0.0,0.23,2.01,6.80,2026-01-30 16:05:49,0.0,2.0,754.0,0.0,,,,//arquivos/in/pokemon_bkp/cd/754/697cf1606625a-7icmk-yvkwz-9a3cbb1b17fb0c24b5f4da3defde2c8b.jpg
https://www.ligapokemon.com.br/?view=cards/search&card=edid=754%20ed=ASC,ASC,3.50,14.99,1633.0,Regirock ex (#107/217),Regirock ex,F,,107,000000000000107,0.0,3.50,5.83,14.99,2026-01-30 16:05:50,0.0,20.0,754.0,0.0,,,,//arquivos/in/pokemon_bkp/cd/754/697cf161ec4ae-7herb-rsnub-9a3cbb1b17fb0c24b5f4da3defde2c8b.jpg
https://www.ligapokemon.com.br/?view=cards/search&card=edid=754%20ed=ASC,ASC,0.39,4.75,1267.0,Groudon (#108/217),Groudon,F,,108,000000000000108,0.0,0.39,1.83,4.75,2026-01-30 16:05:52,0.0,3.0,754.0,0.0,,,,//arquivos/in/pokemon_bkp/cd/754/697cf1637f68f-im08u-t3qvz-9a3cbb1b17fb0c24b5f4da3defde2c8b.jpg
https://www.ligapokemon.com.br/?view=cards/search&card=edid=754%20ed=ASC,ASC,0.19,4.85,7528.0,Cynthia's Gible (#109/217),Gible da C&iacute;ntia,F,,109,000000000000109,0.0,0.19,1.56,4.85,2026-01-30 16:05:53,0.0,1.0,754.0,0.0,,,,//arquivos/in/pokemon_bkp/cd/754/697cf1650e11b-k1jmg-s0e3z-9a3cbb1b17fb0c24b5f4da3defde2c8b.jpg
https://www.ligapokemon.com.br/?view=cards/search&card=edid=754%20ed=ASC,ASC,0.19,4.75,7529.0,Cynthia's Gabite (#110/217),Gabite da C&iacute;ntia,F,,110,000000000000110,0.0,0.19,2.01,4.75,2026-01-30 16:05:55,0.0,2.0,754.0,0.0,,,,//arquivos/in/pokemon_bkp/cd/754/697cf1668d64d-ifkq5-xu703-9a3cbb1b17fb0c24b5f4da3defde2c8b.jpg
https://www.ligapokemon.com.br/?view=cards/search&card=edid=754%20ed=ASC,ASC,8.73,19.90,7340.0,Cynthia's Garchomp ex (#111/217),Garchomp ex da C&iacute;ntia,F,,111,000000000000111,0.0,8.73,13.53,19.90,2026-01-30 16:05:56,0.0,20.0,754.0,0.0,,,,//arquivos/in/pokemon_bkp/cd/754/697cf1681ee4a-yms12-tm84r-9a3cbb1b17fb0c24b5f4da3defde2c8b.jpg
https://www.ligapokemon.com.br/?view=cards/search&card=edid=754%20ed=ASC,ASC,0.14,5.00,91.0,Riolu (#112/217),Riolu,F,,112,000000000000112,0.0,0.14,1.39,5.00,2026-01-30 16:05:58,0.0,1.0,754.0,0.0,,,,//arquivos/in/pokemon_bkp/cd/754/697cf16a14eb4-bsm5t-4mhlz-9a3cbb1b17fb0c24b5f4da3defde2c8b.jpg
https://www.ligapokemon.com.br/?view=cards/search&card=edid=754%20ed=ASC,ASC,9.90,29.90,7867.0,Mega Lucario ex (#113/217),Mega Lucario ex,F,,113,000000000000113,0.0,9.90,23.59,29.90,2026-01-30 16:05:59,0.0,20.0,754.0,0.0,,,,//arquivos/in/pokemon_bkp/cd/754/697cf16ba3021-wzxt1-pbx5n-9a3cbb1b17fb0c24b5f4da3defde2c8b.jpg
https://www.ligapokemon.com.br/?view=cards/search&card=edid=754%20ed=ASC,ASC,3.99,19.99,8175.0,Stunfisk ex (#114/217),Stunfisk ex,F,,114,000000000000114,0.0,3.99,7.16,19.99,2026-01-30 16:06:01,0.0,20.0,754.0,0.0,,,,//arquivos/in/pokemon_bkp/cd/754/697cf16d2d397-13bzp-i0kbo-9a3cbb1b17fb0c24b5f4da3defde2c8b.jpg
https://www.ligapokemon.com.br/?view=cards/search&card=edid=754%20ed=ASC,ASC,0.15,3.99,1654.0,Pancham (#115/217),Pancham,F,,115,000000000000115,0.0,0.15,1.25,3.99,2026-01-30 16:06:03,0.0,1.0,754.0,0.0,,,,//arquivos/in/pokemon_bkp/cd/754/697cf16eb1f44-e1zow-dejal-9a3cbb1b17fb0c24b5f4da3defde2c8b.jpg
https://www.ligapokemon.com.br/?view=cards/search&card=edid=754%20ed=ASC,ASC,5.60,24.99,8030.0,Mega Hawlucha ex (#116/217),Mega Hawlucha ex,F,,116,000000000000116,0.0,5.60,12.96,24.99,2026-01-30 16:06:04,0.0,20.0,754.0,0.0,,,,//arquivos/in/pokemon_bkp/cd/754/697cf1703f27a-48m0l-wy7um-9a3cbb1b17fb0c24b5f4da3defde2c8b.jpg
https://www.ligapokemon.com.br/?view=cards/search&card=edid=754%20ed=ASC,ASC,0.19,4.99,1431.0,Carbink (#117/217),Carbink,F,,117,000000000000117,0.0,0.19,1.42,4.99,2026-01-30 16:06:06,0.0,2.0,754.0,0.0,,,,//arquivos/in/pokemon_bkp/cd/754/697cf171c4589-pfs0o-yb5w7-9a3cbb1b17fb0c24b5f4da3defde2c8b.jpg
https://www.ligapokemon.com.br/?view=cards/search&card=edid=754%20ed=ASC,ASC,0.15,4.85,5038.0,Rolycoly (#118/217),Rolycoly,F,,118,000000000000118,0.0,0.15,1.04,4.85,2026-01-30 16:06:08,0.0,1.0,754.0,0.0,,,,//arquivos/in/pokemon_bkp/cd/754/697cf1734b3e5-fz7ch-v4mzg-9a3cbb1b17fb0c24b5f4da3defde2c8b.jpg
https://www.ligapokemon.com.br/?view=cards/search&card=edid=754%20ed=ASC,ASC,0.15,4.99,5018.0,Carkol (#119/217),Carkol,F,,119,000000000000119,0.0,0.15,1.26,4.99,2026-01-30 16:06:09,0.0,1.0,754.0,0.0,,,,//arquivos/in/pokemon_bkp/cd/754/697cf174ca74e-rblt2-f3a69-9a3cbb1b17fb0c24b5f4da3defde2c8b.jpg
https://www.ligapokemon.com.br/?view=cards/search&card=edid=754%20ed=ASC,ASC,0.35,4.90,5042.0,Coalossal (#120/217),Coalossal,F,,120,000000000000120,0.0,0.35,1.69,4.90,2026-01-30 16:06:11,0.0,3.0,754.0,0.0,,,,//arquivos/in/pokemon_bkp/cd/754/697cf17655fe8-n6gu1-7abh4-9a3cbb1b17fb0c24b5f4da3defde2c8b.jpg
https://www.ligapokemon.com.br/?view=cards/search&card=edid=754%20ed=ASC,ASC,4.50,19.99,6308.0,Koraidon ex (#121/217),Koraidon ex,F,,121,000000000000121,0.0,4.50,8.12,19.99,2026-01-30 16:06:12,0.0,20.0,754.0,0.0,,,,//arquivos/in/pokemon_bkp/cd/754/697cf177d920f-3gpnb-pdcje-9a3cbb1b17fb0c24b5f4da3defde2c8b.jpg
https://www.ligapokemon.com.br/?view=cards/search&card=edid=754%20ed=ASC,ASC,0.34,100.00,6987.0,Okidogi (#122/217),Okidogi,F,,122,000000000000122,0.0,0.34,1.68,100.00,2026-01-30 16:06:14,0.0,3.0,754.0,0.0,,,,//arquivos/in/pokemon_bkp/cd/754/697cf17967590-d60it-xwp29-9a3cbb1b17fb0c24b5f4da3defde2c8b.jpg
https://www.ligapokemon.com.br/?view=cards/search&card=edid=754%20ed=ASC,ASC,0.15,9.90,448.0,Gastly (#123/217),Gastly,D,,123,000000000000123,0.0,0.15,1.42,9.90,2026-01-30 16:06:15,0.0,1.0,754.0,0.0,,,,//arquivos/in/pokemon_bkp/cd/754/697cf17aeccc4-265tf-1ose4-9a3cbb1b17fb0c24b5f4da3defde2c8b.jpg
https://www.ligapokemon.com.br/?view=cards/search&card=edid=754%20ed=ASC,ASC,0.19,4.75,438.0,Haunter (#124/217),Haunter,D,,124,000000000000124,0.0,0.19,1.64,4.75,2026-01-30 16:06:17,0.0,2.0,754.0,0.0,,,,//arquivos/in/pokemon_bkp/cd/754/697cf17c75d5c-1cohd-h61jg-9a3cbb1b17fb0c24b5f4da3defde2c8b.jpg
https://www.ligapokemon.com.br/?view=cards/search&card=edid=754%20ed=ASC,ASC,4.70,24.90,8004.0,Mega Gengar ex (#125/217),Mega Gengar ex,D,,125,000000000000125,0.0,4.70,14.08,24.90,2026-01-30 16:06:18,0.0,20.0,754.0,0.0,,,,//arquivos/in/pokemon_bkp/cd/754/697cf17e040fc-pn4c5-8ompg-9a3cbb1b17fb0c24b5f4da3defde2c8b.jpg
https://www.ligapokemon.com.br/?view=cards/search&card=edid=754%20ed=ASC,ASC,0.20,4.75,7624.0,Team Rocket's Murkrow (#126/217),Murkrow da Equipe Rocket,D,,126,000000000000126,0.0,0.20,1.72,4.75,2026-01-30 16:06:20,0.0,1.0,754.0,0.0,,,,//arquivos/in/pokemon_bkp/cd/754/697cf17f8bb2c-e01z7-2lwcr-9a3cbb1b17fb0c24b5f4da3defde2c8b.jpg
https://www.ligapokemon.com.br/?view=cards/search&card=edid=754%20ed=ASC,ASC,0.50,26.00,8031.0,Team Rocket's Honchkrow (#127/217),Honchkrow da Equipe Rocket,D,,127,000000000000127,0.0,0.50,11.60,26.00,2026-01-30 16:06:21,0.0,3.0,754.0,0.0,,,,//arquivos/in/pokemon_bkp/cd/754/697cf1811483f-73gji-dmgsx-9a3cbb1b17fb0c24b5f4da3defde2c8b.jpg
https://www.ligapokemon.com.br/?view=cards/search&card=edid=754%20ed=ASC,ASC,0.15,4.75,762.0,Poochyena (#128/217),Poochyena,D,,128,000000000000128,0.0,0.15,1.20,4.75,2026-01-30 16:06:23,0.0,1.0,754.0,0.0,,,,//arquivos/in/pokemon_bkp/cd/754/697cf182936c3-23jvp-ewh9b-9a3cbb1b17fb0c24b5f4da3defde2c8b.jpg
https://www.ligapokemon.com.br/?view=cards/search&card=edid=754%20ed=ASC,ASC,0.19,4.99,755.0,Mightyena (#129/217),Mightyena,D,,129,000000000000129,0.0,0.19,1.87,4.99,2026-01-30 16:06:24,0.0,2.0,754.0,0.0,,,,//arquivos/in/pokemon_bkp/cd/754/697cf184227af-i6qbj-gkbsj-9a3cbb1b17fb0c24b5f4da3defde2c8b.jpg
https://www.ligapokemon.com.br/?view=cards/search&card=edid=754%20ed=ASC,ASC,0.15,4.99,4908.0,Galarian Zigzagoon (#130/217),Zigzagoon de Galar,D,,130,000000000000130,0.0,0.15,1.50,4.99,2026-01-30 16:06:26,0.0,1.0,754.0,0.0,,,,//arquivos/in/pokemon_bkp/cd/754/697cf185af8c2-0qren-ynuh3-9a3cbb1b17fb0c24b5f4da3defde2c8b.jpg
https://www.ligapokemon.com.br/?view=cards/search&card=edid=754%20ed=ASC,ASC,0.19,4.25,4916.0,Galarian Linoone (#131/217),Linoone de Galar,D,,131,000000000000131,0.0,0.19,1.16,4.25,2026-01-30 16:06:28,0.0,1.0,754.0,0.0,,,,//arquivos/in/pokemon_bkp/cd/754/697cf18740744-ialmw-4t0br-9a3cbb1b17fb0c24b5f4da3defde2c8b.jpg
https://www.ligapokemon.com.br/?view=cards/search&card=edid=754%20ed=ASC,ASC,0.15,4.99,4911.0,Galarian Obstagoon (#132/217),Obstagoon de Galar,D,,132,000000000000132,0.0,0.15,1.42,4.99,2026-01-30 16:06:29,0.0,2.0,754.0,0.0,,,,//arquivos/in/pokemon_bkp/cd/754/697cf188c34fb-724ni-jn9xo-9a3cbb1b17fb0c24b5f4da3defde2c8b.jpg
https://www.ligapokemon.com.br/?view=cards/search&card=edid=754%20ed=ASC,ASC,0.19,4.99,7533.0,Cynthia's Spiritomb (#133/217),Spiritomb da C&iacute;ntia,D,,133,000000000000133,0.0,0.19,1.51,4.99,2026-01-30 16:06:31,0.0,2.0,754.0,0.0,,,,//arquivos/in/pokemon_bkp/cd/754/697cf18a53d83-tbdc5-em93f-9a3cbb1b17fb0c24b5f4da3defde2c8b.jpg
https://www.ligapokemon.com.br/?view=cards/search&card=edid=754%20ed=ASC,ASC,0.15,5.99,732.0,Scraggy (#134/217),Scraggy,D,,134,000000000000134,0.0,0.15,1.24,5.99,2026-01-30 16:06:32,0.0,1.0,754.0,0.0,,,,//arquivos/in/pokemon_bkp/cd/754/697cf18bd002c-x9y3k-t2cky-9a3cbb1b17fb0c24b5f4da3defde2c8b.jpg
https://www.ligapokemon.com.br/?view=cards/search&card=edid=754%20ed=ASC,ASC,5.90,24.90,8032.0,Mega Scrafty ex (#135/217),Mega Scrafty ex,D,,135,000000000000135,0.0,5.90,18.99,24.90,2026-01-30 16:06:34,0.0,20.0,754.0,0.0,,,,//arquivos/in/pokemon_bkp/cd/754/697cf18d62b88-ql9u7-7asqh-9a3cbb1b17fb0c24b5f4da3defde2c8b.jpg
https://www.ligapokemon.com.br/?view=cards/search&card=edid=754%20ed=ASC,ASC,0.15,4.99,7311.0,N's Zorua (#136/217),Zorua do N,D,,136,000000000000136,0.0,0.15,2.17,4.99,2026-01-30 16:06:35,0.0,1.0,754.0,0.0,,,,//arquivos/in/pokemon_bkp/cd/754/697cf18ee795e-t6lnb-lureb-9a3cbb1b17fb0c24b5f4da3defde2c8b.jpg
https://www.ligapokemon.com.br/?view=cards/search&card=edid=754%20ed=ASC,ASC,24.00,44.90,7312.0,N's Zoroark ex (#137/217),Zoroark ex do N,D,,137,000000000000137,0.0,24.00,34.54,44.90,2026-01-30 16:06:37,0.0,20.0,754.0,0.0,,,,//arquivos/in/pokemon_bkp/cd/754/697cf190728a8-wlosf-6fqwd-9a3cbb1b17fb0c24b5f4da3defde2c8b.jpg
https://www.ligapokemon.com.br/?view=cards/search&card=edid=754%20ed=ASC,ASC,0.15,5.00,734.0,Vullaby (#138/217),Vullaby,D,,138,000000000000138,0.0,0.15,1.54,5.00,2026-01-30 16:06:38,0.0,1.0,754.0,0.0,,,,//arquivos/in/pokemon_bkp/cd/754/697cf19209fce-bx5sy-l3suk-9a3cbb1b17fb0c24b5f4da3defde2c8b.jpg
https://www.ligapokemon.com.br/?view=cards/search&card=edid=754%20ed=ASC,ASC,4.60,19.99,8176.0,Mandibuzz ex (#139/217),Mandibuzz ex,D,,139,000000000000139,0.0,4.60,10.50,19.99,2026-01-30 16:06:40,0.0,20.0,754.0,0.0,,,,//arquivos/in/pokemon_bkp/cd/754/697cf1938d295-b6cs5-1twmv-9a3cbb1b17fb0c24b5f4da3defde2c8b.jpg
https://www.ligapokemon.com.br/?view=cards/search&card=edid=754%20ed=ASC,ASC,0.15,4.75,1658.0,Pangoro (#140/217),Pangoro,D,,140,000000000000140,0.0,0.15,1.48,4.75,2026-01-30 16:06:43,0.0,2.0,754.0,0.0,,,,//arquivos/in/pokemon_bkp/cd/754/697cf19514abe-ajdry-mpxho-9a3cbb1b17fb0c24b5f4da3defde2c8b.jpg
https://www.ligapokemon.com.br/?view=cards/search&card=edid=754%20ed=ASC,ASC,0.37,4.99,4047.0,Hoopa (#141/217),Hoopa,D,,141,000000000000141,0.0,0.37,1.63,4.99,2026-01-30 16:06:45,0.0,3.0,754.0,0.0,,,,//arquivos/in/pokemon_bkp/cd/754/697cf196979a9-axoke-uv7zp-9a3cbb1b17fb0c24b5f4da3defde2c8b.jpg
https://www.ligapokemon.com.br/?view=cards/search&card=edid=754%20ed=ASC,ASC,20.90,59.99,7040.0,Fezandipiti ex (#142/217),Fezandipiti ex,D,,142,000000000000142,0.0,20.90,33.56,59.99,2026-01-30 16:06:47,0.0,20.0,754.0,0.0,,,,//arquivos/in/pokemon_bkp/cd/754/697cf19823706-3rk5m-djpx6-9a3cbb1b17fb0c24b5f4da3defde2c8b.jpg
https://www.ligapokemon.com.br/?view=cards/search&card=edid=754%20ed=ASC,ASC,0.34,100.00,7016.0,Pecharunt (#143/217),Pecharunt,D,,143,000000000000143,0.0,0.34,1.72,100.00,2026-01-30 16:06:49,0.0,3.0,754.0,0.0,,,,//arquivos/in/pokemon_bkp/cd/754/697cf199a4a1d-q1587-y2xb4-9a3cbb1b17fb0c24b5f4da3defde2c8b.jpg
https://www.ligapokemon.com.br/?view=cards/search&card=edid=754%20ed=ASC,ASC,0.15,5.00,166.0,Mawile (#144/217),Mawile,M,,144,000000000000144,0.0,0.15,1.66,5.00,2026-01-30 16:06:51,0.0,2.0,754.0,0.0,,,,//arquivos/in/pokemon_bkp/cd/754/697cf19b2df2a-nxu1r-bfnlr-9a3cbb1b17fb0c24b5f4da3defde2c8b.jpg
https://www.ligapokemon.com.br/?view=cards/search&card=edid=754%20ed=ASC,ASC,4.75,22.00,1634.0,Registeel ex (#145/217),Registeel ex,M,,145,000000000000145,0.0,4.75,9.19,22.00,2026-01-30 16:07:27,0.0,20.0,754.0,0.0,,,,//arquivos/in/pokemon_bkp/cd/754/697cf19cb02d1-d081c-fg50d-9a3cbb1b17fb0c24b5f4da3defde2c8b.jpg
https://www.ligapokemon.com.br/?view=cards/search&card=edid=754%20ed=ASC,ASC,0.15,4.99,612.0,Pawniard (#146/217),Pawniard,M,,146,000000000000146,0.0,0.15,1.29,4.99,2026-01-30 16:08:37,0.0,1.0,754.0,0.0,,,,//arquivos/in/pokemon_bkp/cd/754/697cf19e3ee2f-4dwaz-1ftl7-9a3cbb1b17fb0c24b5f4da3defde2c8b.jpg
https://www.ligapokemon.com.br/?view=cards/search&card=edid=754%20ed=ASC,ASC,0.20,4.99,613.0,Bisharp (#147/217),Bisharp,M,,147,000000000000147,0.0,0.20,1.32,4.99,2026-01-30 16:10:00,0.0,1.0,754.0,0.0,,,,//arquivos/in/pokemon_bkp/cd/754/697cf19fbf71e-x1zob-a9ji2-9a3cbb1b17fb0c24b5f4da3defde2c8b.jpg
https://www.ligapokemon.com.br/?view=cards/search&card=edid=754%20ed=ASC,ASC,0.42,4.99,6310.0,Kingambit (#148/217),Kingambit,M,,148,000000000000148,0.0,0.42,1.67,4.99,2026-01-30 16:10:50,0.0,3.0,754.0,0.0,,,,//arquivos/in/pokemon_bkp/cd/754/697cf1a1498ff-3tclv-bx3v7-9a3cbb1b17fb0c24b5f4da3defde2c8b.jpg
https://www.ligapokemon.com.br/?view=cards/search&card=edid=754%20ed=ASC,ASC,4.72,16.90,8177.0,Togedemaru ex (#149/217),Togedemaru ex,M,,149,000000000000149,0.0,4.72,8.56,16.90,2026-01-30 16:11:50,0.0,20.0,754.0,0.0,,,,//arquivos/in/pokemon_bkp/cd/754/697cf1a2cb3a9-r7znp-b3qro-9a3cbb1b17fb0c24b5f4da3defde2c8b.jpg
https://www.ligapokemon.com.br/?view=cards/search&card=edid=754%20ed=ASC,ASC,0.19,7.75,518.0,Dratini (#150/217),Dratini,O,,150,000000000000150,0.0,0.19,2.09,7.75,2026-01-30 16:12:50,0.0,1.0,754.0,0.0,,,,//arquivos/in/pokemon_bkp/cd/754/697cf1a45b608-nd1u4-02bkr-9a3cbb1b17fb0c24b5f4da3defde2c8b.jpg
https://www.ligapokemon.com.br/?view=cards/search&card=edid=754%20ed=ASC,ASC,0.24,4.99,513.0,Dragonair (#151/217),Dragonair,O,,151,000000000000151,0.0,0.24,2.19,4.99,2026-01-30 16:13:17,0.0,2.0,754.0,0.0,,,,//arquivos/in/pokemon_bkp/cd/754/697cf1a604375-843jl-6d352-9a3cbb1b17fb0c24b5f4da3defde2c8b.jpg
https://www.ligapokemon.com.br/?view=cards/search&card=edid=754%20ed=ASC,ASC,48.95,99.90,8033.0,Mega Dragonite ex (#152/217),Mega Dragonite ex,O,,152,000000000000152,0.0,48.95,65.22,99.90,2026-01-30 16:13:20,0.0,20.0,754.0,0.0,,,,//arquivos/in/pokemon_bkp/cd/754/697cf1a79a8e8-6vn2x-83l40-9a3cbb1b17fb0c24b5f4da3defde2c8b.jpg
https://www.ligapokemon.com.br/?view=cards/search&card=edid=754%20ed=ASC,ASC,0.43,7.99,104.0,Rayquaza (#153/217),Rayquaza,O,,153,000000000000153,0.0,0.43,2.83,7.99,2026-01-30 16:13:22,0.0,3.0,754.0,0.0,,,,//arquivos/in/pokemon_bkp/cd/754/697cf1a923fe3-f9z2e-mx81h-9a3cbb1b17fb0c24b5f4da3defde2c8b.jpg
https://www.ligapokemon.com.br/?view=cards/search&card=edid=754%20ed=ASC,ASC,0.40,5.00,7318.0,N's Reshiram (#154/217),Reshiram do N,O,,154,000000000000154,0.0,0.40,1.93,5.00,2026-01-30 16:13:24,0.0,3.0,754.0,0.0,,,,//arquivos/in/pokemon_bkp/cd/754/697cf1aaaf88f-pwb9m-gqsa0-9a3cbb1b17fb0c24b5f4da3defde2c8b.jpg
https://www.ligapokemon.com.br/?view=cards/search&card=edid=754%20ed=ASC,ASC,0.96,11.99,8015.0,N's Zekrom (#155/217),Zekrom do N,O,,155,000000000000155,0.0,0.96,5.48,11.99,2026-01-30 16:13:26,0.0,3.0,754.0,0.0,,,,//arquivos/in/pokemon_bkp/cd/754/697cf1ac3c861-bku7r-bi0n1-9a3cbb1b17fb0c24b5f4da3defde2c8b.jpg
https://www.ligapokemon.com.br/?view=cards/search&card=edid=754%20ed=ASC,ASC,0.15,4.85,1664.0,Noibat (#156/217),Noibat,O,,156,000000000000156,0.0,0.15,1.24,4.85,2026-01-30 16:13:28,0.0,1.0,754.0,0.0,,,,//arquivos/in/pokemon_bkp/cd/754/697cf1ae216fe-zk9nj-cheag-9a3cbb1b17fb0c24b5f4da3defde2c8b.jpg
https://www.ligapokemon.com.br/?view=cards/search&card=edid=754%20ed=ASC,ASC,0.19,4.85,1661.0,Noivern (#157/217),Noivern,O,,157,000000000000157,0.0,0.19,1.17,4.85,2026-01-30 16:13:57,0.0,2.0,754.0,0.0,,,,//arquivos/in/pokemon_bkp/cd/754/697cf1b022ee9-xm86l-i3nmu-9a3cbb1b17fb0c24b5f4da3defde2c8b.jpg
https://www.ligapokemon.com.br/?view=cards/search&card=edid=754%20ed=ASC,ASC,0.15,5.00,5031.0,Dreepy (#158/217),Dreepy,O,,158,000000000000158,0.0,0.15,1.65,5.00,2026-01-30 16:13:59,0.0,1.0,754.0,0.0,,,,//arquivos/in/pokemon_bkp/cd/754/697cf1b2257f2-jn6q2-43rhz-9a3cbb1b17fb0c24b5f4da3defde2c8b.jpg
https://www.ligapokemon.com.br/?view=cards/search&card=edid=754%20ed=ASC,ASC,0.19,5.00,5037.0,Drakloak (#159/217),Drakloak,O,,159,000000000000159,0.0,0.19,1.83,5.00,2026-01-30 16:14:01,0.0,1.0,754.0,0.0,,,,//arquivos/in/pokemon_bkp/cd/754/697cf1b428b22-hmyx8-zbol5-9a3cbb1b17fb0c24b5f4da3defde2c8b.jpg
https://www.ligapokemon.com.br/?view=cards/search&card=edid=754%20ed=ASC,ASC,4.20,14.90,6990.0,Dragapult ex (#160/217),Dragapult ex,O,,160,000000000000160,0.0,4.20,7.10,14.90,2026-01-30 16:14:02,0.0,20.0,754.0,0.0,,,,//arquivos/in/pokemon_bkp/cd/754/697cf1b626014-hdlpg-i3ah6-9a3cbb1b17fb0c24b5f4da3defde2c8b.jpg
https://www.ligapokemon.com.br/?view=cards/search&card=edid=754%20ed=ASC,ASC,0.19,4.25,1877.0,Team Rocket's Meowth (#161/217),Meowth da Equipe Rocket,C,,161,000000000000161,0.0,0.19,1.25,4.25,2026-01-30 16:14:04,0.0,1.0,754.0,0.0,,,,//arquivos/in/pokemon_bkp/cd/754/697cf1bb24e89-pcrm5-ruxmz-9a3cbb1b17fb0c24b5f4da3defde2c8b.jpg
https://www.ligapokemon.com.br/?view=cards/search&card=edid=754%20ed=ASC,ASC,5.40,19.99,7995.0,Team Rocket's Kangaskhan ex (#162/217),Kangaskhan ex da Equipe Rocket,C,,162,000000000000162,0.0,5.40,10.20,19.99,2026-01-30 16:14:06,0.0,20.0,754.0,0.0,,,,//arquivos/in/pokemon_bkp/cd/754/697cf1c4f3000-hyfc9-g5wkf-9a3cbb1b17fb0c24b5f4da3defde2c8b.jpg
https://www.ligapokemon.com.br/?view=cards/search&card=edid=754%20ed=ASC,ASC,0.19,17.09,8178.0,Larry's Dunsparce (#163/217),Dunsparce do Lauro,C,,163,000000000000163,0.0,0.19,4.71,17.09,2026-01-30 16:14:07,0.0,1.0,754.0,0.0,,,,//arquivos/in/pokemon_bkp/cd/754/697cf1c689be0-d5te3-uryld-9a3cbb1b17fb0c24b5f4da3defde2c8b.jpg
https://www.ligapokemon.com.br/?view=cards/search&card=edid=754%20ed=ASC,ASC,4.32,19.99,8179.0,Larry's Dudunsparce ex (#164/217),Dudunsparce ex do Lauro,C,,164,000000000000164,0.0,4.32,8.23,19.99,2026-01-30 16:14:09,0.0,20.0,754.0,0.0,,,,//arquivos/in/pokemon_bkp/cd/754/697cf1c8838d2-h39o4-u5qhf-9a3cbb1b17fb0c24b5f4da3defde2c8b.jpg
https://www.ligapokemon.com.br/?view=cards/search&card=edid=754%20ed=ASC,ASC,0.19,4.85,455.0,Skitty (#165/217),Skitty,C,,165,000000000000165,0.0,0.19,1.21,4.85,2026-01-30 16:14:11,0.0,1.0,754.0,0.0,,,,//arquivos/in/pokemon_bkp/cd/754/697cf1ca12b87-a03iy-tjzws-9a3cbb1b17fb0c24b5f4da3defde2c8b.jpg
https://www.ligapokemon.com.br/?view=cards/search&card=edid=754%20ed=ASC,ASC,0.19,4.00,424.0,Delcatty (#166/217),Delcatty,C,,166,000000000000166,0.0,0.19,1.16,4.00,2026-01-30 16:14:12,0.0,2.0,754.0,0.0,,,,//arquivos/in/pokemon_bkp/cd/754/697cf1cc20c05-adpw4-3w0of-9a3cbb1b17fb0c24b5f4da3defde2c8b.jpg
https://www.ligapokemon.com.br/?view=cards/search&card=edid=754%20ed=ASC,ASC,4.49,19.99,8180.0,Zangoose ex (#167/217),Zangoose ex,C,,167,000000000000167,0.0,4.49,9.52,19.99,2026-01-30 16:14:14,0.0,20.0,754.0,0.0,,,,//arquivos/in/pokemon_bkp/cd/754/697cf1ce249d6-1mdpb-ihfgk-9a3cbb1b17fb0c24b5f4da3defde2c8b.jpg
https://www.ligapokemon.com.br/?view=cards/search&card=edid=754%20ed=ASC,ASC,0.19,4.25,8181.0,Larry's Starly (#168/217),Starly do Lauro,C,,168,000000000000168,0.0,0.19,1.23,4.25,2026-01-30 16:14:15,0.0,1.0,754.0,0.0,,,,//arquivos/in/pokemon_bkp/cd/754/697cf1d02822d-nzx47-ar75e-9a3cbb1b17fb0c24b5f4da3defde2c8b.jpg
https://www.ligapokemon.com.br/?view=cards/search&card=edid=754%20ed=ASC,ASC,0.19,4.99,8182.0,Larry's Staravia (#169/217),Staravia do Lauro,C,,169,000000000000169,0.0,0.19,1.13,4.99,2026-01-30 16:14:17,0.0,2.0,754.0,0.0,,,,//arquivos/in/pokemon_bkp/cd/754/697cf1d21f629-et1qg-em2hi-9a3cbb1b17fb0c24b5f4da3defde2c8b.jpg
https://www.ligapokemon.com.br/?view=cards/search&card=edid=754%20ed=ASC,ASC,0.34,4.85,8183.0,Larry's Staraptor (#170/217),Staraptor do Lauro,C,,170,000000000000170,0.0,0.34,1.76,4.85,2026-01-30 16:14:18,0.0,3.0,754.0,0.0,,,,//arquivos/in/pokemon_bkp/cd/754/697cf1d423e25-l3ub5-kjdnz-9a3cbb1b17fb0c24b5f4da3defde2c8b.jpg
https://www.ligapokemon.com.br/?view=cards/search&card=edid=754%20ed=ASC,ASC,0.19,4.99,1869.0,Fan Rotom (#171/217),Rotom Ventilador,C,,171,000000000000171,0.0,0.19,1.82,4.99,2026-01-30 16:14:20,0.0,1.0,754.0,0.0,,,,//arquivos/in/pokemon_bkp/cd/754/697cf1ea3d0e1-utn34-6vufj-9a3cbb1b17fb0c24b5f4da3defde2c8b.jpg
https://www.ligapokemon.com.br/?view=cards/search&card=edid=754%20ed=ASC,ASC,8.99,34.90,8166.0,Mega Audino ex (#172/217),Mega Audino ex,C,,172,000000000000172,0.0,8.99,18.17,34.90,2026-01-30 16:14:21,0.0,20.0,754.0,0.0,,,,//arquivos/in/pokemon_bkp/cd/754/697cf1ebc7806-rp6tv-xbe6l-9a3cbb1b17fb0c24b5f4da3defde2c8b.jpg
https://www.ligapokemon.com.br/?view=cards/search&card=edid=754%20ed=ASC,ASC,0.15,4.99,8184.0,Larry's Rufflet (#173/217),Rufflet do Lauro,C,,173,000000000000173,0.0,0.15,1.51,4.99,2026-01-30 16:14:23,0.0,1.0,754.0,0.0,,,,//arquivos/in/pokemon_bkp/cd/754/697cf1ed546c5-0dkzm-dw37u-9a3cbb1b17fb0c24b5f4da3defde2c8b.jpg
https://www.ligapokemon.com.br/?view=cards/search&card=edid=754%20ed=ASC,ASC,0.19,4.75,8185.0,Larry's Braviary (#174/217),Braviary do Lauro,C,,174,000000000000174,0.0,0.19,1.42,4.75,2026-01-30 16:14:24,0.0,2.0,754.0,0.0,,,,//arquivos/in/pokemon_bkp/cd/754/697cf1ef243ac-x19va-hlvqn-9a3cbb1b17fb0c24b5f4da3defde2c8b.jpg
https://www.ligapokemon.com.br/?view=cards/search&card=edid=754%20ed=ASC,ASC,0.19,5.10,8186.0,Larry's Komala (#175/217),Komala do Lauro,C,,175,000000000000175,0.0,0.19,1.43,5.10,2026-01-30 16:14:26,0.0,1.0,754.0,0.0,,,,//arquivos/in/pokemon_bkp/cd/754/697cf1f120ea3-p8exd-9sqv6-9a3cbb1b17fb0c24b5f4da3defde2c8b.jpg
https://www.ligapokemon.com.br/?view=cards/search&card=edid=754%20ed=ASC,ASC,0.19,4.75,4347.0,Drampa (#176/217),Drampa,C,,176,000000000000176,0.0,0.19,1.19,4.75,2026-01-30 16:14:27,0.0,2.0,754.0,0.0,,,,//arquivos/in/pokemon_bkp/cd/754/697cf1f321fcc-xfobw-smg68-9a3cbb1b17fb0c24b5f4da3defde2c8b.jpg
https://www.ligapokemon.com.br/?view=cards/search&card=edid=754%20ed=ASC,ASC,0.19,4.99,7325.0,Hop's Cramorant (#177/217),Cramorant do Lupo,C,,177,000000000000177,0.0,0.19,1.30,4.99,2026-01-30 16:14:29,0.0,2.0,754.0,0.0,,,,//arquivos/in/pokemon_bkp/cd/754/697cf1f521505-5dxz4-4goth-9a3cbb1b17fb0c24b5f4da3defde2c8b.jpg
https://www.ligapokemon.com.br/?view=cards/search&card=edid=754%20ed=ASC,ASC,0.35,6.99,7176.0,Terapagos (#178/217),Terapagos,C,,178,000000000000178,0.0,0.35,1.49,6.99,2026-01-30 16:14:31,0.0,3.0,754.0,0.0,,,,//arquivos/in/pokemon_bkp/cd/754/697cf1f723494-417ti-5fqtj-9a3cbb1b17fb0c24b5f4da3defde2c8b.jpg
https://www.ligapokemon.com.br/?view=cards/search&card=edid=754%20ed=ASC,ASC,6.25,24.90,7081.0,Terapagos ex (#179/217),Terapagos ex,C,,179,000000000000179,0.0,6.25,10.21,24.90,2026-01-30 16:14:32,0.0,20.0,754.0,0.0,,,,//arquivos/in/pokemon_bkp/cd/754/697cf2007c1e4-43ek2-h6g0u-9a3cbb1b17fb0c24b5f4da3defde2c8b.jpg
https://www.ligapokemon.com.br/?view=cards/search&card=edid=754%20ed=ASC,ASC,0.20,3.99,7883.0,Acerola's Mischief (#180/217),Traquinagem da Acerola,C,,180,000000000000180,0.0,0.20,0.61,3.99,2026-01-30 16:14:34,0.0,2.0,754.0,0.0,,,,//arquivos/in/pokemon_bkp/cd/754/697cf20225163-cqjom-u0gif-9a3cbb1b17fb0c24b5f4da3defde2c8b.jpg
https://www.ligapokemon.com.br/?view=cards/search&card=edid=754%20ed=ASC,ASC,0.45,13.99,4905.0,Air Balloon (#181/217),Bal&atilde;o de Ar,C,,181,000000000000181,0.0,0.45,3.11,13.99,2026-01-30 16:14:35,0.0,2.0,754.0,0.0,,,,//arquivos/in/pokemon_bkp/cd/754/697cf2039d84c-5rcmn-hriap-9a3cbb1b17fb0c24b5f4da3defde2c8b.jpg
https://www.ligapokemon.com.br/?view=cards/search&card=edid=754%20ed=ASC,ASC,0.10,4.99,8037.0,Anthea & Concordia (#182/217),Amor e Paz,C,,182,000000000000182,0.0,0.10,0.80,4.99,2026-01-30 16:14:37,0.0,2.0,754.0,0.0,,,,//arquivos/in/pokemon_bkp/cd/754/697cf20534763-bpn1s-l2eqs-9a3cbb1b17fb0c24b5f4da3defde2c8b.jpg
https://www.ligapokemon.com.br/?view=cards/search&card=edid=754%20ed=ASC,ASC,0.39,7.99,4997.0,Boss's Orders (#183/217),Ordem da Chefia,C,,183,000000000000183,0.0,0.39,3.80,7.99,2026-01-30 16:14:38,0.0,2.0,754.0,0.0,,,,//arquivos/in/pokemon_bkp/cd/754/697cf206b19e8-h5m0c-97yor-9a3cbb1b17fb0c24b5f4da3defde2c8b.jpg
https://www.ligapokemon.com.br/?view=cards/search&card=edid=754%20ed=ASC,ASC,0.20,13.00,6952.0,Buddy-Buddy Poffin (#184/217),Poffin de Colega,C,,184,000000000000184,0.0,0.20,0.93,13.00,2026-01-30 16:14:40,0.0,1.0,754.0,0.0,,,,//arquivos/in/pokemon_bkp/cd/754/697cf20849854-pltrd-m7vpn-9a3cbb1b17fb0c24b5f4da3defde2c8b.jpg
https://www.ligapokemon.com.br/?view=cards/search&card=edid=754%20ed=ASC,ASC,0.20,9.99,8036.0,Canari (#185/217),Canari,C,,185,000000000000185,0.0,0.20,1.35,9.99,2026-01-30 16:14:41,0.0,2.0,754.0,0.0,,,,//arquivos/in/pokemon_bkp/cd/754/697cf209cf65a-mrcw4-4nl82-9a3cbb1b17fb0c24b5f4da3defde2c8b.jpg
https://www.ligapokemon.com.br/?view=cards/search&card=edid=754%20ed=ASC,ASC,0.20,3.99,4659.0,Counter Gain (#186/217),Contra-ataque de Alcance,C,,186,000000000000186,0.0,0.20,1.06,3.99,2026-01-30 16:14:43,0.0,1.0,754.0,0.0,,,,//arquivos/in/pokemon_bkp/cd/754/697cf20b5a29e-3h1l8-sbjpm-9a3cbb1b17fb0c24b5f4da3defde2c8b.jpg
https://www.ligapokemon.com.br/?view=cards/search&card=edid=754%20ed=ASC,ASC,0.20,5.00,7932.0,Fighting Gong (#187/217),Gongo de Luta,C,,187,000000000000187,0.0,0.20,1.45,5.00,2026-01-30 16:14:44,0.0,2.0,754.0,0.0,,,,//arquivos/in/pokemon_bkp/cd/754/697cf20cd92f6-6sdeh-r2k4n-9a3cbb1b17fb0c24b5f4da3defde2c8b.jpg
https://www.ligapokemon.com.br/?view=cards/search&card=edid=754%20ed=ASC,ASC,0.25,5.99,7942.0,Forest of Vitality (#188/217),Floresta da Vitalidade,C,,188,000000000000188,0.0,0.25,1.65,5.99,2026-01-30 16:14:46,0.0,2.0,754.0,0.0,,,,//arquivos/in/pokemon_bkp/cd/754/697cf20e6be71-s58cb-vqfzk-9a3cbb1b17fb0c24b5f4da3defde2c8b.jpg
https://www.ligapokemon.com.br/?view=cards/search&card=edid=754%20ed=ASC,ASC,0.15,2.50,7082.0,Glass Trumpet (#189/217),Trompete de Vidro,C,,189,000000000000189,0.0,0.15,0.63,2.50,2026-01-30 16:14:48,0.0,1.0,754.0,0.0,,,,//arquivos/in/pokemon_bkp/cd/754/697cf20feef1a-73drh-gficw-9a3cbb1b17fb0c24b5f4da3defde2c8b.jpg
https://www.ligapokemon.com.br/?view=cards/search&card=edid=754%20ed=ASC,ASC,0.17,3.00,7331.0,Iris's Fighting Spirit (#190/217),Esp&iacute;rito de Luta da Iris,C,,190,000000000000190,0.0,0.17,0.63,3.00,2026-01-30 16:14:49,0.0,2.0,754.0,0.0,,,,//arquivos/in/pokemon_bkp/cd/754/697cf2117b9ab-dzeam-wnjsr-9a3cbb1b17fb0c24b5f4da3defde2c8b.jpg
https://www.ligapokemon.com.br/?view=cards/search&card=edid=754%20ed=ASC,ASC,0.24,5.99,8034.0,Light Ball (#191/217),Esfera de Luz,C,,191,000000000000191,0.0,0.24,1.40,5.99,2026-01-30 16:14:51,0.0,2.0,754.0,0.0,,,,//arquivos/in/pokemon_bkp/cd/754/697cf2130e52f-jokf3-9xz1l-9a3cbb1b17fb0c24b5f4da3defde2c8b.jpg
https://www.ligapokemon.com.br/?view=cards/search&card=edid=754%20ed=ASC,ASC,0.20,14.99,7874.0,Lillie's Determination (#192/217),Determina&ccedil;&atilde;o da L&iacute;lian,C,,192,000000000000192,0.0,0.20,3.03,14.99,2026-01-30 16:14:53,0.0,2.0,754.0,0.0,,,,//arquivos/in/pokemon_bkp/cd/754/697cf21498f94-9kp1f-tu8qd-9a3cbb1b17fb0c24b5f4da3defde2c8b.jpg
https://www.ligapokemon.com.br/?view=cards/search&card=edid=754%20ed=ASC,ASC,0.20,3.00,7882.0,Mega Signal (#193/217),Megassinal,C,,193,000000000000193,0.0,0.20,0.95,3.00,2026-01-30 16:14:54,0.0,1.0,754.0,0.0,,,,//arquivos/in/pokemon_bkp/cd/754/697cf2163246a-csaem-wyuhk-9a3cbb1b17fb0c24b5f4da3defde2c8b.jpg
https://www.ligapokemon.com.br/?view=cards/search&card=edid=754%20ed=ASC,ASC,0.24,5.00,7887.0,Mystery Garden (#194/217),Jardim Misterioso,C,,194,000000000000194,0.0,0.24,1.18,5.00,2026-01-30 16:14:56,0.0,2.0,754.0,0.0,,,,//arquivos/in/pokemon_bkp/cd/754/697cf217ab174-zas1d-m2r0h-9a3cbb1b17fb0c24b5f4da3defde2c8b.jpg
https://www.ligapokemon.com.br/?view=cards/search&card=edid=754%20ed=ASC,ASC,0.21,3.99,7326.0,N's PP Up (#195/217),PP Up do N,C,,195,000000000000195,0.0,0.21,1.15,3.99,2026-01-30 16:14:57,0.0,2.0,754.0,0.0,,,,//arquivos/in/pokemon_bkp/cd/754/697cf2193aba5-c7gvb-xphbf-9a3cbb1b17fb0c24b5f4da3defde2c8b.jpg
https://www.ligapokemon.com.br/?view=cards/search&card=edid=754%20ed=ASC,ASC,0.25,14.99,7044.0,Night Stretcher (#196/217),Maca Noturna,C,,196,000000000000196,0.0,0.25,5.63,14.99,2026-01-30 16:14:59,0.0,1.0,754.0,0.0,,,,//arquivos/in/pokemon_bkp/cd/754/697cf21abe0fe-6uprx-7pxco-9a3cbb1b17fb0c24b5f4da3defde2c8b.jpg
https://www.ligapokemon.com.br/?view=cards/search&card=edid=754%20ed=ASC,ASC,0.25,9.99,8191.0,Nighttime Mine (#197/217),Mina Noturna,C,,197,000000000000197,0.0,0.25,1.74,9.99,2026-01-30 16:15:00,0.0,2.0,754.0,0.0,,,,//arquivos/in/pokemon_bkp/cd/754/697cf21c4f426-18f32-k4rw3-9a3cbb1b17fb0c24b5f4da3defde2c8b.jpg
https://www.ligapokemon.com.br/?view=cards/search&card=edid=754%20ed=ASC,ASC,18.49,40.00,8018.0,Pok&eacute; Pad (#198/217),Pok&eacute; Tablet,C,,198,000000000000198,0.0,18.49,27.30,40.00,2026-01-30 16:15:02,3.0,1.0,754.0,0.0,,,,//arquivos/in/pokemon_bkp/cd/754/697cf21dcecec-6wocu-yrpxo-9a3cbb1b17fb0c24b5f4da3defde2c8b.jpg
https://www.ligapokemon.com.br/?view=cards/search&card=edid=754%20ed=ASC,ASC,0.24,5.00,7871.0,Premium Power Pro (#199/217),Suplemento Premium Pro,C,,199,000000000000199,0.0,0.24,1.45,5.00,2026-01-30 16:15:03,0.0,2.0,754.0,0.0,,,,//arquivos/in/pokemon_bkp/cd/754/697cf21f5efb2-3qu1n-mkwd8-9a3cbb1b17fb0c24b5f4da3defde2c8b.jpg
https://www.ligapokemon.com.br/?view=cards/search&card=edid=754%20ed=ASC,ASC,0.20,3.50,7109.0,Surfer (#200/217),Surfista,C,,200,000000000000200,0.0,0.20,1.14,3.50,2026-01-30 16:15:05,0.0,1.0,754.0,0.0,,,,//arquivos/in/pokemon_bkp/cd/754/697cf2210b603-qho3c-eo5mb-9a3cbb1b17fb0c24b5f4da3defde2c8b.jpg
https://www.ligapokemon.com.br/?view=cards/search&card=edid=754%20ed=ASC,ASC,0.20,3.00,7637.0,Team Rocket's Archer (#201/217),Apollo da Equipe Rocket,C,,201,000000000000201,0.0,0.20,1.15,3.00,2026-01-30 16:15:07,0.0,2.0,754.0,0.0,,,,//arquivos/in/pokemon_bkp/cd/754/697cf2228fd54-y1hbd-iop6a-9a3cbb1b17fb0c24b5f4da3defde2c8b.jpg
https://www.ligapokemon.com.br/?view=cards/search&card=edid=754%20ed=ASC,ASC,0.25,4.00,7636.0,Team Rocket's Ariana (#202/217),Athena da Equipe Rocket,C,,202,000000000000202,0.0,0.25,1.90,4.00,2026-01-30 16:15:09,0.0,2.0,754.0,0.0,,,,//arquivos/in/pokemon_bkp/cd/754/697cf2241e265-hcqzu-dfv9m-9a3cbb1b17fb0c24b5f4da3defde2c8b.jpg
https://www.ligapokemon.com.br/?view=cards/search&card=edid=754%20ed=ASC,ASC,0.22,5.00,7642.0,Team Rocket's Factory (#203/217),F&aacute;brica da Equipe Rocket,C,,203,000000000000203,0.0,0.22,1.33,5.00,2026-01-30 16:15:11,0.0,2.0,754.0,0.0,,,,//arquivos/in/pokemon_bkp/cd/754/697cf2259e201-l9xj0-sbvor-9a3cbb1b17fb0c24b5f4da3defde2c8b.jpg
https://www.ligapokemon.com.br/?view=cards/search&card=edid=754%20ed=ASC,ASC,0.20,5.00,7638.0,Team Rocket's Giovanni (#204/217),Giovanni da Equipe Rocket,C,,204,000000000000204,0.0,0.20,1.46,5.00,2026-01-30 16:15:13,0.0,2.0,754.0,0.0,,,,//arquivos/in/pokemon_bkp/cd/754/697cf22734332-3arqf-n4pei-9a3cbb1b17fb0c24b5f4da3defde2c8b.jpg
https://www.ligapokemon.com.br/?view=cards/search&card=edid=754%20ed=ASC,ASC,0.20,3.00,7633.0,Team Rocket's Great Ball (#205/217),Grande Bola da Equipe Rocket,C,,205,000000000000205,0.0,0.20,0.99,3.00,2026-01-30 16:15:15,0.0,2.0,754.0,0.0,,,,//arquivos/in/pokemon_bkp/cd/754/697cf228b7a27-rs3wy-njmx7-9a3cbb1b17fb0c24b5f4da3defde2c8b.jpg
https://www.ligapokemon.com.br/?view=cards/search&card=edid=754%20ed=ASC,ASC,0.20,5.00,8213.0,Team Rocket's Hypnotizer (#206/217),Hipnotizador da Equipe Rocket,C,,206,000000000000206,0.0,0.20,1.31,5.00,2026-01-30 17:17:39,0.0,2.0,754.0,0.0,,,,//arquivos/in/pokemon_bkp/cd/754/697d11b91ea60-1sudz-u93gn-9a3cbb1b17fb0c24b5f4da3defde2c8b.jpg
https://www.ligapokemon.com.br/?view=cards/search&card=edid=754%20ed=ASC,ASC,0.89,7.00,7639.0,Team Rocket's Petrel (#207/217),Petrel da Equipe Rocket,C,,207,000000000000207,0.0,0.89,3.50,7.00,2026-01-30 16:15:18,0.0,2.0,754.0,0.0,,,,//arquivos/in/pokemon_bkp/cd/754/697cf22bc69b2-z0yrf-awm8j-9a3cbb1b17fb0c24b5f4da3defde2c8b.jpg
https://www.ligapokemon.com.br/?view=cards/search&card=edid=754%20ed=ASC,ASC,0.20,3.00,7640.0,Team Rocket's Proton (#208/217),Pr&oacute;ton da Equipe Rocket,C,,208,000000000000208,0.0,0.20,1.24,3.00,2026-01-30 16:15:19,0.0,2.0,754.0,0.0,,,,//arquivos/in/pokemon_bkp/cd/754/697cf22d659f6-po4dc-1zt0m-9a3cbb1b17fb0c24b5f4da3defde2c8b.jpg
https://www.ligapokemon.com.br/?view=cards/search&card=edid=754%20ed=ASC,ASC,0.20,4.00,7771.0,Team Rocket's Transceiver (#209/217),Transmissor da Equipe Rocket,C,,209,000000000000209,0.0,0.20,2.03,4.00,2026-01-30 16:15:21,0.0,2.0,754.0,0.0,,,,//arquivos/in/pokemon_bkp/cd/754/697cf22ee6bce-g4ex0-0dnh1-9a3cbb1b17fb0c24b5f4da3defde2c8b.jpg
https://www.ligapokemon.com.br/?view=cards/search&card=edid=754%20ed=ASC,ASC,0.30,5.00,7641.0,Team Rocket's Watchtower (#210/217),Torre de Vigia da Equipe Rocket,C,,210,000000000000210,0.0,0.30,1.83,5.00,2026-01-30 16:15:24,0.0,2.0,754.0,0.0,,,,//arquivos/in/pokemon_bkp/cd/754/697cf230e18a3-3cokn-mv5l8-9a3cbb1b17fb0c24b5f4da3defde2c8b.jpg
https://www.ligapokemon.com.br/?view=cards/search&card=edid=754%20ed=ASC,ASC,0.22,3.00,8214.0,Thick Scale (#211/217),Escama Espessa,C,,211,000000000000211,0.0,0.22,0.97,3.00,2026-01-30 16:15:26,0.0,2.0,754.0,0.0,,,,//arquivos/in/pokemon_bkp/cd/754/697cf2326f9f7-iks60-kax3t-9a3cbb1b17fb0c24b5f4da3defde2c8b.jpg
https://www.ligapokemon.com.br/?view=cards/search&card=edid=754%20ed=ASC,ASC,0.22,3.99,1554.0,Tool Scrapper (#212/217),Sucateador de Ferramenta,C,,212,000000000000212,0.0,0.22,1.82,3.99,2026-01-30 16:15:27,0.0,1.0,754.0,0.0,,,,//arquivos/in/pokemon_bkp/cd/754/697cf2341308a-vtk6f-bdy4q-9a3cbb1b17fb0c24b5f4da3defde2c8b.jpg
https://www.ligapokemon.com.br/?view=cards/search&card=edid=754%20ed=ASC,ASC,0.20,5.00,750.0,Ultra Ball (#213/217),Ultra Bola,C,,213,000000000000213,0.0,0.20,1.20,5.00,2026-01-30 16:15:29,0.0,1.0,754.0,0.0,,,,//arquivos/in/pokemon_bkp/cd/754/697cf23598445-n742g-yzvdp-9a3cbb1b17fb0c24b5f4da3defde2c8b.jpg
https://www.ligapokemon.com.br/?view=cards/search&card=edid=754%20ed=ASC,ASC,0.15,2.00,8168.0,Urbain (#214/217),Urbano,C,,214,000000000000214,0.0,0.15,0.82,2.00,2026-01-30 16:15:31,0.0,2.0,754.0,0.0,,,,//arquivos/in/pokemon_bkp/cd/754/697cf2372e373-r0cms-3l9qr-9a3cbb1b17fb0c24b5f4da3defde2c8b.jpg
https://www.ligapokemon.com.br/?view=cards/search&card=edid=754%20ed=ASC,ASC,0.22,3.99,8167.0,Waitress (#215/217),Gar&ccedil;onete,C,,215,000000000000215,0.0,0.22,0.87,3.99,2026-01-30 16:15:33,0.0,1.0,754.0,0.0,,,,//arquivos/in/pokemon_bkp/cd/754/697cf238b35f3-lbjig-ms5jf-9a3cbb1b17fb0c24b5f4da3defde2c8b.jpg
https://www.ligapokemon.com.br/?view=cards/search&card=edid=754%20ed=ASC,ASC,0.20,7.99,1426.0,Prism Energy (#216/217),Energia de Prisma,E,,216,000000000000216,0.0,0.20,1.97,7.99,2026-01-30 16:15:35,0.0,2.0,754.0,0.0,,,,//arquivos/in/pokemon_bkp/cd/754/697cf23a495bf-j37bf-5iy6x-9a3cbb1b17fb0c24b5f4da3defde2c8b.jpg
https://www.ligapokemon.com.br/?view=cards/search&card=edid=754%20ed=ASC,ASC,0.35,7.99,7774.0,Team Rocket's Energy (#217/217),Energia da Equipe Rocket,E,,217,000000000000217,0.0,0.35,2.46,7.99,2026-01-30 16:15:37,0.0,2.0,754.0,0.0,,,,//arquivos/in/pokemon_bkp/cd/754/697cf23bdc962-fyxuv-itydk-9a3cbb1b17fb0c24b5f4da3defde2c8b.jpg
https://www.ligapokemon.com.br/?view=cards/search&card=edid=754%20ed=ASC,ASC,46.89,399.90,1357.0,Erika's Tangela (#218/217),Tangela da &Eacute;rica,G,,218,000000000000218,0.0,46.89,88.95,399.90,2026-01-30 16:15:39,0.0,17.0,754.0,0.0,,,,//arquivos/in/pokemon_bkp/cd/754/697cf23e3b5f3-0i8lu-q4utr-9a3cbb1b17fb0c24b5f4da3defde2c8b.jpg
https://www.ligapokemon.com.br/?view=cards/search&card=edid=754%20ed=ASC,ASC,17.89,69.90,922.0,Beautifly (#219/217),Beautifly,G,,219,000000000000219,0.0,17.89,29.38,69.90,2026-01-30 16:16:24,0.0,17.0,754.0,0.0,,,,//arquivos/in/pokemon_bkp/cd/754/697cf240288c2-cobym-780s4-9a3cbb1b17fb0c24b5f4da3defde2c8b.jpg
https://www.ligapokemon.com.br/?view=cards/search&card=edid=754%20ed=ASC,ASC,9.90,49.99,1250.0,Dustox (#220/217),Dustox,G,,220,000000000000220,0.0,9.90,17.24,49.99,2026-01-30 16:17:25,0.0,17.0,754.0,0.0,,,,//arquivos/in/pokemon_bkp/cd/754/697cf24222708-ticu9-wixg2-9a3cbb1b17fb0c24b5f4da3defde2c8b.jpg
https://www.ligapokemon.com.br/?view=cards/search&card=edid=754%20ed=ASC,ASC,63.50,221.00,689.0,Budew (#221/217),Budew,G,,221,000000000000221,0.0,63.50,117.63,221.00,2026-01-30 16:18:26,0.0,17.0,754.0,0.0,,,,//arquivos/in/pokemon_bkp/cd/754/697cf24422b5e-k2mie-ydb1r-9a3cbb1b17fb0c24b5f4da3defde2c8b.jpg
https://www.ligapokemon.com.br/?view=cards/search&card=edid=754%20ed=ASC,ASC,27.95,89.99,7519.0,Ethan's Magcargo (#222/217),Magcargo do Ethan,R,,222,000000000000222,0.0,27.95,45.89,89.99,2026-01-30 16:18:50,0.0,17.0,754.0,0.0,,,,//arquivos/in/pokemon_bkp/cd/754/697cf2463bbc5-1rsag-q4wco-9a3cbb1b17fb0c24b5f4da3defde2c8b.jpg
https://www.ligapokemon.com.br/?view=cards/search&card=edid=754%20ed=ASC,ASC,13.90,69.90,936.0,Numel (#223/217),Numel,R,,223,000000000000223,0.0,13.90,29.76,69.90,2026-01-30 16:19:50,0.0,17.0,754.0,0.0,,,,//arquivos/in/pokemon_bkp/cd/754/697cf25272f55-tonx8-5udr7-9a3cbb1b17fb0c24b5f4da3defde2c8b.jpg
https://www.ligapokemon.com.br/?view=cards/search&card=edid=754%20ed=ASC,ASC,15.90,59.99,4361.0,Salazzle (#224/217),Salazzle,R,,224,000000000000224,0.0,15.90,28.28,59.99,2026-01-30 16:20:50,0.0,17.0,754.0,0.0,,,,//arquivos/in/pokemon_bkp/cd/754/697cf25404cdc-zv5fj-jrfl6-9a3cbb1b17fb0c24b5f4da3defde2c8b.jpg
https://www.ligapokemon.com.br/?view=cards/search&card=edid=754%20ed=ASC,ASC,28.30,79.99,4899.0,Scorbunny (#225/217),Scorbunny,R,,225,000000000000225,0.0,28.30,43.86,79.99,2026-01-30 16:20:52,0.0,17.0,754.0,0.0,,,,//arquivos/in/pokemon_bkp/cd/754/697cf25621332-qezh1-8bngt-9a3cbb1b17fb0c24b5f4da3defde2c8b.jpg
https://www.ligapokemon.com.br/?view=cards/search&card=edid=754%20ed=ASC,ASC,127.54,499.99,334.0,Psyduck (#226/217),Psyduck,W,,226,000000000000226,0.0,127.54,168.22,499.99,2026-01-30 16:20:54,0.0,17.0,754.0,0.0,,,,//arquivos/in/pokemon_bkp/cd/754/697cf25821443-51unp-kz7rn-9a3cbb1b17fb0c24b5f4da3defde2c8b.jpg
https://www.ligapokemon.com.br/?view=cards/search&card=edid=754%20ed=ASC,ASC,27.99,99.99,764.0,Snorunt (#227/217),Snorunt,W,,227,000000000000227,0.0,27.99,59.81,99.99,2026-01-30 16:20:55,0.0,17.0,754.0,0.0,,,,//arquivos/in/pokemon_bkp/cd/754/697cf25a1fb08-fge9z-02xpy-9a3cbb1b17fb0c24b5f4da3defde2c8b.jpg
https://www.ligapokemon.com.br/?view=cards/search&card=edid=754%20ed=ASC,ASC,16.99,99.90,283.0,Weavile (#228/217),Weavile,W,,228,000000000000228,0.0,16.99,27.85,99.90,2026-01-30 16:20:57,0.0,17.0,754.0,0.0,,,,//arquivos/in/pokemon_bkp/cd/754/697cf25c26ef9-bpfeg-wpi5y-9a3cbb1b17fb0c24b5f4da3defde2c8b.jpg
https://www.ligapokemon.com.br/?view=cards/search&card=edid=754%20ed=ASC,ASC,13.99,51.00,1160.0,Heliolisk (#229/217),Heliolisk,L,,229,000000000000229,0.0,13.99,20.34,51.00,2026-01-30 16:20:58,0.0,17.0,754.0,0.0,,,,//arquivos/in/pokemon_bkp/cd/754/697cf25e28c05-96cz7-c90df-9a3cbb1b17fb0c24b5f4da3defde2c8b.jpg
https://www.ligapokemon.com.br/?view=cards/search&card=edid=754%20ed=ASC,ASC,13.99,49.99,4295.0,Vikavolt (#230/217),Vikavolt,L,,230,000000000000230,0.0,13.99,20.59,49.99,2026-01-30 16:21:01,0.0,17.0,754.0,0.0,,,,//arquivos/in/pokemon_bkp/cd/754/697cf26e19e02-m4qz0-kiezb-9a3cbb1b17fb0c24b5f4da3defde2c8b.jpg
https://www.ligapokemon.com.br/?view=cards/search&card=edid=754%20ed=ASC,ASC,34.90,127.50,7300.0,Iono's Wattrel (#231/217),Wattrel da Kissera,L,,231,000000000000231,0.0,34.90,60.02,127.50,2026-01-30 16:21:03,0.0,17.0,754.0,0.0,,,,//arquivos/in/pokemon_bkp/cd/754/697cf26fa552b-k84b2-l1rav-9a3cbb1b17fb0c24b5f4da3defde2c8b.jpg
https://www.ligapokemon.com.br/?view=cards/search&card=edid=754%20ed=ASC,ASC,18.99,149.90,843.0,Marill (#232/217),Marill,P,,232,000000000000232,0.0,18.99,43.30,149.90,2026-01-30 16:21:05,0.0,17.0,754.0,0.0,,,,//arquivos/in/pokemon_bkp/cd/754/697cf272250e4-nemq5-r6jzq-9a3cbb1b17fb0c24b5f4da3defde2c8b.jpg
https://www.ligapokemon.com.br/?view=cards/search&card=edid=754%20ed=ASC,ASC,17.88,99.90,72.0,Misdreavus (#233/217),Misdreavus,P,,233,000000000000233,0.0,17.88,40.03,99.90,2026-01-30 16:21:07,0.0,17.0,754.0,0.0,,,,//arquivos/in/pokemon_bkp/cd/754/697cf27423176-ei3mh-za3qm-9a3cbb1b17fb0c24b5f4da3defde2c8b.jpg
https://www.ligapokemon.com.br/?view=cards/search&card=edid=754%20ed=ASC,ASC,23.90,119.99,268.0,Banette (#234/217),Banette,P,,234,000000000000234,0.0,23.90,48.32,119.99,2026-01-30 16:21:09,0.0,17.0,754.0,0.0,,,,//arquivos/in/pokemon_bkp/cd/754/697cf276278cb-v8sbk-7v9u3-9a3cbb1b17fb0c24b5f4da3defde2c8b.jpg
https://www.ligapokemon.com.br/?view=cards/search&card=edid=754%20ed=ASC,ASC,24.89,109.90,154.0,Togekiss (#235/217),Togekiss,P,,235,000000000000235,0.0,24.89,51.75,109.90,2026-01-30 16:21:11,0.0,17.0,754.0,0.0,,,,//arquivos/in/pokemon_bkp/cd/754/697cf2781fab4-taw0i-rf309-9a3cbb1b17fb0c24b5f4da3defde2c8b.jpg
https://www.ligapokemon.com.br/?view=cards/search&card=edid=754%20ed=ASC,ASC,25.90,89.99,620.0,Slurpuff (#236/217),Slurpuff,P,,236,000000000000236,0.0,25.90,55.20,89.99,2026-01-30 16:21:41,0.0,17.0,754.0,0.0,,,,//arquivos/in/pokemon_bkp/cd/754/697cf27a2123e-7ajg4-slk06-9a3cbb1b17fb0c24b5f4da3defde2c8b.jpg
https://www.ligapokemon.com.br/?view=cards/search&card=edid=754%20ed=ASC,ASC,23.99,119.99,8027.0,Hop's Trevenant (#237/217),Trevenant do Lupo,P,,237,000000000000237,0.0,23.99,38.91,119.99,2026-01-30 16:22:42,0.0,17.0,754.0,0.0,,,,//arquivos/in/pokemon_bkp/cd/754/697cf2873ecd3-nurjb-3rspt-9a3cbb1b17fb0c24b5f4da3defde2c8b.jpg
https://www.ligapokemon.com.br/?view=cards/search&card=edid=754%20ed=ASC,ASC,43.90,249.90,7603.0,Team Rocket's Mimikyu (#238/217),Mimikyu da Equipe Rocket,P,,238,000000000000238,0.0,43.90,98.43,249.90,2026-01-30 16:23:43,0.0,17.0,754.0,0.0,,,,//arquivos/in/pokemon_bkp/cd/754/697cf288c60c2-x7qcl-8r3zv-9a3cbb1b17fb0c24b5f4da3defde2c8b.jpg
https://www.ligapokemon.com.br/?view=cards/search&card=edid=754%20ed=ASC,ASC,24.80,102.00,8029.0,Team Rocket's Dugtrio (#239/217),Dugtrio da Equipe Rocket,F,,239,000000000000239,0.0,24.80,37.18,102.00,2026-01-30 16:23:52,0.0,17.0,754.0,0.0,,,,//arquivos/in/pokemon_bkp/cd/754/697cf28a5e271-24gr3-n2e8p-9a3cbb1b17fb0c24b5f4da3defde2c8b.jpg
https://www.ligapokemon.com.br/?view=cards/search&card=edid=754%20ed=ASC,ASC,30.35,119.99,847.0,Hitmontop (#240/217),Hitmontop,F,,240,000000000000240,0.0,30.35,50.23,119.99,2026-01-30 16:25:01,0.0,17.0,754.0,0.0,,,,//arquivos/in/pokemon_bkp/cd/754/697cf28bea7b3-tq1w2-ritdh-9a3cbb1b17fb0c24b5f4da3defde2c8b.jpg
https://www.ligapokemon.com.br/?view=cards/search&card=edid=754%20ed=ASC,ASC,13.80,129.90,5069.0,Medicham (#241/217),Medicham,F,,241,000000000000241,0.0,13.80,23.88,129.90,2026-01-30 16:26:23,0.0,17.0,754.0,0.0,,,,//arquivos/in/pokemon_bkp/cd/754/697cf28d80369-ih5ew-354z7-9a3cbb1b17fb0c24b5f4da3defde2c8b.jpg
https://www.ligapokemon.com.br/?view=cards/search&card=edid=754%20ed=ASC,ASC,20.90,119.99,1431.0,Carbink (#242/217),Carbink,F,,242,000000000000242,0.0,20.90,35.75,119.99,2026-01-30 16:27:24,0.0,17.0,754.0,0.0,,,,//arquivos/in/pokemon_bkp/cd/754/697cf28f0e22e-0m9t5-ytjlg-9a3cbb1b17fb0c24b5f4da3defde2c8b.jpg
https://www.ligapokemon.com.br/?view=cards/search&card=edid=754%20ed=ASC,ASC,17.89,119.90,755.0,Mightyena (#243/217),Mightyena,D,,243,000000000000243,0.0,17.89,34.67,119.90,2026-01-30 16:28:10,0.0,17.0,754.0,0.0,,,,//arquivos/in/pokemon_bkp/cd/754/697cf290b4eac-d9r3z-2brmg-9a3cbb1b17fb0c24b5f4da3defde2c8b.jpg
https://www.ligapokemon.com.br/?view=cards/search&card=edid=754%20ed=ASC,ASC,43.40,150.00,7533.0,Cynthia's Spiritomb (#244/217),Spiritomb da C&iacute;ntia,D,,244,000000000000244,0.0,43.40,83.03,150.00,2026-01-30 16:28:12,0.0,17.0,754.0,0.0,,,,//arquivos/in/pokemon_bkp/cd/754/697cf29253484-5tpeu-bnf64-9a3cbb1b17fb0c24b5f4da3defde2c8b.jpg
https://www.ligapokemon.com.br/?view=cards/search&card=edid=754%20ed=ASC,ASC,18.90,72.90,4911.0,Galarian Obstagoon (#245/217),Obstagoon de Galar,D,,245,000000000000245,0.0,18.90,32.19,72.90,2026-01-30 16:28:14,0.0,17.0,754.0,0.0,,,,//arquivos/in/pokemon_bkp/cd/754/697cf293d5a66-jobe2-u8kj2-9a3cbb1b17fb0c24b5f4da3defde2c8b.jpg
https://www.ligapokemon.com.br/?view=cards/search&card=edid=754%20ed=ASC,ASC,19.59,89.99,166.0,Mawile (#246/217),Mawile,M,,246,000000000000246,0.0,19.59,41.97,89.99,2026-01-30 16:28:16,0.0,17.0,754.0,0.0,,,,//arquivos/in/pokemon_bkp/cd/754/697cf2956a8bd-9cnrt-eh18k-9a3cbb1b17fb0c24b5f4da3defde2c8b.jpg
https://www.ligapokemon.com.br/?view=cards/search&card=edid=754%20ed=ASC,ASC,59.90,169.90,5031.0,Dreepy (#247/217),Dreepy,O,,247,000000000000247,0.0,59.90,84.00,169.90,2026-01-30 16:28:17,0.0,17.0,754.0,0.0,,,,//arquivos/in/pokemon_bkp/cd/754/697cf296f0eb7-qaknu-x6uz7-9a3cbb1b17fb0c24b5f4da3defde2c8b.jpg
https://www.ligapokemon.com.br/?view=cards/search&card=edid=754%20ed=ASC,ASC,80.00,199.99,5037.0,Drakloak (#248/217),Drakloak,O,,248,000000000000248,0.0,80.00,118.50,199.99,2026-01-30 16:28:20,0.0,17.0,754.0,0.0,,,,//arquivos/in/pokemon_bkp/cd/754/697cf29895ed7-glnd1-x9ojt-9a3cbb1b17fb0c24b5f4da3defde2c8b.jpg
https://www.ligapokemon.com.br/?view=cards/search&card=edid=754%20ed=ASC,ASC,16.90,79.99,8183.0,Larry's Staraptor (#249/217),Staraptor do Lauro,C,,249,000000000000249,0.0,16.90,26.57,79.99,2026-01-30 16:28:22,0.0,17.0,754.0,0.0,,,,//arquivos/in/pokemon_bkp/cd/754/697cf29a32c40-a0r6b-ifgex-9a3cbb1b17fb0c24b5f4da3defde2c8b.jpg
https://www.ligapokemon.com.br/?view=cards/search&card=edid=754%20ed=ASC,ASC,34.95,187.00,1869.0,Fan Rotom (#250/217),Rotom Ventilador,C,,250,000000000000250,0.0,34.95,61.06,187.00,2026-01-30 16:28:24,0.0,17.0,754.0,0.0,,,,//arquivos/in/pokemon_bkp/cd/754/697cf29bb5305-a5upw-9po54-9a3cbb1b17fb0c24b5f4da3defde2c8b.jpg
https://www.ligapokemon.com.br/?view=cards/search&card=edid=754%20ed=ASC,ASC,9.99,59.99,6976.0,Sprigatito ex (#251/217),Sprigatito ex,G,,251,000000000000251,0.0,9.99,19.55,59.99,2026-01-30 16:28:26,0.0,15.0,754.0,0.0,,,,//arquivos/in/pokemon_bkp/cd/754/697cf29d45652-be2gm-miekh-9a3cbb1b17fb0c24b5f4da3defde2c8b.jpg
https://www.ligapokemon.com.br/?view=cards/search&card=edid=754%20ed=ASC,ASC,5.39,24.99,8175.0,Stunfisk ex (#252/217),Stunfisk ex,F,,252,000000000000252,0.0,5.39,11.05,24.99,2026-01-30 16:28:28,0.0,15.0,754.0,0.0,,,,//arquivos/in/pokemon_bkp/cd/754/697cf29ecd87e-scvlm-pv6hj-9a3cbb1b17fb0c24b5f4da3defde2c8b.jpg
https://www.ligapokemon.com.br/?view=cards/search&card=edid=754%20ed=ASC,ASC,11.90,49.90,8166.0,Mega Audino ex (#253/217),Mega Audino ex,C,,253,000000000000253,0.0,11.90,30.09,49.90,2026-01-30 16:29:29,0.0,15.0,754.0,0.0,,,,//arquivos/in/pokemon_bkp/cd/754/697cf2a05e0e3-gplfm-hvkdj-9a3cbb1b17fb0c24b5f4da3defde2c8b.jpg
https://www.ligapokemon.com.br/?view=cards/search&card=edid=754%20ed=ASC,ASC,16.90,82.00,8037.0,Anthea & Concordia (#254/217),Amor e Paz,C,,254,000000000000254,0.0,16.90,23.31,82.00,2026-01-30 16:30:30,0.0,15.0,754.0,0.0,,,,//arquivos/in/pokemon_bkp/cd/754/697cf2a1efe90-0j6x9-wvoza-9a3cbb1b17fb0c24b5f4da3defde2c8b.jpg
https://www.ligapokemon.com.br/?view=cards/search&card=edid=754%20ed=ASC,ASC,16.00,49.99,7231.0,Black Belt's Training (#255/217),Treino de Faixa Preta,C,,255,000000000000255,0.0,16.00,24.42,49.99,2026-01-30 16:31:31,0.0,15.0,754.0,0.0,,,,//arquivos/in/pokemon_bkp/cd/754/697cf2a37e390-hcvdi-sivmz-9a3cbb1b17fb0c24b5f4da3defde2c8b.jpg
https://www.ligapokemon.com.br/?view=cards/search&card=edid=754%20ed=ASC,ASC,109.90,249.99,4997.0,Boss's Orders (#256/217),Ordem da Chefia,C,,256,000000000000256,0.0,109.90,150.20,249.99,2026-01-30 16:32:32,1.0,15.0,754.0,0.0,,,,//arquivos/in/pokemon_bkp/cd/754/697cf2a5114a0-p3rqe-qcw53-9a3cbb1b17fb0c24b5f4da3defde2c8b.jpg
https://www.ligapokemon.com.br/?view=cards/search&card=edid=754%20ed=ASC,ASC,29.99,199.89,8036.0,Canari (#257/217),Canari,C,,257,000000000000257,0.0,29.99,56.65,199.89,2026-01-30 16:32:51,0.0,15.0,754.0,0.0,,,,//arquivos/in/pokemon_bkp/cd/754/697cf2a6963ac-xkgwb-3ojys-9a3cbb1b17fb0c24b5f4da3defde2c8b.jpg
https://www.ligapokemon.com.br/?view=cards/search&card=edid=754%20ed=ASC,ASC,7.88,68.00,740.0,Cheren (#258/217),Cheren,C,,258,000000000000258,0.0,7.88,12.49,68.00,2026-01-30 16:33:50,0.0,15.0,754.0,0.0,,,,//arquivos/in/pokemon_bkp/cd/754/697cf2a82b134-covjq-eqduf-9a3cbb1b17fb0c24b5f4da3defde2c8b.jpg
https://www.ligapokemon.com.br/?view=cards/search&card=edid=754%20ed=ASC,ASC,12.80,39.99,4659.0,Counter Gain (#259/217),Contra-ataque de Alcance,C,,259,000000000000259,0.0,12.80,18.76,39.99,2026-01-30 16:35:03,0.0,15.0,754.0,0.0,,,,//arquivos/in/pokemon_bkp/cd/754/697cf2a9a758c-1kdrx-nmoej-9a3cbb1b17fb0c24b5f4da3defde2c8b.jpg
https://www.ligapokemon.com.br/?view=cards/search&card=edid=754%20ed=ASC,ASC,16.80,49.99,7082.0,Glass Trumpet (#260/217),Trompete de Vidro,C,,260,000000000000260,0.0,16.80,22.14,49.99,2026-01-30 16:36:06,0.0,15.0,754.0,0.0,,,,//arquivos/in/pokemon_bkp/cd/754/697cf2ab32686-2m1z0-vu708-9a3cbb1b17fb0c24b5f4da3defde2c8b.jpg
https://www.ligapokemon.com.br/?view=cards/search&card=edid=754%20ed=ASC,ASC,21.00,170.00,7002.0,Jamming Tower (#261/217),Torre de Interfer&ecirc;ncia,C,,261,000000000000261,0.0,21.00,36.03,170.00,2026-01-30 16:36:53,0.0,15.0,754.0,0.0,,,,//arquivos/in/pokemon_bkp/cd/754/697cf2acc2100-g8yda-3i56l-9a3cbb1b17fb0c24b5f4da3defde2c8b.jpg
https://www.ligapokemon.com.br/?view=cards/search&card=edid=754%20ed=ASC,ASC,18.99,69.90,7326.0,N's PP Up (#262/217),PP Up do N,C,,262,000000000000262,0.0,18.99,26.02,69.90,2026-01-30 16:37:50,0.0,15.0,754.0,0.0,,,,//arquivos/in/pokemon_bkp/cd/754/697cf2ae55519-d7kv6-ztdyv-9a3cbb1b17fb0c24b5f4da3defde2c8b.jpg
https://www.ligapokemon.com.br/?view=cards/search&card=edid=754%20ed=ASC,ASC,15.00,79.90,7771.0,Team Rocket's Transceiver (#263/217),Transmissor da Equipe Rocket,C,,263,000000000000263,0.0,15.00,34.09,79.90,2026-01-30 16:38:46,0.0,15.0,754.0,0.0,,,,//arquivos/in/pokemon_bkp/cd/754/697cf2afd41a2-n3219-lij0e-9a3cbb1b17fb0c24b5f4da3defde2c8b.jpg
https://www.ligapokemon.com.br/?view=cards/search&card=edid=754%20ed=ASC,ASC,105.00,199.99,750.0,Ultra Ball (#264/217),Ultra Bola,C,,264,000000000000264,0.0,105.00,139.91,199.99,2026-01-30 16:38:48,0.0,15.0,754.0,0.0,,,,//arquivos/in/pokemon_bkp/cd/754/697cf2b166f00-i7n8k-x35wv-9a3cbb1b17fb0c24b5f4da3defde2c8b.jpg
https://www.ligapokemon.com.br/?view=cards/search&card=edid=754%20ed=ASC,ASC,55.00,255.00,8019.0,Mega Froslass ex (#265/217),Mega Froslass ex,W,,265,000000000000265,0.0,55.00,87.04,255.00,2026-01-30 16:38:49,0.0,24.0,754.0,0.0,,,,//arquivos/in/pokemon_bkp/cd/754/697cf2b301014-hql2o-wl69y-9a3cbb1b17fb0c24b5f4da3defde2c8b.jpg
https://www.ligapokemon.com.br/?view=cards/search&card=edid=754%20ed=ASC,ASC,38.99,212.50,8023.0,Mega Eelektross ex (#266/217),Mega Eelektross ex,L,,266,000000000000266,0.0,38.99,89.28,212.50,2026-01-30 16:38:51,0.0,24.0,754.0,0.0,,,,//arquivos/in/pokemon_bkp/cd/754/697cf2b49275b-ueinv-0n91x-9a3cbb1b17fb0c24b5f4da3defde2c8b.jpg
https://www.ligapokemon.com.br/?view=cards/search&card=edid=754%20ed=ASC,ASC,49.99,255.00,8003.0,Mega Diancie ex (#267/217),Mega Diancie ex,P,,267,000000000000267,0.0,49.99,105.14,255.00,2026-01-30 16:38:53,1.0,24.0,754.0,0.0,,,,//arquivos/in/pokemon_bkp/cd/754/697cf2b62ea97-g813v-bromg-9a3cbb1b17fb0c24b5f4da3defde2c8b.jpg
https://www.ligapokemon.com.br/?view=cards/search&card=edid=754%20ed=ASC,ASC,38.49,149.99,8030.0,Mega Hawlucha ex (#268/217),Mega Hawlucha ex,F,,268,000000000000268,0.0,38.49,83.24,149.99,2026-01-30 16:38:54,0.0,24.0,754.0,0.0,,,,//arquivos/in/pokemon_bkp/cd/754/697cf2b7cf31e-tv3a9-ij021-9a3cbb1b17fb0c24b5f4da3defde2c8b.jpg
https://www.ligapokemon.com.br/?view=cards/search&card=edid=754%20ed=ASC,ASC,99.90,599.90,8004.0,Mega Gengar ex (#269/217),Mega Gengar ex,D,,269,000000000000269,0.0,99.90,197.48,599.90,2026-01-30 16:38:56,1.0,24.0,754.0,0.0,,,,//arquivos/in/pokemon_bkp/cd/754/697cf2b9637d2-utmb3-87vjs-9a3cbb1b17fb0c24b5f4da3defde2c8b.jpg
https://www.ligapokemon.com.br/?view=cards/search&card=edid=754%20ed=ASC,ASC,26.94,239.99,8032.0,Mega Scrafty ex (#270/217),Mega Scrafty ex,D,,270,000000000000270,0.0,26.94,40.57,239.99,2026-01-30 16:38:58,0.0,24.0,754.0,0.0,,,,//arquivos/in/pokemon_bkp/cd/754/697cf2baec8b3-ylghc-fqok3-9a3cbb1b17fb0c24b5f4da3defde2c8b.jpg
https://www.ligapokemon.com.br/?view=cards/search&card=edid=754%20ed=ASC,ASC,119.00,499.90,8033.0,Mega Dragonite ex (#271/217),Mega Dragonite ex,O,,271,000000000000271,0.0,119.00,250.27,499.90,2026-01-30 16:38:59,0.0,24.0,754.0,0.0,,,,//arquivos/in/pokemon_bkp/cd/754/697cf2bc86163-0x6bv-x270z-9a3cbb1b17fb0c24b5f4da3defde2c8b.jpg
https://www.ligapokemon.com.br/?view=cards/search&card=edid=754%20ed=ASC,ASC,348.99,699.99,8169.0,Mega Meganium ex (#272/217),Mega Meganium ex,G,,272,000000000000272,0.0,348.99,426.27,699.99,2026-01-30 16:39:01,0.0,18.0,754.0,0.0,,,,//arquivos/in/pokemon_bkp/cd/754/697cf2be1de6e-ig2w4-drt9f-9a3cbb1b17fb0c24b5f4da3defde2c8b.jpg
https://www.ligapokemon.com.br/?view=cards/search&card=edid=754%20ed=ASC,ASC,194.80,799.99,8171.0,Mega Emboar ex (#273/217),Mega Emboar ex,R,,273,000000000000273,0.0,194.80,456.38,799.99,2026-01-30 16:39:02,0.0,18.0,754.0,0.0,,,,//arquivos/in/pokemon_bkp/cd/754/697cf2bfa4098-pu8d9-yub5m-9a3cbb1b17fb0c24b5f4da3defde2c8b.jpg
https://www.ligapokemon.com.br/?view=cards/search&card=edid=754%20ed=ASC,ASC,498.89,849.99,8172.0,Mega Feraligatr ex (#274/217),Mega Feraligatr ex,W,,274,000000000000274,0.0,498.89,661.26,849.99,2026-01-30 16:39:04,0.0,18.0,754.0,0.0,,,,//arquivos/in/pokemon_bkp/cd/754/697cf2c13eba6-wz6kg-aub10-9a3cbb1b17fb0c24b5f4da3defde2c8b.jpg
https://www.ligapokemon.com.br/?view=cards/search&card=edid=754%20ed=ASC,ASC,239.31,500.00,8019.0,Mega Froslass ex (#275/217),Mega Froslass ex,W,,275,000000000000275,0.0,239.31,294.76,500.00,2026-01-30 16:39:06,0.0,18.0,754.0,0.0,,,,//arquivos/in/pokemon_bkp/cd/754/697cf2c2c0968-ti6ad-eycou-9a3cbb1b17fb0c24b5f4da3defde2c8b.jpg
https://www.ligapokemon.com.br/?view=cards/search&card=edid=754%20ed=ASC,ASC,1124.00,3879.90,6509.0,Pikachu ex (#276/217),Pikachu ex,L,,276,000000000000276,0.0,1124.00,1595.72,3879.90,2026-01-30 16:39:07,5.0,18.0,754.0,0.0,,,,//arquivos/in/pokemon_bkp/cd/754/697cf2c461f09-cpqk2-jpg1w-9a3cbb1b17fb0c24b5f4da3defde2c8b.jpg
https://www.ligapokemon.com.br/?view=cards/search&card=edid=754%20ed=ASC,ASC,799.75,1850.00,6509.0,Pikachu ex (#277/217),Pikachu ex,L,,277,000000000000277,0.0,799.75,979.35,1850.00,2026-01-30 16:39:09,1.0,18.0,754.0,0.0,,,,//arquivos/in/pokemon_bkp/cd/754/697cf2c5ea7fa-rv8ib-9guh2-9a3cbb1b17fb0c24b5f4da3defde2c8b.jpg
https://www.ligapokemon.com.br/?view=cards/search&card=edid=754%20ed=ASC,ASC,212.99,499.99,8023.0,Mega Eelektross ex (#278/217),Mega Eelektross ex,L,,278,000000000000278,0.0,212.99,290.11,499.99,2026-01-30 16:39:10,0.0,18.0,754.0,0.0,,,,//arquivos/in/pokemon_bkp/cd/754/697cf2c783f9a-le5xj-3b41k-9a3cbb1b17fb0c24b5f4da3defde2c8b.jpg
https://www.ligapokemon.com.br/?view=cards/search&card=edid=754%20ed=ASC,ASC,182.40,655.00,7299.0,Iono's Bellibolt ex (#279/217),Bellibolt ex da Kissera,L,,279,000000000000279,0.0,182.40,253.97,655.00,2026-01-30 16:39:12,0.0,18.0,754.0,0.0,,,,//arquivos/in/pokemon_bkp/cd/754/697cf2c91302b-hugpi-x0g2n-9a3cbb1b17fb0c24b5f4da3defde2c8b.jpg
https://www.ligapokemon.com.br/?view=cards/search&card=edid=754%20ed=ASC,ASC,449.90,1499.90,7302.0,Lillie's Clefairy ex (#280/217),Clefairy ex da L&iacute;lian,P,,280,000000000000280,0.0,449.90,548.39,1499.90,2026-01-30 16:39:13,0.0,18.0,754.0,0.0,,,,//arquivos/in/pokemon_bkp/cd/754/697cf2ca9bacd-cuvj6-lra72-9a3cbb1b17fb0c24b5f4da3defde2c8b.jpg
https://www.ligapokemon.com.br/?view=cards/search&card=edid=754%20ed=ASC,ASC,785.99,1999.99,7586.0,Team Rocket's Mewtwo ex (#281/217),Mewtwo ex da Equipe Rocket,P,,281,000000000000281,0.0,785.99,1082.47,1999.99,2026-01-30 16:39:15,0.0,18.0,754.0,0.0,,,,//arquivos/in/pokemon_bkp/cd/754/697cf2cc33c76-kxqif-ah5gi-9a3cbb1b17fb0c24b5f4da3defde2c8b.jpg
https://www.ligapokemon.com.br/?view=cards/search&card=edid=754%20ed=ASC,ASC,205.89,599.90,8003.0,Mega Diancie ex (#282/217),Mega Diancie ex,P,,282,000000000000282,0.0,205.89,311.90,599.90,2026-01-30 16:39:17,1.0,18.0,754.0,0.0,,,,//arquivos/in/pokemon_bkp/cd/754/697cf2cdc0107-3a6g8-ioe5k-9a3cbb1b17fb0c24b5f4da3defde2c8b.jpg
https://www.ligapokemon.com.br/?view=cards/search&card=edid=754%20ed=ASC,ASC,212.90,809.99,8030.0,Mega Hawlucha ex (#283/217),Mega Hawlucha ex,F,,283,000000000000283,0.0,212.90,387.76,809.99,2026-01-30 16:39:18,0.0,18.0,754.0,0.0,,,,//arquivos/in/pokemon_bkp/cd/754/697cf2cf5b3c3-ut0wj-ex1al-9a3cbb1b17fb0c24b5f4da3defde2c8b.jpg
https://www.ligapokemon.com.br/?view=cards/search&card=edid=754%20ed=ASC,ASC,1599.00,5335.00,8004.0,Mega Gengar ex (#284/217),Mega Gengar ex,D,,284,000000000000284,0.0,1599.00,1983.36,5335.00,2026-01-30 16:39:21,4.0,18.0,754.0,0.0,,,,//arquivos/in/pokemon_bkp/cd/754/697cf2d0eccd2-a5opg-h5lnm-9a3cbb1b17fb0c24b5f4da3defde2c8b.jpg
https://www.ligapokemon.com.br/?view=cards/search&card=edid=754%20ed=ASC,ASC,329.90,649.99,8032.0,Mega Scrafty ex (#285/217),Mega Scrafty ex,D,,285,000000000000285,0.0,329.90,391.62,649.99,2026-01-30 16:39:22,0.0,18.0,754.0,0.0,,,,//arquivos/in/pokemon_bkp/cd/754/697cf2d28cba4-t1has-fnezb-9a3cbb1b17fb0c24b5f4da3defde2c8b.jpg
https://www.ligapokemon.com.br/?view=cards/search&card=edid=754%20ed=ASC,ASC,523.70,1000.00,7312.0,N's Zoroark ex (#286/217),Zoroark ex do N,D,,286,000000000000286,0.0,523.70,787.32,1000.00,2026-01-30 16:39:24,0.0,18.0,754.0,0.0,,,,//arquivos/in/pokemon_bkp/cd/754/697cf2d42721b-n73hl-137t9-9a3cbb1b17fb0c24b5f4da3defde2c8b.jpg
https://www.ligapokemon.com.br/?view=cards/search&card=edid=754%20ed=ASC,ASC,588.50,999.99,7565.0,Marnie's Grimmsnarl ex (#287/217),Grimmsnarl ex da Marine,D,,287,000000000000287,0.0,588.50,733.32,999.99,2026-01-30 16:39:25,0.0,18.0,754.0,0.0,,,,//arquivos/in/pokemon_bkp/cd/754/697cf2d5a7751-npzcx-xe8z6-9a3cbb1b17fb0c24b5f4da3defde2c8b.jpg
https://www.ligapokemon.com.br/?view=cards/search&card=edid=754%20ed=ASC,ASC,562.49,1100.00,7040.0,Fezandipiti ex (#288/217),Fezandipiti ex,D,,288,000000000000288,0.0,562.49,705.25,1100.00,2026-01-30 16:39:27,0.0,18.0,754.0,0.0,,,,//arquivos/in/pokemon_bkp/cd/754/697cf2d7679cd-t40a1-q4top-9a3cbb1b17fb0c24b5f4da3defde2c8b.jpg
https://www.ligapokemon.com.br/?view=cards/search&card=edid=754%20ed=ASC,ASC,374.98,1000.00,7574.0,Steven's Metagross ex (#289/217),Metagross ex do Steven,M,,289,000000000000289,0.0,374.98,525.23,1000.00,2026-01-30 16:39:28,0.0,18.0,754.0,0.0,,,,//arquivos/in/pokemon_bkp/cd/754/697cf2d8f058f-r35gw-fp2b6-9a3cbb1b17fb0c24b5f4da3defde2c8b.jpg
https://www.ligapokemon.com.br/?view=cards/search&card=edid=754%20ed=ASC,ASC,1008.00,2149.90,8033.0,Mega Dragonite ex (#290/217),Mega Dragonite ex,O,,290,000000000000290,0.0,1008.00,1447.48,2149.90,2026-01-30 16:39:30,0.0,18.0,754.0,0.0,,,,//arquivos/in/pokemon_bkp/cd/754/697cf2da92601-b638l-6fp83-9a3cbb1b17fb0c24b5f4da3defde2c8b.jpg
https://www.ligapokemon.com.br/?view=cards/search&card=edid=754%20ed=ASC,ASC,198.99,499.99,8036.0,Canari (#291/217),Canari,C,,291,000000000000291,0.0,198.99,276.50,499.99,2026-01-30 16:39:32,1.0,18.0,754.0,0.0,,,,//arquivos/in/pokemon_bkp/cd/754/697cf918ed15c-hpsqj-nzd3v-9a3cbb1b17fb0c24b5f4da3defde2c8b.jpg
https://www.ligapokemon.com.br/?view=cards/search&card=edid=754%20ed=ASC,ASC,154.78,499.90,7331.0,Iris's Fighting Spirit (#292/217),Esp&iacute;rito de Luta da Iris,C,,292,000000000000292,0.0,154.78,296.56,499.90,2026-01-30 16:39:33,0.0,18.0,754.0,0.0,,,,//arquivos/in/pokemon_bkp/cd/754/697cf91a84ea6-gkwl6-f5dtn-9a3cbb1b17fb0c24b5f4da3defde2c8b.jpg
https://www.ligapokemon.com.br/?view=cards/search&card=edid=754%20ed=ASC,ASC,58.90,249.99,7109.0,Surfer (#293/217),Surfista,C,,293,000000000000293,0.0,58.90,96.54,249.99,2026-01-30 16:39:35,0.0,18.0,754.0,0.0,,,,//arquivos/in/pokemon_bkp/cd/754/697cf2df9b4d3-4khme-ymn41-9a3cbb1b17fb0c24b5f4da3defde2c8b.jpg
https://www.ligapokemon.com.br/?view=cards/search&card=edid=754%20ed=ASC,ASC,969.90,3199.99,8165.0,Mega Charizard Y ex (#294/217),Mega Charizard Y ex,R,,294,000000000000294,0.0,969.90,1713.80,3199.99,2026-01-30 16:39:36,0.0,8.0,754.0,0.0,,,,//arquivos/in/pokemon_bkp/cd/754/697cf2e13601d-pzxvo-irhcg-9a3cbb1b17fb0c24b5f4da3defde2c8b.jpg
https://www.ligapokemon.com.br/?view=cards/search&card=edid=754%20ed=ASC,ASC,1089.90,2599.00,8033.0,Mega Dragonite ex (#295/217),Mega Dragonite ex,O,,295,000000000000295,0.0,1089.90,1465.85,2599.00,2026-01-30 16:39:38,0.0,8.0,754.0,0.0,,,,//arquivos/in/pokemon_bkp/cd/754/697cf2e2bc4a2-r0n51-stj0k-9a3cbb1b17fb0c24b5f4da3defde2c8b.jpg
https://www.ligapokemon.com.br/?view=cards/search&card=edid=738%20ed=PFL,PFL,0.05,2.50,849.0,Oddish (#001/094),Oddish,G,,001,000000000000001,0.0,0.05,0.81,2.50,2025-11-24 16:20:29,0.0,1.0,738.0,0.0,,,,//arquivos/in/pokemon_bkp/cd/738/69163c399a033-plrix-d4v5z-6386cdd1635c69bcd3f1e8f5ea9c84f1.jpg
https://www.ligapokemon.com.br/?view=cards/search&card=edid=738%20ed=PFL,PFL,0.07,2.50,842.0,Gloom (#002/094),Gloom,G,,002,000000000000002,0.0,0.07,0.57,2.50,2025-11-24 16:20:31,0.0,1.0,738.0,0.0,,,,//arquivos/in/pokemon_bkp/cd/738/69163c3b6a5f5-w1ade-87vt3-6386cdd1635c69bcd3f1e8f5ea9c84f1.jpg
https://www.ligapokemon.com.br/?view=cards/search&card=edid=738%20ed=PFL,PFL,0.20,6.00,841.0,Vileplume (#003/094),Vileplume,G,,003,000000000000003,0.0,0.20,1.14,6.00,2025-11-24 16:20:33,0.0,3.0,738.0,0.0,,,,//arquivos/in/pokemon_bkp/cd/738/69163c3d47267-x4ijm-12vgq-6386cdd1635c69bcd3f1e8f5ea9c84f1.jpg
https://www.ligapokemon.com.br/?view=cards/search&card=edid=738%20ed=PFL,PFL,2.29,14.99,7961.0,Mega Heracross ex (#004/094),Mega Heracross ex,G,,004,000000000000004,0.0,2.29,9.11,14.99,2025-11-24 16:20:34,0.0,20.0,738.0,0.0,,,,//arquivos/in/pokemon_bkp/cd/738/69163c3f00a0d-7qk56-4esmx-6386cdd1635c69bcd3f1e8f5ea9c84f1.jpg
https://www.ligapokemon.com.br/?view=cards/search&card=edid=738%20ed=PFL,PFL,0.10,2.50,327.0,Lotad (#005/094),Lotad,G,,005,000000000000005,0.0,0.10,0.56,2.50,2025-11-24 16:20:36,0.0,1.0,738.0,0.0,,,,//arquivos/in/pokemon_bkp/cd/738/69163c40cd54d-5e8ks-izexm-6386cdd1635c69bcd3f1e8f5ea9c84f1.jpg
https://www.ligapokemon.com.br/?view=cards/search&card=edid=738%20ed=PFL,PFL,0.08,2.50,292.0,Lombre (#006/094),Lombre,G,,006,000000000000006,0.0,0.08,0.84,2.50,2025-11-24 16:20:38,0.0,1.0,738.0,0.0,,,,//arquivos/in/pokemon_bkp/cd/738/69163c428c7b9-duyw9-kqtjc-6386cdd1635c69bcd3f1e8f5ea9c84f1.jpg
https://www.ligapokemon.com.br/?view=cards/search&card=edid=738%20ed=PFL,PFL,0.13,4.00,258.0,Ludicolo (#007/094),Ludicolo,G,,007,000000000000007,0.0,0.13,0.71,4.00,2025-11-24 16:20:40,0.0,2.0,738.0,0.0,,,,//arquivos/in/pokemon_bkp/cd/738/69163c44668e4-jf1sb-czdpm-6386cdd1635c69bcd3f1e8f5ea9c84f1.jpg
https://www.ligapokemon.com.br/?view=cards/search&card=edid=738%20ed=PFL,PFL,0.17,6.00,32.0,Genesect (#008/094),Genesect,G,,008,000000000000008,0.0,0.17,1.58,6.00,2025-11-24 16:20:41,0.0,3.0,738.0,0.0,,,,//arquivos/in/pokemon_bkp/cd/738/69163c4620a9c-jugmi-rfcku-6386cdd1635c69bcd3f1e8f5ea9c84f1.jpg
https://www.ligapokemon.com.br/?view=cards/search&card=edid=738%20ed=PFL,PFL,0.07,2.50,6384.0,Nymble (#009/094),Nymble,G,,009,000000000000009,0.0,0.07,0.72,2.50,2025-11-24 16:20:43,0.0,1.0,738.0,0.0,,,,//arquivos/in/pokemon_bkp/cd/738/69163c47d28bf-fraxd-v4b0y-6386cdd1635c69bcd3f1e8f5ea9c84f1.jpg
https://www.ligapokemon.com.br/?view=cards/search&card=edid=738%20ed=PFL,PFL,0.10,2.50,6385.0,Lokix (#010/094),Lokix,G,,010,000000000000010,0.0,0.10,0.54,2.50,2025-11-24 16:20:45,0.0,2.0,738.0,0.0,,,,//arquivos/in/pokemon_bkp/cd/738/69163c49a9c67-f1o5i-jvnou-6386cdd1635c69bcd3f1e8f5ea9c84f1.jpg
https://www.ligapokemon.com.br/?view=cards/search&card=edid=738%20ed=PFL,PFL,0.10,5.99,33.0,Charmander (#011/094),Charmander,R,,011,000000000000011,0.0,0.10,1.35,5.99,2025-11-24 16:20:46,0.0,1.0,738.0,0.0,,,,//arquivos/in/pokemon_bkp/cd/738/69163c4b65404-m3e0j-0a3q1-6386cdd1635c69bcd3f1e8f5ea9c84f1.jpg
https://www.ligapokemon.com.br/?view=cards/search&card=edid=738%20ed=PFL,PFL,0.07,5.99,34.0,Charmeleon (#012/094),Charmeleon,R,,012,000000000000012,0.0,0.07,1.40,5.99,2025-11-24 16:20:48,0.0,1.0,738.0,0.0,,,,//arquivos/in/pokemon_bkp/cd/738/69163c4d2d2a7-do9xv-936m4-6386cdd1635c69bcd3f1e8f5ea9c84f1.jpg
https://www.ligapokemon.com.br/?view=cards/search&card=edid=738%20ed=PFL,PFL,9.90,65.00,7930.0,Mega Charizard X ex (#013/094),Mega Charizard X ex,R,,013,000000000000013,0.0,9.90,33.26,65.00,2025-11-24 16:20:50,0.0,20.0,738.0,0.0,,,,//arquivos/in/pokemon_bkp/cd/738/69163c4edcf8d-m4cgz-qes8v-6386cdd1635c69bcd3f1e8f5ea9c84f1.jpg
https://www.ligapokemon.com.br/?view=cards/search&card=edid=738%20ed=PFL,PFL,0.16,6.90,38.0,Moltres (#014/094),Moltres,R,,014,000000000000014,0.0,0.16,1.30,6.90,2025-11-24 16:20:51,0.0,3.0,738.0,0.0,,,,//arquivos/in/pokemon_bkp/cd/738/69163c50829f7-kh0aq-g2jfk-6386cdd1635c69bcd3f1e8f5ea9c84f1.jpg
https://www.ligapokemon.com.br/?view=cards/search&card=edid=738%20ed=PFL,PFL,0.10,2.90,983.0,Darumaka (#015/094),Darumaka,R,,015,000000000000015,0.0,0.10,0.64,2.90,2025-11-24 16:20:53,0.0,1.0,738.0,0.0,,,,//arquivos/in/pokemon_bkp/cd/738/69163c53306a9-8nly0-eny9k-6386cdd1635c69bcd3f1e8f5ea9c84f1.jpg
https://www.ligapokemon.com.br/?view=cards/search&card=edid=738%20ed=PFL,PFL,0.07,3.00,1419.0,Darmanitan (#016/094),Darmanitan,R,,016,000000000000016,0.0,0.07,0.67,3.00,2025-11-24 16:20:55,0.0,2.0,738.0,0.0,,,,//arquivos/in/pokemon_bkp/cd/738/69163c55337e2-sui9q-v9et5-6386cdd1635c69bcd3f1e8f5ea9c84f1.jpg
https://www.ligapokemon.com.br/?view=cards/search&card=edid=738%20ed=PFL,PFL,0.15,6.00,44.0,Reshiram (#017/094),Reshiram,R,,017,000000000000017,0.0,0.15,1.15,6.00,2025-11-24 16:20:57,0.0,3.0,738.0,0.0,,,,//arquivos/in/pokemon_bkp/cd/738/69163c5733ee0-mk84a-c0rai-6386cdd1635c69bcd3f1e8f5ea9c84f1.jpg
https://www.ligapokemon.com.br/?view=cards/search&card=edid=738%20ed=PFL,PFL,3.33,30.52,7962.0,Oricorio ex (#018/094),Oricorio ex,R,,018,000000000000018,0.0,3.33,9.35,30.52,2025-11-24 16:20:59,0.0,20.0,738.0,0.0,,,,//arquivos/in/pokemon_bkp/cd/738/69163c5939bfa-ide69-0c6nt-6386cdd1635c69bcd3f1e8f5ea9c84f1.jpg
https://www.ligapokemon.com.br/?view=cards/search&card=edid=738%20ed=PFL,PFL,0.07,2.90,6294.0,Charcadet (#019/094),Charcadet,R,,019,000000000000019,0.0,0.07,0.66,2.90,2025-11-24 16:21:01,0.0,1.0,738.0,0.0,,,,//arquivos/in/pokemon_bkp/cd/738/69163c5b4726a-goazt-f2wes-6386cdd1635c69bcd3f1e8f5ea9c84f1.jpg
https://www.ligapokemon.com.br/?view=cards/search&card=edid=738%20ed=PFL,PFL,0.12,4.90,6460.0,Ceruledge (#020/094),Ceruledge,R,,020,000000000000020,0.0,0.12,0.79,4.90,2025-11-24 16:21:03,0.0,2.0,738.0,0.0,,,,//arquivos/in/pokemon_bkp/cd/738/69163c5d3a5a8-u1f4q-1wcg6-6386cdd1635c69bcd3f1e8f5ea9c84f1.jpg
https://www.ligapokemon.com.br/?view=cards/search&card=edid=738%20ed=PFL,PFL,0.07,2.50,526.0,Seel (#021/094),Seel,W,,021,000000000000021,0.0,0.07,0.63,2.50,2025-11-24 16:21:04,0.0,1.0,738.0,0.0,,,,//arquivos/in/pokemon_bkp/cd/738/69163c5f39e0d-fbljt-o5vcr-6386cdd1635c69bcd3f1e8f5ea9c84f1.jpg
https://www.ligapokemon.com.br/?view=cards/search&card=edid=738%20ed=PFL,PFL,0.10,2.50,516.0,Dewgong (#022/094),Dewgong,W,,022,000000000000022,0.0,0.10,0.64,2.50,2025-11-24 16:21:06,0.0,1.0,738.0,0.0,,,,//arquivos/in/pokemon_bkp/cd/738/69163c66468dc-d6xst-1q48r-6386cdd1635c69bcd3f1e8f5ea9c84f1.jpg
https://www.ligapokemon.com.br/?view=cards/search&card=edid=738%20ed=PFL,PFL,0.07,2.50,498.0,Swinub (#023/094),Swinub,W,,023,000000000000023,0.0,0.07,0.67,2.50,2025-11-24 16:21:08,0.0,1.0,738.0,0.0,,,,//arquivos/in/pokemon_bkp/cd/738/69163c749e6cd-rfkzg-m4ifa-6386cdd1635c69bcd3f1e8f5ea9c84f1.jpg
https://www.ligapokemon.com.br/?view=cards/search&card=edid=738%20ed=PFL,PFL,0.10,2.50,490.0,Piloswine (#024/094),Piloswine,W,,024,000000000000024,0.0,0.10,0.74,2.50,2025-11-24 16:21:09,0.0,1.0,738.0,0.0,,,,//arquivos/in/pokemon_bkp/cd/738/69163c765bb73-4oizq-d8ar5-6386cdd1635c69bcd3f1e8f5ea9c84f1.jpg
https://www.ligapokemon.com.br/?view=cards/search&card=edid=738%20ed=PFL,PFL,0.08,3.00,682.0,Mamoswine (#025/094),Mamoswine,W,,025,000000000000025,0.0,0.08,0.65,3.00,2025-11-24 16:21:11,0.0,2.0,738.0,0.0,,,,//arquivos/in/pokemon_bkp/cd/738/69163c78260f0-72d5q-mczef-6386cdd1635c69bcd3f1e8f5ea9c84f1.jpg
https://www.ligapokemon.com.br/?view=cards/search&card=edid=738%20ed=PFL,PFL,0.18,6.00,264.0,Suicune (#026/094),Suicune,W,,026,000000000000026,0.0,0.18,1.06,6.00,2025-11-24 16:21:13,0.0,3.0,738.0,0.0,,,,//arquivos/in/pokemon_bkp/cd/738/69163c7a3bba6-2ns5p-ek9rp-6386cdd1635c69bcd3f1e8f5ea9c84f1.jpg
https://www.ligapokemon.com.br/?view=cards/search&card=edid=738%20ed=PFL,PFL,0.07,3.00,16.0,Piplup (#027/094),Piplup,W,,027,000000000000027,0.0,0.07,0.63,3.00,2025-11-24 16:21:15,0.0,1.0,738.0,0.0,,,,//arquivos/in/pokemon_bkp/cd/738/69163c7c30c17-3jzrs-udhre-6386cdd1635c69bcd3f1e8f5ea9c84f1.jpg
https://www.ligapokemon.com.br/?view=cards/search&card=edid=738%20ed=PFL,PFL,0.10,2.90,49.0,Prinplup (#028/094),Prinplup,W,,028,000000000000028,0.0,0.10,0.64,2.90,2025-11-24 16:21:16,0.0,1.0,738.0,0.0,,,,//arquivos/in/pokemon_bkp/cd/738/69163c7e96f41-rjg7u-ev9c2-6386cdd1635c69bcd3f1e8f5ea9c84f1.jpg
https://www.ligapokemon.com.br/?view=cards/search&card=edid=738%20ed=PFL,PFL,1.50,16.92,7963.0,Rotom ex (#029/094),Rotom ex,L,,029,000000000000029,0.0,1.50,7.12,16.92,2025-11-24 16:21:18,0.0,20.0,738.0,0.0,,,,//arquivos/in/pokemon_bkp/cd/738/69163c8138ed2-hfm1l-rewgo-6386cdd1635c69bcd3f1e8f5ea9c84f1.jpg
https://www.ligapokemon.com.br/?view=cards/search&card=edid=738%20ed=PFL,PFL,0.07,2.50,4962.0,Yamper (#030/094),Yamper,L,,030,000000000000030,0.0,0.07,0.52,2.50,2025-11-24 16:21:20,0.0,1.0,738.0,0.0,,,,//arquivos/in/pokemon_bkp/cd/738/69163c83314f9-qnypi-1dfy6-6386cdd1635c69bcd3f1e8f5ea9c84f1.jpg
https://www.ligapokemon.com.br/?view=cards/search&card=edid=738%20ed=PFL,PFL,0.07,3.00,4982.0,Boltund (#031/094),Boltund,L,,031,000000000000031,0.0,0.07,0.55,3.00,2025-11-24 16:21:21,0.0,1.0,738.0,0.0,,,,//arquivos/in/pokemon_bkp/cd/738/69163c9002014-ejmug-5hr3e-6386cdd1635c69bcd3f1e8f5ea9c84f1.jpg
https://www.ligapokemon.com.br/?view=cards/search&card=edid=738%20ed=PFL,PFL,0.06,2.50,6331.0,Pawmi (#032/094),Pawmi,L,,032,000000000000032,0.0,0.06,0.76,2.50,2025-11-24 16:21:24,0.0,1.0,738.0,0.0,,,,//arquivos/in/pokemon_bkp/cd/738/69163c91c2716-q60po-6gjtu-6386cdd1635c69bcd3f1e8f5ea9c84f1.jpg
https://www.ligapokemon.com.br/?view=cards/search&card=edid=738%20ed=PFL,PFL,0.10,2.50,6332.0,Pawmo (#033/094),Pawmo,L,,033,000000000000033,0.0,0.10,0.63,2.50,2025-11-24 16:21:26,0.0,1.0,738.0,0.0,,,,//arquivos/in/pokemon_bkp/cd/738/69163c9434b24-nzh65-63fng-6386cdd1635c69bcd3f1e8f5ea9c84f1.jpg
https://www.ligapokemon.com.br/?view=cards/search&card=edid=738%20ed=PFL,PFL,0.20,6.00,6333.0,Pawmot (#034/094),Pawmot,L,,034,000000000000034,0.0,0.20,1.33,6.00,2025-11-24 16:21:28,0.0,3.0,738.0,0.0,,,,//arquivos/in/pokemon_bkp/cd/738/69163c963d3de-nei7r-msoix-6386cdd1635c69bcd3f1e8f5ea9c84f1.jpg
https://www.ligapokemon.com.br/?view=cards/search&card=edid=738%20ed=PFL,PFL,0.10,2.50,72.0,Misdreavus (#035/094),Misdreavus,P,,035,000000000000035,0.0,0.10,0.55,2.50,2025-11-24 16:21:30,0.0,1.0,738.0,0.0,,,,//arquivos/in/pokemon_bkp/cd/738/69163c984113e-fa8cd-izj70-6386cdd1635c69bcd3f1e8f5ea9c84f1.jpg
https://www.ligapokemon.com.br/?view=cards/search&card=edid=738%20ed=PFL,PFL,2.40,37.80,7964.0,Mismagius ex (#036/094),Mismagius ex,P,,036,000000000000036,0.0,2.40,8.31,37.80,2025-11-24 16:21:32,0.0,20.0,738.0,0.0,,,,//arquivos/in/pokemon_bkp/cd/738/69163c9a33920-ucims-g7r5x-6386cdd1635c69bcd3f1e8f5ea9c84f1.jpg
https://www.ligapokemon.com.br/?view=cards/search&card=edid=738%20ed=PFL,PFL,0.07,2.50,223.0,Snubbull (#037/094),Snubbull,P,,037,000000000000037,0.0,0.07,0.80,2.50,2025-11-24 16:21:34,0.0,1.0,738.0,0.0,,,,//arquivos/in/pokemon_bkp/cd/738/69163c9c95fd9-ofi10-w9pk8-6386cdd1635c69bcd3f1e8f5ea9c84f1.jpg
https://www.ligapokemon.com.br/?view=cards/search&card=edid=738%20ed=PFL,PFL,0.06,50.00,179.0,Granbull (#038/094),Granbull,P,,038,000000000000038,0.0,0.06,1.08,50.00,2025-11-24 16:21:53,0.0,2.0,738.0,0.0,,,,//arquivos/in/pokemon_bkp/cd/738/69163ca8ca180-l5vwg-yrhl9-6386cdd1635c69bcd3f1e8f5ea9c84f1.jpg
https://www.ligapokemon.com.br/?view=cards/search&card=edid=738%20ed=PFL,PFL,0.07,4.00,149.0,Cresselia (#039/094),Cresselia,P,,039,000000000000039,0.0,0.07,0.53,4.00,2025-11-24 16:22:53,0.0,2.0,738.0,0.0,,,,//arquivos/in/pokemon_bkp/cd/738/69163caa9bf3d-75ckj-oevnq-6386cdd1635c69bcd3f1e8f5ea9c84f1.jpg
https://www.ligapokemon.com.br/?view=cards/search&card=edid=738%20ed=PFL,PFL,0.08,2.00,90.0,Meloetta (#040/094),Meloetta,P,,040,000000000000040,0.0,0.08,0.64,2.00,2025-11-24 16:23:52,0.0,2.0,738.0,0.0,,,,//arquivos/in/pokemon_bkp/cd/738/69163cac71517-r3kqa-c31wx-6386cdd1635c69bcd3f1e8f5ea9c84f1.jpg
https://www.ligapokemon.com.br/?view=cards/search&card=edid=738%20ed=PFL,PFL,3.20,29.99,8003.0,Mega Diancie ex (#041/094),Mega Diancie ex,P,,041,000000000000041,0.0,3.20,11.35,29.99,2025-11-24 16:23:54,0.0,20.0,738.0,0.0,,,,//arquivos/in/pokemon_bkp/cd/738/69163cae3744c-qvys7-xlq3p-6386cdd1635c69bcd3f1e8f5ea9c84f1.jpg
https://www.ligapokemon.com.br/?view=cards/search&card=edid=738%20ed=PFL,PFL,0.07,3.00,4325.0,Mimikyu (#042/094),Mimikyu,P,,042,000000000000042,0.0,0.07,0.79,3.00,2025-11-24 16:23:56,0.0,1.0,738.0,0.0,,,,//arquivos/in/pokemon_bkp/cd/738/69163cafe0ece-ztplq-ao74h-6386cdd1635c69bcd3f1e8f5ea9c84f1.jpg
https://www.ligapokemon.com.br/?view=cards/search&card=edid=738%20ed=PFL,PFL,0.07,2.50,5023.0,Milcery (#043/094),Milcery,P,,043,000000000000043,0.0,0.07,0.98,2.50,2025-11-24 16:23:57,0.0,1.0,738.0,0.0,,,,//arquivos/in/pokemon_bkp/cd/738/69163cb1b240c-p1mab-bx7uv-6386cdd1635c69bcd3f1e8f5ea9c84f1.jpg
https://www.ligapokemon.com.br/?view=cards/search&card=edid=738%20ed=PFL,PFL,0.07,2.50,5044.0,Alcremie (#044/094),Alcremie,P,,044,000000000000044,0.0,0.07,0.61,2.50,2025-11-24 16:23:59,0.0,2.0,738.0,0.0,,,,//arquivos/in/pokemon_bkp/cd/738/69163cb371456-rvpxk-0ubrx-6386cdd1635c69bcd3f1e8f5ea9c84f1.jpg
https://www.ligapokemon.com.br/?view=cards/search&card=edid=738%20ed=PFL,PFL,0.16,6.00,5057.0,Zacian (#045/094),Zacian,P,,045,000000000000045,0.0,0.16,0.83,6.00,2025-11-24 16:24:06,0.0,3.0,738.0,0.0,,,,//arquivos/in/pokemon_bkp/cd/738/69163cb52a410-r2gze-ijkxd-6386cdd1635c69bcd3f1e8f5ea9c84f1.jpg
https://www.ligapokemon.com.br/?view=cards/search&card=edid=738%20ed=PFL,PFL,0.06,2.50,6432.0,Bramblin (#046/094),Bramblin,P,,046,000000000000046,0.0,0.06,0.67,2.50,2025-11-24 16:24:08,0.0,1.0,738.0,0.0,,,,//arquivos/in/pokemon_bkp/cd/738/69163cb6d4632-enf2p-rsfut-6386cdd1635c69bcd3f1e8f5ea9c84f1.jpg
https://www.ligapokemon.com.br/?view=cards/search&card=edid=738%20ed=PFL,PFL,0.08,2.50,6433.0,Brambleghast (#047/094),Brambleghast,P,,047,000000000000047,0.0,0.08,0.68,2.50,2025-11-24 16:24:10,0.0,2.0,738.0,0.0,,,,//arquivos/in/pokemon_bkp/cd/738/69163cb86ef45-fkjse-7ta5f-6386cdd1635c69bcd3f1e8f5ea9c84f1.jpg
https://www.ligapokemon.com.br/?view=cards/search&card=edid=738%20ed=PFL,PFL,0.08,2.50,6386.0,Paldean Tauros (#048/094),Tauros de Paldea,F,,048,000000000000048,0.0,0.08,0.76,2.50,2025-11-24 16:24:12,0.0,2.0,738.0,0.0,,,,//arquivos/in/pokemon_bkp/cd/738/69163e79192d5-7xiad-c96os-6386cdd1635c69bcd3f1e8f5ea9c84f1.jpg
https://www.ligapokemon.com.br/?view=cards/search&card=edid=738%20ed=PFL,PFL,0.05,2.50,1138.0,Gligar (#049/094),Gligar,F,,049,000000000000049,0.0,0.05,0.46,2.50,2025-11-24 16:24:14,0.0,1.0,738.0,0.0,,,,//arquivos/in/pokemon_bkp/cd/738/69163cbb5e32d-lc0r4-lsqn4-6386cdd1635c69bcd3f1e8f5ea9c84f1.jpg
https://www.ligapokemon.com.br/?view=cards/search&card=edid=738%20ed=PFL,PFL,0.11,2.50,665.0,Gliscor (#050/094),Gliscor,F,,050,000000000000050,0.0,0.11,0.44,2.50,2025-11-24 16:24:16,0.0,2.0,738.0,0.0,,,,//arquivos/in/pokemon_bkp/cd/738/69163cbd1e157-alumk-pjqn7-6386cdd1635c69bcd3f1e8f5ea9c84f1.jpg
https://www.ligapokemon.com.br/?view=cards/search&card=edid=738%20ed=PFL,PFL,0.10,2.50,347.0,Trapinch (#051/094),Trapinch,F,,051,000000000000051,0.0,0.10,0.75,2.50,2025-11-24 16:24:18,0.0,1.0,738.0,0.0,,,,//arquivos/in/pokemon_bkp/cd/738/69163cbec29f5-70mkl-e036f-6386cdd1635c69bcd3f1e8f5ea9c84f1.jpg
https://www.ligapokemon.com.br/?view=cards/search&card=edid=738%20ed=PFL,PFL,0.10,2.50,311.0,Vibrava (#052/094),Vibrava,F,,052,000000000000052,0.0,0.10,0.62,2.50,2025-11-24 16:24:20,0.0,1.0,738.0,0.0,,,,//arquivos/in/pokemon_bkp/cd/738/69163cc07f651-2ci0p-d1u30-6386cdd1635c69bcd3f1e8f5ea9c84f1.jpg
https://www.ligapokemon.com.br/?view=cards/search&card=edid=738%20ed=PFL,PFL,0.17,6.00,252.0,Flygon (#053/094),Flygon,F,,053,000000000000053,0.0,0.17,1.03,6.00,2025-11-24 16:24:21,0.0,3.0,738.0,0.0,,,,//arquivos/in/pokemon_bkp/cd/738/69163cc24a7f8-mk302-d8zxr-6386cdd1635c69bcd3f1e8f5ea9c84f1.jpg
https://www.ligapokemon.com.br/?view=cards/search&card=edid=738%20ed=PFL,PFL,0.07,3.90,448.0,Gastly (#054/094),Gastly,D,,054,000000000000054,0.0,0.07,0.81,3.90,2025-11-24 16:24:23,0.0,1.0,738.0,0.0,,,,//arquivos/in/pokemon_bkp/cd/738/69163cc3ed517-tvcr2-iq98t-6386cdd1635c69bcd3f1e8f5ea9c84f1.jpg
https://www.ligapokemon.com.br/?view=cards/search&card=edid=738%20ed=PFL,PFL,0.08,5.00,438.0,Haunter (#055/094),Haunter,D,,055,000000000000055,0.0,0.08,0.85,5.00,2025-11-24 16:24:25,0.0,2.0,738.0,0.0,,,,//arquivos/in/pokemon_bkp/cd/738/69163cc5a4b97-56l02-u3eth-6386cdd1635c69bcd3f1e8f5ea9c84f1.jpg
https://www.ligapokemon.com.br/?view=cards/search&card=edid=738%20ed=PFL,PFL,5.90,30.00,8004.0,Mega Gengar ex (#056/094),Mega Gengar ex,D,,056,000000000000056,0.0,5.90,12.71,30.00,2025-11-24 16:24:27,2.0,20.0,738.0,0.0,,,,//arquivos/in/pokemon_bkp/cd/738/69163cc752f96-10kfp-pa0hd-6386cdd1635c69bcd3f1e8f5ea9c84f1.jpg
https://www.ligapokemon.com.br/?view=cards/search&card=edid=738%20ed=PFL,PFL,0.07,2.50,330.0,Murkrow (#057/094),Murkrow,D,,057,000000000000057,0.0,0.07,0.43,2.50,2025-11-24 16:24:28,0.0,1.0,738.0,0.0,,,,//arquivos/in/pokemon_bkp/cd/738/69163cc92d08c-iqc3e-2c1ns-6386cdd1635c69bcd3f1e8f5ea9c84f1.jpg
https://www.ligapokemon.com.br/?view=cards/search&card=edid=738%20ed=PFL,PFL,0.05,4.00,1122.0,Honchkrow (#058/094),Honchkrow,D,,058,000000000000058,0.0,0.05,0.70,4.00,2025-11-24 16:24:30,0.0,2.0,738.0,0.0,,,,//arquivos/in/pokemon_bkp/cd/738/69163e7af0b9a-rikz5-b4yom-6386cdd1635c69bcd3f1e8f5ea9c84f1.jpg
https://www.ligapokemon.com.br/?view=cards/search&card=edid=738%20ed=PFL,PFL,0.10,76.50,76.0,Sableye (#059/094),Sableye,D,,059,000000000000059,0.0,0.10,15.52,76.50,2025-11-24 16:24:32,0.0,1.0,738.0,0.0,,,,//arquivos/in/pokemon_bkp/cd/738/69163ccc38b41-b0ye5-a8u4k-6386cdd1635c69bcd3f1e8f5ea9c84f1.jpg
https://www.ligapokemon.com.br/?view=cards/search&card=edid=738%20ed=PFL,PFL,0.10,2.90,318.0,Carvanha (#060/094),Carvanha,D,,060,000000000000060,0.0,0.10,0.86,2.90,2025-11-24 16:24:33,0.0,1.0,738.0,0.0,,,,//arquivos/in/pokemon_bkp/cd/738/69163ccde1956-9zv21-umjly-6386cdd1635c69bcd3f1e8f5ea9c84f1.jpg
https://www.ligapokemon.com.br/?view=cards/search&card=edid=738%20ed=PFL,PFL,4.90,23.99,7965.0,Mega Sharpedo ex (#061/094),Mega Sharpedo ex,D,,061,000000000000061,0.0,4.90,12.71,23.99,2025-11-24 16:24:35,0.0,20.0,738.0,0.0,,,,//arquivos/in/pokemon_bkp/cd/738/69163ccf9c997-t5v2p-64cor-6386cdd1635c69bcd3f1e8f5ea9c84f1.jpg
https://www.ligapokemon.com.br/?view=cards/search&card=edid=738%20ed=PFL,PFL,0.10,4.00,191.0,Seviper (#062/094),Seviper,D,,062,000000000000062,0.0,0.10,0.77,4.00,2025-11-24 16:24:37,0.0,2.0,738.0,0.0,,,,//arquivos/in/pokemon_bkp/cd/738/69163cd16a3ff-7iyqk-2bjpa-6386cdd1635c69bcd3f1e8f5ea9c84f1.jpg
https://www.ligapokemon.com.br/?view=cards/search&card=edid=738%20ed=PFL,PFL,0.08,2.50,266.0,Absol (#063/094),Absol,D,,063,000000000000063,0.0,0.08,0.37,2.50,2025-11-24 16:24:39,0.0,1.0,738.0,0.0,,,,//arquivos/in/pokemon_bkp/cd/738/69163cd3266fe-fervx-p3q9f-6386cdd1635c69bcd3f1e8f5ea9c84f1.jpg
https://www.ligapokemon.com.br/?view=cards/search&card=edid=738%20ed=PFL,PFL,0.06,2.00,247.0,Sandile (#064/094),Sandile,D,,064,000000000000064,0.0,0.06,0.47,2.00,2025-11-24 16:24:40,2.0,1.0,738.0,0.0,,,,//arquivos/in/pokemon_bkp/cd/738/69163cd4d7945-fh261-lo1i5-6386cdd1635c69bcd3f1e8f5ea9c84f1.jpg
https://www.ligapokemon.com.br/?view=cards/search&card=edid=738%20ed=PFL,PFL,0.05,2.50,605.0,Krokorok (#065/094),Krokorok,D,,065,000000000000065,0.0,0.05,0.71,2.50,2025-11-24 16:24:42,0.0,1.0,738.0,0.0,,,,//arquivos/in/pokemon_bkp/cd/738/69163cd6a8e66-emksc-zxcpo-6386cdd1635c69bcd3f1e8f5ea9c84f1.jpg
https://www.ligapokemon.com.br/?view=cards/search&card=edid=738%20ed=PFL,PFL,0.07,4.00,606.0,Krookodile (#066/094),Krookodile,D,,066,000000000000066,0.0,0.07,0.67,4.00,2025-11-24 16:24:44,0.0,2.0,738.0,0.0,,,,//arquivos/in/pokemon_bkp/cd/738/69163cd86469f-09idk-ex19o-6386cdd1635c69bcd3f1e8f5ea9c84f1.jpg
https://www.ligapokemon.com.br/?view=cards/search&card=edid=738%20ed=PFL,PFL,0.10,3.00,5039.0,Toxel (#067/094),Toxel,D,,067,000000000000067,0.0,0.10,1.06,3.00,2025-11-24 16:24:46,0.0,1.0,738.0,0.0,,,,//arquivos/in/pokemon_bkp/cd/738/69163cda29df1-v2mda-fejhl-6386cdd1635c69bcd3f1e8f5ea9c84f1.jpg
https://www.ligapokemon.com.br/?view=cards/search&card=edid=738%20ed=PFL,PFL,0.20,12.90,5032.0,Toxtricity (#068/094),Toxtricity,D,,068,000000000000068,0.0,0.20,1.23,12.90,2025-11-24 16:24:48,0.0,3.0,738.0,0.0,,,,//arquivos/in/pokemon_bkp/cd/738/69163cdc3ed04-xqjnt-g1zvb-6386cdd1635c69bcd3f1e8f5ea9c84f1.jpg
https://www.ligapokemon.com.br/?view=cards/search&card=edid=738%20ed=PFL,PFL,0.10,3.00,7173.0,Eternatus (#069/094),Eternatus,D,,069,000000000000069,0.0,0.10,0.68,3.00,2025-11-24 16:24:49,0.0,2.0,738.0,0.0,,,,//arquivos/in/pokemon_bkp/cd/738/69163cde06f22-j9ad8-f13oy-6386cdd1635c69bcd3f1e8f5ea9c84f1.jpg
https://www.ligapokemon.com.br/?view=cards/search&card=edid=738%20ed=PFL,PFL,2.13,20.00,7966.0,Empoleon ex (#070/094),Empoleon ex,M,,070,000000000000070,0.0,2.13,10.41,20.00,2025-11-24 16:24:51,0.0,20.0,738.0,0.0,,,,//arquivos/in/pokemon_bkp/cd/738/69163cdfbb58b-2tsjk-h7kof-6386cdd1635c69bcd3f1e8f5ea9c84f1.jpg
https://www.ligapokemon.com.br/?view=cards/search&card=edid=738%20ed=PFL,PFL,0.07,2.50,389.0,Bronzor (#071/094),Bronzor,M,,071,000000000000071,0.0,0.07,0.71,2.50,2025-11-24 16:24:53,0.0,1.0,738.0,0.0,,,,//arquivos/in/pokemon_bkp/cd/738/69163ce174464-kmxob-23yq8-6386cdd1635c69bcd3f1e8f5ea9c84f1.jpg
https://www.ligapokemon.com.br/?view=cards/search&card=edid=738%20ed=PFL,PFL,0.07,2.50,369.0,Bronzong (#072/094),Bronzong,M,,072,000000000000072,0.0,0.07,0.63,2.50,2025-11-24 16:24:55,0.0,2.0,738.0,0.0,,,,//arquivos/in/pokemon_bkp/cd/738/69163ce345736-lnoe8-0phj3-6386cdd1635c69bcd3f1e8f5ea9c84f1.jpg
https://www.ligapokemon.com.br/?view=cards/search&card=edid=738%20ed=PFL,PFL,0.10,2.50,4288.0,Togedemaru (#073/094),Togedemaru,M,,073,000000000000073,0.0,0.10,0.62,2.50,2025-11-24 16:24:56,0.0,1.0,738.0,0.0,,,,//arquivos/in/pokemon_bkp/cd/738/69163ce509b0c-t50qp-per4u-6386cdd1635c69bcd3f1e8f5ea9c84f1.jpg
https://www.ligapokemon.com.br/?view=cards/search&card=edid=738%20ed=PFL,PFL,0.13,2.90,5019.0,Duraludon (#074/094),Duraludon,M,,074,000000000000074,0.0,0.13,0.66,2.90,2025-11-24 16:24:58,0.0,1.0,738.0,0.0,,,,//arquivos/in/pokemon_bkp/cd/738/69163ce6b430c-n3v9p-nfkd6-6386cdd1635c69bcd3f1e8f5ea9c84f1.jpg
https://www.ligapokemon.com.br/?view=cards/search&card=edid=738%20ed=PFL,PFL,0.13,3.00,7078.0,Archaludon (#075/094),Archaludon,M,,075,000000000000075,0.0,0.13,0.82,3.00,2025-11-24 16:25:00,0.0,2.0,738.0,0.0,,,,//arquivos/in/pokemon_bkp/cd/738/69163ce860eb0-9yhod-y1pe9-6386cdd1635c69bcd3f1e8f5ea9c84f1.jpg
https://www.ligapokemon.com.br/?view=cards/search&card=edid=738%20ed=PFL,PFL,0.06,2.50,211.0,Jigglypuff (#076/094),Jigglypuff,C,,076,000000000000076,0.0,0.06,0.77,2.50,2025-11-24 16:25:02,0.0,1.0,738.0,0.0,,,,//arquivos/in/pokemon_bkp/cd/738/69163cea2f1de-kfqh2-5cyu8-6386cdd1635c69bcd3f1e8f5ea9c84f1.jpg
https://www.ligapokemon.com.br/?view=cards/search&card=edid=738%20ed=PFL,PFL,0.13,2.50,174.0,Wigglytuff (#077/094),Wigglytuff,C,,077,000000000000077,0.0,0.13,0.75,2.50,2025-11-24 16:25:03,0.0,2.0,738.0,0.0,,,,//arquivos/in/pokemon_bkp/cd/738/69163cec31688-cyjv5-8sr5b-6386cdd1635c69bcd3f1e8f5ea9c84f1.jpg
https://www.ligapokemon.com.br/?view=cards/search&card=edid=738%20ed=PFL,PFL,0.07,2.50,388.0,Aipom (#078/094),Aipom,C,,078,000000000000078,0.0,0.07,0.70,2.50,2025-11-24 16:25:05,0.0,1.0,738.0,0.0,,,,//arquivos/in/pokemon_bkp/cd/738/69163cee47707-hw0su-xv20s-6386cdd1635c69bcd3f1e8f5ea9c84f1.jpg
https://www.ligapokemon.com.br/?view=cards/search&card=edid=738%20ed=PFL,PFL,0.15,6.00,378.0,Ambipom (#079/094),Ambipom,C,,079,000000000000079,0.0,0.15,0.91,6.00,2025-11-24 16:25:07,0.0,3.0,738.0,0.0,,,,//arquivos/in/pokemon_bkp/cd/738/69163cf033776-8vt7b-h1t5i-6386cdd1635c69bcd3f1e8f5ea9c84f1.jpg
https://www.ligapokemon.com.br/?view=cards/search&card=edid=738%20ed=PFL,PFL,0.07,3.00,303.0,Smeargle (#080/094),Smeargle,C,,080,000000000000080,0.0,0.07,0.75,3.00,2025-11-24 16:25:09,0.0,1.0,738.0,0.0,,,,//arquivos/in/pokemon_bkp/cd/738/69163cf22ed5f-ub2wx-lwh42-6386cdd1635c69bcd3f1e8f5ea9c84f1.jpg
https://www.ligapokemon.com.br/?view=cards/search&card=edid=738%20ed=PFL,PFL,0.07,2.50,232.0,Zigzagoon (#081/094),Zigzagoon,C,,081,000000000000081,0.0,0.07,0.63,2.50,2025-11-24 16:25:11,0.0,1.0,738.0,0.0,,,,//arquivos/in/pokemon_bkp/cd/738/69163cfa3e601-8d243-zqwmj-6386cdd1635c69bcd3f1e8f5ea9c84f1.jpg
https://www.ligapokemon.com.br/?view=cards/search&card=edid=738%20ed=PFL,PFL,0.09,2.50,183.0,Linoone (#082/094),Linoone,C,,082,000000000000082,0.0,0.09,0.53,2.50,2025-11-24 16:25:13,0.0,2.0,738.0,0.0,,,,//arquivos/in/pokemon_bkp/cd/738/69163cfc31811-vp9on-q3f4b-6386cdd1635c69bcd3f1e8f5ea9c84f1.jpg
https://www.ligapokemon.com.br/?view=cards/search&card=edid=738%20ed=PFL,PFL,0.09,2.90,12.0,Buneary (#083/094),Buneary,C,,083,000000000000083,0.0,0.09,0.77,2.90,2025-11-24 16:25:15,0.0,1.0,738.0,0.0,,,,//arquivos/in/pokemon_bkp/cd/738/69163cfe2f4e6-a3yws-2eabx-6386cdd1635c69bcd3f1e8f5ea9c84f1.jpg
https://www.ligapokemon.com.br/?view=cards/search&card=edid=738%20ed=PFL,PFL,5.97,30.00,7967.0,Mega Lopunny ex (#084/094),Mega Lopunny ex,C,,084,000000000000084,0.0,5.97,17.90,30.00,2025-11-24 16:25:17,0.0,20.0,738.0,0.0,,,,//arquivos/in/pokemon_bkp/cd/738/69163d002bc60-gn0oh-fycis-6386cdd1635c69bcd3f1e8f5ea9c84f1.jpg
https://www.ligapokemon.com.br/?view=cards/search&card=edid=738%20ed=PFL,PFL,0.19,9.80,8008.0,Battle Cage (#085/094),Jaula de Batalha,C,,085,000000000000085,0.0,0.19,1.77,9.80,2025-11-24 16:25:33,0.0,2.0,738.0,0.0,,,,//arquivos/in/pokemon_bkp/cd/738/69163d0243fba-umwvq-j67sf-6386cdd1635c69bcd3f1e8f5ea9c84f1.jpg
https://www.ligapokemon.com.br/?view=cards/search&card=edid=738%20ed=PFL,PFL,0.13,7.00,8009.0,Blowtorch (#086/094),Ma&ccedil;arico,C,,086,000000000000086,0.0,0.13,1.33,7.00,2025-11-24 16:25:35,0.0,2.0,738.0,0.0,,,,//arquivos/in/pokemon_bkp/cd/738/69163d0448433-mfjkg-3e6im-6386cdd1635c69bcd3f1e8f5ea9c84f1.jpg
https://www.ligapokemon.com.br/?view=cards/search&card=edid=738%20ed=PFL,PFL,0.30,20.00,7972.0,Dawn (#087/094),Dawn,C,,087,000000000000087,0.0,0.30,5.33,20.00,2025-11-24 16:25:37,0.0,2.0,738.0,0.0,,,,//arquivos/in/pokemon_bkp/cd/738/69163d284cad6-7dv6i-kp1jg-6386cdd1635c69bcd3f1e8f5ea9c84f1.jpg
https://www.ligapokemon.com.br/?view=cards/search&card=edid=738%20ed=PFL,PFL,0.13,4.00,7975.0,Dizzying Valley (#088/094),Vale Vertiginoso,C,,088,000000000000088,0.0,0.13,0.98,4.00,2025-11-24 16:25:40,0.0,2.0,738.0,0.0,,,,//arquivos/in/pokemon_bkp/cd/738/69163d2a1a917-mo1rv-vhc16-6386cdd1635c69bcd3f1e8f5ea9c84f1.jpg
https://www.ligapokemon.com.br/?view=cards/search&card=edid=738%20ed=PFL,PFL,0.13,9.99,7973.0,Firebreather (#089/094),Cuspidor de Fogo,C,,089,000000000000089,0.0,0.13,0.91,9.99,2025-11-24 16:25:42,0.0,2.0,738.0,0.0,,,,//arquivos/in/pokemon_bkp/cd/738/69163d2bc4bd2-aus0z-vqhjr-6386cdd1635c69bcd3f1e8f5ea9c84f1.jpg
https://www.ligapokemon.com.br/?view=cards/search&card=edid=738%20ed=PFL,PFL,0.15,7.99,7971.0,Grimsley's Move (#090/094),Artimanha do Funesto,C,,090,000000000000090,0.0,0.15,1.01,7.99,2025-11-24 16:25:44,0.0,2.0,738.0,0.0,,,,//arquivos/in/pokemon_bkp/cd/738/69163d2d99fe7-4dwei-n3i09-6386cdd1635c69bcd3f1e8f5ea9c84f1.jpg
https://www.ligapokemon.com.br/?view=cards/search&card=edid=738%20ed=PFL,PFL,0.13,4.90,7968.0,Jumbo Ice Cream (#091/094),Sorvet&atilde;o Jumbo,C,,091,000000000000091,0.0,0.13,0.99,4.90,2025-11-24 16:26:32,0.0,2.0,738.0,0.0,,,,//arquivos/in/pokemon_bkp/cd/738/69163d2f58f6b-zhf6n-kr4cn-6386cdd1635c69bcd3f1e8f5ea9c84f1.jpg
https://www.ligapokemon.com.br/?view=cards/search&card=edid=738%20ed=PFL,PFL,0.09,5.99,7976.0,Punk Helmet (#092/094),Capacete Punk,C,,092,000000000000092,0.0,0.09,0.88,5.99,2025-11-24 16:26:45,0.0,2.0,738.0,0.0,,,,//arquivos/in/pokemon_bkp/cd/738/69163d31257ea-1dsu9-q48dt-6386cdd1635c69bcd3f1e8f5ea9c84f1.jpg
https://www.ligapokemon.com.br/?view=cards/search&card=edid=738%20ed=PFL,PFL,0.10,5.99,7970.0,Sacred Charm (#093/094),Pingente Sagrado,C,,093,000000000000093,0.0,0.10,0.77,5.99,2025-11-24 16:26:46,0.0,2.0,738.0,0.0,,,,//arquivos/in/pokemon_bkp/cd/738/69163d32ec152-pglho-xf8gq-6386cdd1635c69bcd3f1e8f5ea9c84f1.jpg
https://www.ligapokemon.com.br/?view=cards/search&card=edid=738%20ed=PFL,PFL,0.09,13.99,8005.0,Wondrous Patch (#094/094),Fragmento Encantado,C,,094,000000000000094,0.0,0.09,1.26,13.99,2025-11-24 16:26:48,0.0,2.0,738.0,0.0,,,,//arquivos/in/pokemon_bkp/cd/738/69163d3491dbf-2pts1-s4q93-6386cdd1635c69bcd3f1e8f5ea9c84f1.jpg
https://www.ligapokemon.com.br/?view=cards/search&card=edid=738%20ed=PFL,PFL,9.89,59.50,258.0,Ludicolo (#095/094),Ludicolo,G,,095,000000000000095,0.0,9.89,19.41,59.50,2025-11-24 16:26:50,0.0,17.0,738.0,0.0,,,,//arquivos/in/pokemon_bkp/cd/738/6924abeac929b-ztfn0-ays9h-6386cdd1635c69bcd3f1e8f5ea9c84f1.jpg
https://www.ligapokemon.com.br/?view=cards/search&card=edid=738%20ed=PFL,PFL,7.00,42.50,6384.0,Nymble (#096/094),Nymble,G,,096,000000000000096,0.0,7.00,16.74,42.50,2025-11-24 16:26:52,0.0,17.0,738.0,0.0,,,,//arquivos/in/pokemon_bkp/cd/738/6924abec91d1b-bi30j-ef8z1-6386cdd1635c69bcd3f1e8f5ea9c84f1.jpg
https://www.ligapokemon.com.br/?view=cards/search&card=edid=738%20ed=PFL,PFL,16.89,79.99,516.0,Dewgong (#097/094),Dewgong,W,,097,000000000000097,0.0,16.89,32.35,79.99,2025-11-24 16:26:53,0.0,17.0,738.0,0.0,,,,//arquivos/in/pokemon_bkp/cd/738/6924abee5baee-7biky-548eb-6386cdd1635c69bcd3f1e8f5ea9c84f1.jpg
https://www.ligapokemon.com.br/?view=cards/search&card=edid=738%20ed=PFL,PFL,29.90,129.99,16.0,Piplup (#098/094),Piplup,W,,098,000000000000098,0.0,29.90,48.67,129.99,2025-11-24 16:26:55,0.0,17.0,738.0,0.0,,,,//arquivos/in/pokemon_bkp/cd/738/6924abf008d1c-k4x2c-wnf07-6386cdd1635c69bcd3f1e8f5ea9c84f1.jpg
https://www.ligapokemon.com.br/?view=cards/search&card=edid=738%20ed=PFL,PFL,8.98,52.99,4962.0,Yamper (#099/094),Yamper,L,,099,000000000000099,0.0,8.98,24.84,52.99,2025-11-24 16:26:57,0.0,17.0,738.0,0.0,,,,//arquivos/in/pokemon_bkp/cd/738/6924abf1bdeb5-ltbc5-fizym-6386cdd1635c69bcd3f1e8f5ea9c84f1.jpg
https://www.ligapokemon.com.br/?view=cards/search&card=edid=738%20ed=PFL,PFL,11.00,85.00,5057.0,Zacian (#100/094),Zacian,P,,100,000000000000100,0.0,11.00,26.18,85.00,2025-11-24 16:26:59,0.0,17.0,738.0,0.0,,,,//arquivos/in/pokemon_bkp/cd/738/6924abf387be0-kiobn-2drhi-6386cdd1635c69bcd3f1e8f5ea9c84f1.jpg
https://www.ligapokemon.com.br/?view=cards/search&card=edid=738%20ed=PFL,PFL,10.00,63.00,252.0,Flygon (#101/094),Flygon,F,,101,000000000000101,0.0,10.00,27.90,63.00,2025-11-24 16:27:00,0.0,17.0,738.0,0.0,,,,//arquivos/in/pokemon_bkp/cd/738/6924abf5450d2-hixfo-s2oa8-6386cdd1635c69bcd3f1e8f5ea9c84f1.jpg
https://www.ligapokemon.com.br/?view=cards/search&card=edid=738%20ed=PFL,PFL,8.00,59.99,6395.0,Paldean Wooper (#102/094),Wooper de Paldea,D,,102,000000000000102,0.0,8.00,24.81,59.99,2025-11-24 16:27:02,0.0,17.0,738.0,0.0,,,,//arquivos/in/pokemon_bkp/cd/738/6924abf7029fc-slnxt-84wmr-6386cdd1635c69bcd3f1e8f5ea9c84f1.jpg
https://www.ligapokemon.com.br/?view=cards/search&card=edid=738%20ed=PFL,PFL,15.44,85.00,5032.0,Toxtricity (#103/094),Toxtricity,D,,103,000000000000103,0.0,15.44,30.59,85.00,2025-11-24 16:27:04,0.0,17.0,738.0,0.0,,,,//arquivos/in/pokemon_bkp/cd/738/6924abf9217b4-tc56w-s8yif-6386cdd1635c69bcd3f1e8f5ea9c84f1.jpg
https://www.ligapokemon.com.br/?view=cards/search&card=edid=738%20ed=PFL,PFL,6.98,68.00,4288.0,Togedemaru (#104/094),Togedemaru,M,,104,000000000000104,0.0,6.98,21.03,68.00,2025-11-24 16:27:06,0.0,17.0,738.0,0.0,,,,//arquivos/in/pokemon_bkp/cd/738/6924abfabfb80-o1iew-cbg8m-6386cdd1635c69bcd3f1e8f5ea9c84f1.jpg
https://www.ligapokemon.com.br/?view=cards/search&card=edid=738%20ed=PFL,PFL,19.90,85.00,174.0,Wigglytuff (#105/094),Wigglytuff,C,,105,000000000000105,0.0,19.90,30.21,85.00,2025-11-24 16:27:07,0.0,17.0,738.0,0.0,,,,//arquivos/in/pokemon_bkp/cd/738/6924abfc8593b-52tz3-rpmwj-6386cdd1635c69bcd3f1e8f5ea9c84f1.jpg
https://www.ligapokemon.com.br/?view=cards/search&card=edid=738%20ed=PFL,PFL,65.00,179.99,532.0,Meowth (#106/094),Meowth,C,,106,000000000000106,0.0,65.00,92.61,179.99,2025-11-24 16:27:09,1.0,17.0,738.0,0.0,,,,//arquivos/in/pokemon_bkp/cd/738/6924abfe4f8c0-na4fb-2jib6-6386cdd1635c69bcd3f1e8f5ea9c84f1.jpg
https://www.ligapokemon.com.br/?view=cards/search&card=edid=738%20ed=PFL,PFL,7.80,42.50,378.0,Ambipom (#107/094),Ambipom,C,,107,000000000000107,0.0,7.80,16.17,42.50,2025-11-24 16:27:11,0.0,17.0,738.0,0.0,,,,//arquivos/in/pokemon_bkp/cd/738/6924ac0024887-j97mc-slm6y-6386cdd1635c69bcd3f1e8f5ea9c84f1.jpg
https://www.ligapokemon.com.br/?view=cards/search&card=edid=738%20ed=PFL,PFL,8.50,85.00,7961.0,Mega Heracross ex (#108/094),Mega Heracross ex,G,,108,000000000000108,0.0,8.50,16.16,85.00,2025-11-24 16:27:13,1.0,7.0,738.0,0.0,,,,//arquivos/in/pokemon_bkp/cd/738/6924ac01c0a5d-gf4mb-mlfuv-6386cdd1635c69bcd3f1e8f5ea9c84f1.jpg
https://www.ligapokemon.com.br/?view=cards/search&card=edid=738%20ed=PFL,PFL,89.99,249.90,7930.0,Mega Charizard X ex (#109/094),Mega Charizard X ex,R,,109,000000000000109,0.0,89.99,155.51,249.90,2025-11-24 16:27:14,2.0,7.0,738.0,0.0,,,,//arquivos/in/pokemon_bkp/cd/738/6924ac037ab68-91q4b-4doq7-6386cdd1635c69bcd3f1e8f5ea9c84f1.jpg
https://www.ligapokemon.com.br/?view=cards/search&card=edid=738%20ed=PFL,PFL,9.45,255.00,7962.0,Oricorio ex (#110/094),Oricorio ex,R,,110,000000000000110,0.0,9.45,19.76,255.00,2025-11-24 16:27:16,0.0,7.0,738.0,0.0,,,,//arquivos/in/pokemon_bkp/cd/738/6924ac05951c1-vfjgm-8j523-6386cdd1635c69bcd3f1e8f5ea9c84f1.jpg
https://www.ligapokemon.com.br/?view=cards/search&card=edid=738%20ed=PFL,PFL,6.00,54.99,7963.0,Rotom ex (#111/094),Rotom ex,L,,111,000000000000111,0.0,6.00,19.48,54.99,2025-11-24 16:27:18,0.0,7.0,738.0,0.0,,,,//arquivos/in/pokemon_bkp/cd/738/6924ac0747bc2-xd2gv-yqs07-6386cdd1635c69bcd3f1e8f5ea9c84f1.jpg
https://www.ligapokemon.com.br/?view=cards/search&card=edid=738%20ed=PFL,PFL,9.90,85.00,7964.0,Mismagius ex (#112/094),Mismagius ex,P,,112,000000000000112,0.0,9.90,16.25,85.00,2025-11-24 16:27:20,0.0,7.0,738.0,0.0,,,,//arquivos/in/pokemon_bkp/cd/738/6924ac0903129-k69l7-7sw8n-6386cdd1635c69bcd3f1e8f5ea9c84f1.jpg
https://www.ligapokemon.com.br/?view=cards/search&card=edid=738%20ed=PFL,PFL,14.84,102.00,7965.0,Mega Sharpedo ex (#113/094),Mega Sharpedo ex,D,,113,000000000000113,0.0,14.84,24.80,102.00,2025-11-24 16:27:21,0.0,7.0,738.0,0.0,,,,//arquivos/in/pokemon_bkp/cd/738/6924ac0ad35d6-ckj87-jaqub-6386cdd1635c69bcd3f1e8f5ea9c84f1.jpg
https://www.ligapokemon.com.br/?view=cards/search&card=edid=738%20ed=PFL,PFL,10.00,180.41,7966.0,Empoleon ex (#114/094),Empoleon ex,M,,114,000000000000114,0.0,10.00,23.35,180.41,2025-11-24 16:27:23,0.0,7.0,738.0,0.0,,,,//arquivos/in/pokemon_bkp/cd/738/6924ac0c9d6cf-4gebk-r6fhk-6386cdd1635c69bcd3f1e8f5ea9c84f1.jpg
https://www.ligapokemon.com.br/?view=cards/search&card=edid=738%20ed=PFL,PFL,20.16,59.99,7967.0,Mega Lopunny ex (#115/094),Mega Lopunny ex,C,,115,000000000000115,0.0,20.16,31.22,59.99,2025-11-24 16:27:25,0.0,7.0,738.0,0.0,,,,//arquivos/in/pokemon_bkp/cd/738/6924ac0e5c38a-ps512-z2w18-6386cdd1635c69bcd3f1e8f5ea9c84f1.jpg
https://www.ligapokemon.com.br/?view=cards/search&card=edid=738%20ed=PFL,PFL,16.89,109.99,8008.0,Battle Cage (#116/094),Jaula de Batalha,C,,116,000000000000116,0.0,16.89,26.48,109.99,2025-11-24 16:27:27,0.0,7.0,738.0,0.0,,,,//arquivos/in/pokemon_bkp/cd/738/6924ac1031a7d-caysg-wdyqa-6386cdd1635c69bcd3f1e8f5ea9c84f1.jpg
https://www.ligapokemon.com.br/?view=cards/search&card=edid=738%20ed=PFL,PFL,7.44,63.75,8009.0,Blowtorch (#117/094),Ma&ccedil;arico,C,,117,000000000000117,0.0,7.44,22.25,63.75,2025-11-24 16:27:28,0.0,7.0,738.0,0.0,,,,//arquivos/in/pokemon_bkp/cd/738/6924ac12042a3-zxwb1-1bs4y-6386cdd1635c69bcd3f1e8f5ea9c84f1.jpg
https://www.ligapokemon.com.br/?view=cards/search&card=edid=738%20ed=PFL,PFL,54.99,297.50,7972.0,Dawn (#118/094),Dawn,C,,118,000000000000118,0.0,54.99,121.47,297.50,2025-11-24 16:27:30,0.0,7.0,738.0,0.0,,,,//arquivos/in/pokemon_bkp/cd/738/6924ac13b0a9f-1t5rc-1eduw-6386cdd1635c69bcd3f1e8f5ea9c84f1.jpg
https://www.ligapokemon.com.br/?view=cards/search&card=edid=738%20ed=PFL,PFL,9.88,144.50,7973.0,Firebreather (#119/094),Cuspidor de Fogo,C,,119,000000000000119,0.0,9.88,26.37,144.50,2025-11-24 16:27:32,0.0,7.0,738.0,0.0,,,,//arquivos/in/pokemon_bkp/cd/738/6924ac156af23-yhd7p-4vl3u-6386cdd1635c69bcd3f1e8f5ea9c84f1.jpg
https://www.ligapokemon.com.br/?view=cards/search&card=edid=738%20ed=PFL,PFL,11.69,85.00,7971.0,Grimsley's Move (#120/094),Artimanha do Funesto,C,,120,000000000000120,0.0,11.69,26.56,85.00,2025-11-24 16:27:34,0.0,7.0,738.0,0.0,,,,//arquivos/in/pokemon_bkp/cd/738/6924ac1723890-5tpzr-qc2fh-6386cdd1635c69bcd3f1e8f5ea9c84f1.jpg
https://www.ligapokemon.com.br/?view=cards/search&card=edid=738%20ed=PFL,PFL,6.90,45.99,7976.0,Punk Helmet (#121/094),Capacete Punk,C,,121,000000000000121,0.0,6.90,17.78,45.99,2025-11-24 16:27:35,0.0,7.0,738.0,0.0,,,,//arquivos/in/pokemon_bkp/cd/738/6924ac18bfe52-wm0st-a2xiw-6386cdd1635c69bcd3f1e8f5ea9c84f1.jpg
https://www.ligapokemon.com.br/?view=cards/search&card=edid=738%20ed=PFL,PFL,4.50,102.00,7970.0,Sacred Charm (#122/094),Pingente Sagrado,C,,122,000000000000122,0.0,4.50,19.76,102.00,2025-11-24 16:27:37,0.0,7.0,738.0,0.0,,,,//arquivos/in/pokemon_bkp/cd/738/6924ac1a7a479-75hdc-1wji6-6386cdd1635c69bcd3f1e8f5ea9c84f1.jpg
https://www.ligapokemon.com.br/?view=cards/search&card=edid=738%20ed=PFL,PFL,19.50,153.00,360.0,Switch (#123/094),Substitui&ccedil;&atilde;o,C,,123,000000000000123,0.0,19.50,41.90,153.00,2025-11-24 16:27:39,1.0,7.0,738.0,0.0,,,,//arquivos/in/pokemon_bkp/cd/738/6924ac1c3b837-fk9n5-587em-6386cdd1635c69bcd3f1e8f5ea9c84f1.jpg
https://www.ligapokemon.com.br/?view=cards/search&card=edid=738%20ed=PFL,PFL,10.90,110.50,7812.0,Ignition Energy (#124/094),Energia de Igni&ccedil;&atilde;o,C,,124,000000000000124,0.0,10.90,54.18,110.50,2025-11-24 16:27:40,0.0,7.0,738.0,0.0,,,,//arquivos/in/pokemon_bkp/cd/738/6924ac1de74de-vj9es-rfnu7-6386cdd1635c69bcd3f1e8f5ea9c84f1.jpg
https://www.ligapokemon.com.br/?view=cards/search&card=edid=738%20ed=PFL,PFL,1245.00,5999.90,7930.0,Mega Charizard X ex (#125/094),Mega Charizard X ex,R,,125,000000000000125,0.0,1245.00,1589.09,5999.90,2025-11-24 16:27:42,8.0,18.0,738.0,0.0,,,,//arquivos/in/pokemon_bkp/cd/738/6924ac1ff1bb1-8t6ug-w0jnu-6386cdd1635c69bcd3f1e8f5ea9c84f1.jpg
https://www.ligapokemon.com.br/?view=cards/search&card=edid=738%20ed=PFL,PFL,41.90,299.90,7963.0,Rotom ex (#126/094),Rotom ex,L,,126,000000000000126,0.0,41.90,111.29,299.90,2025-11-24 16:27:44,0.0,18.0,738.0,0.0,,,,//arquivos/in/pokemon_bkp/cd/738/6924ac21b771a-mwp3r-khs8c-6386cdd1635c69bcd3f1e8f5ea9c84f1.jpg
https://www.ligapokemon.com.br/?view=cards/search&card=edid=738%20ed=PFL,PFL,79.89,552.50,7965.0,Mega Sharpedo ex (#127/094),Mega Sharpedo ex,D,,127,000000000000127,0.0,79.89,134.15,552.50,2025-11-24 16:27:46,2.0,18.0,738.0,0.0,,,,//arquivos/in/pokemon_bkp/cd/738/6924ac238973b-6s8wc-kwyf0-6386cdd1635c69bcd3f1e8f5ea9c84f1.jpg
https://www.ligapokemon.com.br/?view=cards/search&card=edid=738%20ed=PFL,PFL,69.90,489.90,7967.0,Mega Lopunny ex (#128/094),Mega Lopunny ex,C,,128,000000000000128,0.0,69.90,134.73,489.90,2025-11-24 16:27:48,6.0,18.0,738.0,0.0,,,,//arquivos/in/pokemon_bkp/cd/738/6924ac2556526-65eum-93icp-6386cdd1635c69bcd3f1e8f5ea9c84f1.jpg
https://www.ligapokemon.com.br/?view=cards/search&card=edid=738%20ed=PFL,PFL,183.90,1020.00,7972.0,Dawn (#129/094),Dawn,C,,129,000000000000129,0.0,183.90,415.77,1020.00,2025-11-24 16:27:50,1.0,18.0,738.0,0.0,,,,//arquivos/in/pokemon_bkp/cd/738/6924ac27152f0-0u4z7-iw18j-6386cdd1635c69bcd3f1e8f5ea9c84f1.jpg
https://www.ligapokemon.com.br/?view=cards/search&card=edid=738%20ed=PFL,PFL,1281.55,3499.90,7930.0,Mega Charizard X ex (#130/094),Mega Charizard X ex,P,,130,000000000000130,0.0,1281.55,1992.32,3499.90,2025-11-24 16:27:51,3.0,14.0,738.0,0.0,,,,//arquivos/in/pokemon_bkp/cd/738/6924ac28c7a9c-380y5-15mxz-6386cdd1635c69bcd3f1e8f5ea9c84f1.jpg
https://www.ligapokemon.com.br/?view=cards/search&card=edid=730%20ed=MEG,MEG,0.13,9.00,314.0,Bulbasaur (#001/132),Bulbasaur,G,,001,000000000000001,0.0,0.13,0.79,9.00,2025-10-01 16:06:21,0.0,1.0,730.0,0.0,,,,//arquivos/in/pokemon_bkp/cd/730/68d6d82a71b59-s3mpu-5qzn9-bda68739bd4cf82472222621b2fdd599.jpg
https://www.ligapokemon.com.br/?view=cards/search&card=edid=730%20ed=MEG,MEG,0.15,3.90,144.0,Ivysaur (#002/132),Ivysaur,G,,002,000000000000002,0.0,0.15,0.71,3.90,2025-10-01 16:06:23,0.0,1.0,730.0,0.0,,,,//arquivos/in/pokemon_bkp/cd/730/68d6d82cf108b-l4c8g-y514t-bda68739bd4cf82472222621b2fdd599.jpg
https://www.ligapokemon.com.br/?view=cards/search&card=edid=730%20ed=MEG,MEG,5.00,25.00,7865.0,Mega Venusaur ex (#003/132),Mega Venusaur ex,G,,003,000000000000003,0.0,5.00,16.88,25.00,2025-10-01 16:06:25,1.0,20.0,730.0,0.0,,,,//arquivos/in/pokemon_bkp/cd/730/68d6d82f021c4-arms1-3yw25-bda68739bd4cf82472222621b2fdd599.jpg
https://www.ligapokemon.com.br/?view=cards/search&card=edid=730%20ed=MEG,MEG,0.08,3.00,531.0,Exeggcute (#004/132),Exeggcute,G,,004,000000000000004,0.0,0.08,0.70,3.00,2025-10-01 16:06:26,0.0,1.0,730.0,0.0,,,,//arquivos/in/pokemon_bkp/cd/730/68d6d830ba076-nvckb-xqrk1-bda68739bd4cf82472222621b2fdd599.jpg
https://www.ligapokemon.com.br/?view=cards/search&card=edid=730%20ed=MEG,MEG,0.08,5.00,519.0,Exeggutor (#005/132),Exeggutor,G,,005,000000000000005,0.0,0.08,0.94,5.00,2025-10-01 16:06:28,0.0,2.0,730.0,0.0,,,,//arquivos/in/pokemon_bkp/cd/730/68d6d832f26a7-4q9t7-zm4yi-bda68739bd4cf82472222621b2fdd599.jpg
https://www.ligapokemon.com.br/?view=cards/search&card=edid=730%20ed=MEG,MEG,0.08,2.50,18.0,Tangela (#006/132),Tangela,G,,006,000000000000006,0.0,0.08,0.76,2.50,2025-10-01 16:06:30,0.0,1.0,730.0,0.0,,,,//arquivos/in/pokemon_bkp/cd/730/68d6d834f09c7-48ftw-3z6f2-bda68739bd4cf82472222621b2fdd599.jpg
https://www.ligapokemon.com.br/?view=cards/search&card=edid=730%20ed=MEG,MEG,0.07,2.50,19.0,Tangrowth (#007/132),Tangrowth,G,,007,000000000000007,0.0,0.07,0.80,2.50,2025-10-01 16:06:31,0.0,2.0,730.0,0.0,,,,//arquivos/in/pokemon_bkp/cd/730/68d6d836f119e-fu9hl-1sm79-bda68739bd4cf82472222621b2fdd599.jpg
https://www.ligapokemon.com.br/?view=cards/search&card=edid=730%20ed=MEG,MEG,0.11,9.00,1081.0,Chikorita (#008/132),Chikorita,G,,008,000000000000008,0.0,0.11,0.92,9.00,2025-10-01 16:06:33,0.0,1.0,730.0,0.0,,,,//arquivos/in/pokemon_bkp/cd/730/68d6d8390d55e-m1a0o-chm04-bda68739bd4cf82472222621b2fdd599.jpg
https://www.ligapokemon.com.br/?view=cards/search&card=edid=730%20ed=MEG,MEG,0.15,9.00,1076.0,Bayleef (#009/132),Bayleef,G,,009,000000000000009,0.0,0.15,1.12,9.00,2025-10-01 16:06:35,0.0,1.0,730.0,0.0,,,,//arquivos/in/pokemon_bkp/cd/730/68d6d83aef646-fs264-yn6i1-bda68739bd4cf82472222621b2fdd599.jpg
https://www.ligapokemon.com.br/?view=cards/search&card=edid=730%20ed=MEG,MEG,0.20,9.00,1075.0,Meganium (#010/132),Meganium,G,,010,000000000000010,0.0,0.20,1.71,9.00,2025-10-01 16:06:37,0.0,3.0,730.0,0.0,,,,//arquivos/in/pokemon_bkp/cd/730/68d6d83cf282f-rw4om-ua0m4-bda68739bd4cf82472222621b2fdd599.jpg
https://www.ligapokemon.com.br/?view=cards/search&card=edid=730%20ed=MEG,MEG,0.08,3.50,20.0,Shuckle (#011/132),Shuckle,G,,011,000000000000011,0.0,0.08,1.18,3.50,2025-10-01 16:06:38,0.0,2.0,730.0,0.0,,,,//arquivos/in/pokemon_bkp/cd/730/68d6d83f00388-6fdk2-de2sn-bda68739bd4cf82472222621b2fdd599.jpg
https://www.ligapokemon.com.br/?view=cards/search&card=edid=730%20ed=MEG,MEG,0.10,5.00,482.0,Celebi (#012/132),Celebi,G,,012,000000000000012,0.0,0.10,0.94,5.00,2025-10-01 16:06:40,0.0,2.0,730.0,0.0,,,,//arquivos/in/pokemon_bkp/cd/730/68d6d840c65e6-khoar-u6sc3-bda68739bd4cf82472222621b2fdd599.jpg
https://www.ligapokemon.com.br/?view=cards/search&card=edid=730%20ed=MEG,MEG,0.05,2.50,454.0,Seedot (#013/132),Seedot,G,,013,000000000000013,0.0,0.05,0.77,2.50,2025-10-01 16:06:41,0.0,1.0,730.0,0.0,,,,//arquivos/in/pokemon_bkp/cd/730/68d6d842b1a88-7kial-4byzr-bda68739bd4cf82472222621b2fdd599.jpg
https://www.ligapokemon.com.br/?view=cards/search&card=edid=730%20ed=MEG,MEG,0.09,2.50,441.0,Nuzleaf (#014/132),Nuzleaf,G,,014,000000000000014,0.0,0.09,0.67,2.50,2025-10-01 16:06:43,0.0,1.0,730.0,0.0,,,,//arquivos/in/pokemon_bkp/cd/730/68d6d8448a476-u1g4x-aoumk-bda68739bd4cf82472222621b2fdd599.jpg
https://www.ligapokemon.com.br/?view=cards/search&card=edid=730%20ed=MEG,MEG,0.08,3.52,427.0,Shiftry (#015/132),Shiftry,G,,015,000000000000015,0.0,0.08,1.65,3.52,2025-10-01 16:06:44,0.0,2.0,730.0,0.0,,,,//arquivos/in/pokemon_bkp/cd/730/68d6d8465cdce-fhn0r-mwrhe-bda68739bd4cf82472222621b2fdd599.jpg
https://www.ligapokemon.com.br/?view=cards/search&card=edid=730%20ed=MEG,MEG,0.07,4.75,935.0,Nincada (#016/132),Nincada,G,,016,000000000000016,0.0,0.07,0.85,4.75,2025-10-01 16:06:46,0.0,1.0,730.0,0.0,,,,//arquivos/in/pokemon_bkp/cd/730/68d6d84820add-vk7co-4oysr-bda68739bd4cf82472222621b2fdd599.jpg
https://www.ligapokemon.com.br/?view=cards/search&card=edid=730%20ed=MEG,MEG,0.08,2.50,4684.0,Ninjask (#017/132),Ninjask,G,,017,000000000000017,0.0,0.08,0.84,2.50,2025-10-01 16:06:48,0.0,2.0,730.0,0.0,,,,//arquivos/in/pokemon_bkp/cd/730/68d6d84a0e1c4-vumfi-g9i3z-bda68739bd4cf82472222621b2fdd599.jpg
https://www.ligapokemon.com.br/?view=cards/search&card=edid=730%20ed=MEG,MEG,0.05,5.00,4346.0,Dhelmise (#018/132),Dhelmise,G,,018,000000000000018,0.0,0.05,0.78,5.00,2025-10-01 16:06:49,0.0,1.0,730.0,0.0,,,,//arquivos/in/pokemon_bkp/cd/730/68d6d84bb7455-9qi82-1hk7t-bda68739bd4cf82472222621b2fdd599.jpg
https://www.ligapokemon.com.br/?view=cards/search&card=edid=730%20ed=MEG,MEG,0.08,2.50,36.0,Vulpix (#019/132),Vulpix,R,,019,000000000000019,0.0,0.08,0.78,2.50,2025-10-01 16:06:51,0.0,1.0,730.0,0.0,,,,//arquivos/in/pokemon_bkp/cd/730/68d6d84d735d5-b3asg-qlh2n-bda68739bd4cf82472222621b2fdd599.jpg
https://www.ligapokemon.com.br/?view=cards/search&card=edid=730%20ed=MEG,MEG,0.08,2.50,37.0,Ninetales (#020/132),Ninetales,R,,020,000000000000020,0.0,0.08,1.11,2.50,2025-10-01 16:06:52,0.0,2.0,730.0,0.0,,,,//arquivos/in/pokemon_bkp/cd/730/68d6d84f37b6b-l7vj5-r37ns-bda68739bd4cf82472222621b2fdd599.jpg
https://www.ligapokemon.com.br/?view=cards/search&card=edid=730%20ed=MEG,MEG,0.08,2.50,936.0,Numel (#021/132),Numel,R,,021,000000000000021,0.0,0.08,0.57,2.50,2025-10-01 16:06:54,0.0,1.0,730.0,0.0,,,,//arquivos/in/pokemon_bkp/cd/730/68d6d850e8171-lt0ao-kb1as-bda68739bd4cf82472222621b2fdd599.jpg
https://www.ligapokemon.com.br/?view=cards/search&card=edid=730%20ed=MEG,MEG,2.99,17.49,7866.0,Mega Camerupt ex (#022/132),Mega Camerupt ex,R,,022,000000000000022,0.0,2.99,7.94,17.49,2025-10-01 16:06:56,0.0,20.0,730.0,0.0,,,,//arquivos/in/pokemon_bkp/cd/730/68d6d8529b307-wjf9s-ltzwq-bda68739bd4cf82472222621b2fdd599.jpg
https://www.ligapokemon.com.br/?view=cards/search&card=edid=730%20ed=MEG,MEG,0.08,2.50,1155.0,Litleo (#023/132),Litleo,R,,023,000000000000023,0.0,0.08,0.75,2.50,2025-10-01 16:06:57,0.0,1.0,730.0,0.0,,,,//arquivos/in/pokemon_bkp/cd/730/68d6d85468fde-j56a9-c50ik-bda68739bd4cf82472222621b2fdd599.jpg
https://www.ligapokemon.com.br/?view=cards/search&card=edid=730%20ed=MEG,MEG,0.09,2.50,1156.0,Pyroar (#024/132),Pyroar,R,,024,000000000000024,0.0,0.09,0.69,2.50,2025-10-01 16:06:59,0.0,2.0,730.0,0.0,,,,//arquivos/in/pokemon_bkp/cd/730/68d6d8562f964-0qflm-hl8ju-bda68739bd4cf82472222621b2fdd599.jpg
https://www.ligapokemon.com.br/?view=cards/search&card=edid=730%20ed=MEG,MEG,0.08,2.50,4185.0,Volcanion (#025/132),Volcanion,R,,025,000000000000025,0.0,0.08,0.69,2.50,2025-10-01 16:07:01,0.0,2.0,730.0,0.0,,,,//arquivos/in/pokemon_bkp/cd/730/68d6d85804a3f-t80vx-zh1ag-bda68739bd4cf82472222621b2fdd599.jpg
https://www.ligapokemon.com.br/?view=cards/search&card=edid=730%20ed=MEG,MEG,0.08,7.20,4899.0,Scorbunny (#026/132),Scorbunny,R,,026,000000000000026,0.0,0.08,0.87,7.20,2025-10-01 16:07:03,0.0,1.0,730.0,0.0,,,,//arquivos/in/pokemon_bkp/cd/730/68d6d859bb638-kh4er-uzpry-bda68739bd4cf82472222621b2fdd599.jpg
https://www.ligapokemon.com.br/?view=cards/search&card=edid=730%20ed=MEG,MEG,0.09,2.50,4963.0,Raboot (#027/132),Raboot,R,,027,000000000000027,0.0,0.09,0.79,2.50,2025-10-01 16:07:04,0.0,1.0,730.0,0.0,,,,//arquivos/in/pokemon_bkp/cd/730/68d6d85b912ba-5wv4y-gizhl-bda68739bd4cf82472222621b2fdd599.jpg
https://www.ligapokemon.com.br/?view=cards/search&card=edid=730%20ed=MEG,MEG,0.20,6.00,4969.0,Cinderace (#028/132),Cinderace,R,,028,000000000000028,0.0,0.20,1.44,6.00,2025-10-01 16:07:06,0.0,3.0,730.0,0.0,,,,//arquivos/in/pokemon_bkp/cd/730/68d6d85d60182-n09f6-a7cet-bda68739bd4cf82472222621b2fdd599.jpg
https://www.ligapokemon.com.br/?view=cards/search&card=edid=730%20ed=MEG,MEG,0.08,2.50,4977.0,Sizzlipede (#029/132),Sizzlipede,R,,029,000000000000029,0.0,0.08,0.76,2.50,2025-10-01 16:07:07,0.0,1.0,730.0,0.0,,,,//arquivos/in/pokemon_bkp/cd/730/68d6d85f601d3-ic13k-s03tg-bda68739bd4cf82472222621b2fdd599.jpg
https://www.ligapokemon.com.br/?view=cards/search&card=edid=730%20ed=MEG,MEG,0.08,5.00,4949.0,Centiskorch (#030/132),Centiskorch,R,,030,000000000000030,0.0,0.08,0.79,5.00,2025-10-01 16:07:09,0.0,2.0,730.0,0.0,,,,//arquivos/in/pokemon_bkp/cd/730/68d6d8613efae-jt1im-7m4y6-bda68739bd4cf82472222621b2fdd599.jpg
https://www.ligapokemon.com.br/?view=cards/search&card=edid=730%20ed=MEG,MEG,0.08,5.00,6648.0,Chi-Yu (#031/132),Chi-Yu,R,,031,000000000000031,0.0,0.08,0.94,5.00,2025-10-01 16:07:11,0.0,2.0,730.0,0.0,,,,//arquivos/in/pokemon_bkp/cd/730/68d6d86310ff1-tf68r-435dw-bda68739bd4cf82472222621b2fdd599.jpg
https://www.ligapokemon.com.br/?view=cards/search&card=edid=730%20ed=MEG,MEG,0.08,2.50,1042.0,Mantine (#032/132),Mantine,W,,032,000000000000032,0.0,0.08,0.65,2.50,2025-10-01 16:07:12,0.0,1.0,730.0,0.0,,,,//arquivos/in/pokemon_bkp/cd/730/68d6d864d420a-vcoj1-q03lk-bda68739bd4cf82472222621b2fdd599.jpg
https://www.ligapokemon.com.br/?view=cards/search&card=edid=730%20ed=MEG,MEG,0.08,5.00,934.0,Corphish (#033/132),Corphish,W,,033,000000000000033,0.0,0.08,0.72,5.00,2025-10-01 16:07:14,0.0,1.0,730.0,0.0,,,,//arquivos/in/pokemon_bkp/cd/730/68d6d8669e06e-r7xaz-2ou14-bda68739bd4cf82472222621b2fdd599.jpg
https://www.ligapokemon.com.br/?view=cards/search&card=edid=730%20ed=MEG,MEG,0.15,6.00,1265.0,Kyogre (#034/132),Kyogre,W,,034,000000000000034,0.0,0.15,1.69,6.00,2025-10-01 16:07:16,0.0,3.0,730.0,0.0,,,,//arquivos/in/pokemon_bkp/cd/730/68d6d8685c30d-m43o9-clgo7-bda68739bd4cf82472222621b2fdd599.jpg
https://www.ligapokemon.com.br/?view=cards/search&card=edid=730%20ed=MEG,MEG,0.07,2.50,696.0,Snover (#035/132),Snover,W,,035,000000000000035,0.0,0.07,0.85,2.50,2025-10-01 16:07:18,0.0,1.0,730.0,0.0,,,,//arquivos/in/pokemon_bkp/cd/730/68d6d86a34c1a-h0ani-q89dp-bda68739bd4cf82472222621b2fdd599.jpg
https://www.ligapokemon.com.br/?view=cards/search&card=edid=730%20ed=MEG,MEG,3.49,18.00,7876.0,Mega Abomasnow ex (#036/132),Mega Abomasnow ex,W,,036,000000000000036,0.0,3.49,7.80,18.00,2025-10-01 16:07:20,0.0,20.0,730.0,0.0,,,,//arquivos/in/pokemon_bkp/cd/730/68d6d86c17e38-2ehzm-69kse-bda68739bd4cf82472222621b2fdd599.jpg
https://www.ligapokemon.com.br/?view=cards/search&card=edid=730%20ed=MEG,MEG,0.08,5.00,1648.0,Clauncher (#037/132),Clauncher,W,,037,000000000000037,0.0,0.08,0.68,5.00,2025-10-01 16:07:21,0.0,1.0,730.0,0.0,,,,//arquivos/in/pokemon_bkp/cd/730/68d6d86de15a9-7l40h-u3nr4-bda68739bd4cf82472222621b2fdd599.jpg
https://www.ligapokemon.com.br/?view=cards/search&card=edid=730%20ed=MEG,MEG,0.16,6.00,1649.0,Clawitzer (#038/132),Clawitzer,W,,038,000000000000038,0.0,0.16,1.82,6.00,2025-10-01 16:07:23,0.0,3.0,730.0,0.0,,,,//arquivos/in/pokemon_bkp/cd/730/68d6d86fc8521-n6vwf-vnufh-bda68739bd4cf82472222621b2fdd599.jpg
https://www.ligapokemon.com.br/?view=cards/search&card=edid=730%20ed=MEG,MEG,0.07,2.50,4900.0,Sobble (#039/132),Sobble,W,,039,000000000000039,0.0,0.07,0.95,2.50,2025-10-01 16:07:25,0.0,1.0,730.0,0.0,,,,//arquivos/in/pokemon_bkp/cd/730/68d6d871a54db-1wk9z-nv3i6-bda68739bd4cf82472222621b2fdd599.jpg
https://www.ligapokemon.com.br/?view=cards/search&card=edid=730%20ed=MEG,MEG,0.09,5.00,4933.0,Drizzile (#040/132),Drizzile,W,,040,000000000000040,0.0,0.09,1.50,5.00,2025-10-01 16:07:26,0.0,1.0,730.0,0.0,,,,//arquivos/in/pokemon_bkp/cd/730/68d6d87385acf-co60i-nzjmo-bda68739bd4cf82472222621b2fdd599.jpg
https://www.ligapokemon.com.br/?view=cards/search&card=edid=730%20ed=MEG,MEG,0.08,2.50,4927.0,Inteleon (#041/132),Inteleon,W,,041,000000000000041,0.0,0.08,0.80,2.50,2025-10-01 16:07:28,0.0,2.0,730.0,0.0,,,,//arquivos/in/pokemon_bkp/cd/730/68d6d875598c8-k8xj0-ey75z-bda68739bd4cf82472222621b2fdd599.jpg
https://www.ligapokemon.com.br/?view=cards/search&card=edid=730%20ed=MEG,MEG,0.05,2.50,4928.0,Snom (#042/132),Snom,W,,042,000000000000042,0.0,0.05,0.65,2.50,2025-10-01 16:07:30,0.0,1.0,730.0,0.0,,,,//arquivos/in/pokemon_bkp/cd/730/68d6d8772939f-j6873-awiku-bda68739bd4cf82472222621b2fdd599.jpg
https://www.ligapokemon.com.br/?view=cards/search&card=edid=730%20ed=MEG,MEG,0.05,5.00,4923.0,Frosmoth (#043/132),Frosmoth,W,,043,000000000000043,0.0,0.05,0.81,5.00,2025-10-01 16:07:31,0.0,2.0,730.0,0.0,,,,//arquivos/in/pokemon_bkp/cd/730/68d6d878d38f9-au0v7-f6ivo-bda68739bd4cf82472222621b2fdd599.jpg
https://www.ligapokemon.com.br/?view=cards/search&card=edid=730%20ed=MEG,MEG,0.05,5.00,5050.0,Eiscue (#044/132),Eiscue,W,,044,000000000000044,0.0,0.05,0.83,5.00,2025-10-01 16:07:33,0.0,1.0,730.0,0.0,,,,//arquivos/in/pokemon_bkp/cd/730/68d6d87a9d4b9-op14u-pnsak-bda68739bd4cf82472222621b2fdd599.jpg
https://www.ligapokemon.com.br/?view=cards/search&card=edid=730%20ed=MEG,MEG,0.08,3.90,453.0,Magnemite (#045/132),Magnemite,L,,045,000000000000045,0.0,0.08,0.72,3.90,2025-10-01 16:07:35,0.0,1.0,730.0,0.0,,,,//arquivos/in/pokemon_bkp/cd/730/68d6d87c573a2-mfk2q-pmc29-bda68739bd4cf82472222621b2fdd599.jpg
https://www.ligapokemon.com.br/?view=cards/search&card=edid=730%20ed=MEG,MEG,0.14,2.50,431.0,Magneton (#046/132),Magneton,L,,046,000000000000046,0.0,0.14,0.76,2.50,2025-10-01 16:07:37,0.0,1.0,730.0,0.0,,,,//arquivos/in/pokemon_bkp/cd/730/68d6d87e18efe-k5ump-5o0vc-bda68739bd4cf82472222621b2fdd599.jpg
https://www.ligapokemon.com.br/?view=cards/search&card=edid=730%20ed=MEG,MEG,0.07,2.50,662.0,Magnezone (#047/132),Magnezone,L,,047,000000000000047,0.0,0.07,0.82,2.50,2025-10-01 16:07:38,0.0,2.0,730.0,0.0,,,,//arquivos/in/pokemon_bkp/cd/730/68d6d87fd1344-fcsa0-fisrp-bda68739bd4cf82472222621b2fdd599.jpg
https://www.ligapokemon.com.br/?view=cards/search&card=edid=730%20ed=MEG,MEG,0.22,6.00,261.0,Raikou (#048/132),Raikou,L,,048,000000000000048,0.0,0.22,1.00,6.00,2025-10-01 16:07:41,0.0,3.0,730.0,0.0,,,,//arquivos/in/pokemon_bkp/cd/730/68d6d8818f42f-398qu-vcizf-bda68739bd4cf82472222621b2fdd599.jpg
https://www.ligapokemon.com.br/?view=cards/search&card=edid=730%20ed=MEG,MEG,0.07,5.00,394.0,Electrike (#049/132),Electrike,L,,049,000000000000049,0.0,0.07,0.65,5.00,2025-10-01 16:07:42,0.0,1.0,730.0,0.0,,,,//arquivos/in/pokemon_bkp/cd/730/68d6d8834b6e0-ru8wj-umob2-bda68739bd4cf82472222621b2fdd599.jpg
https://www.ligapokemon.com.br/?view=cards/search&card=edid=730%20ed=MEG,MEG,0.88,145.00,7877.0,Mega Manectric ex (#050/132),Mega Manectric ex,L,,050,000000000000050,0.0,0.88,14.65,145.00,2025-10-01 16:07:44,1.0,20.0,730.0,0.0,,,,//arquivos/in/pokemon_bkp/cd/730/68d6d885170a2-zgo78-m5lru-bda68739bd4cf82472222621b2fdd599.jpg
https://www.ligapokemon.com.br/?view=cards/search&card=edid=730%20ed=MEG,MEG,0.14,2.50,10.0,Pachirisu (#051/132),Pachirisu,L,,051,000000000000051,0.0,0.14,0.80,2.50,2025-10-01 16:07:46,0.0,1.0,730.0,0.0,,,,//arquivos/in/pokemon_bkp/cd/730/68d6d886d4b6f-xtc9g-z62mq-bda68739bd4cf82472222621b2fdd599.jpg
https://www.ligapokemon.com.br/?view=cards/search&card=edid=730%20ed=MEG,MEG,0.05,2.50,1159.0,Helioptile (#052/132),Helioptile,L,,052,000000000000052,0.0,0.05,0.78,2.50,2025-10-01 16:07:47,0.0,1.0,730.0,0.0,,,,//arquivos/in/pokemon_bkp/cd/730/68d6d8889f8db-lsuap-qna6s-bda68739bd4cf82472222621b2fdd599.jpg
https://www.ligapokemon.com.br/?view=cards/search&card=edid=730%20ed=MEG,MEG,0.08,2.50,1160.0,Heliolisk (#053/132),Heliolisk,L,,053,000000000000053,0.0,0.08,0.79,2.50,2025-10-01 16:07:49,0.0,1.0,730.0,0.0,,,,//arquivos/in/pokemon_bkp/cd/730/68d6d88a6946b-0qhtd-xlieb-bda68739bd4cf82472222621b2fdd599.jpg
https://www.ligapokemon.com.br/?view=cards/search&card=edid=730%20ed=MEG,MEG,0.15,5.00,528.0,Abra (#054/132),Abra,P,,054,000000000000054,0.0,0.15,1.16,5.00,2025-10-01 16:07:51,0.0,1.0,730.0,0.0,,,,//arquivos/in/pokemon_bkp/cd/730/68d6d88c22994-t7632-1wl43-bda68739bd4cf82472222621b2fdd599.jpg
https://www.ligapokemon.com.br/?view=cards/search&card=edid=730%20ed=MEG,MEG,0.15,2.90,520.0,Kadabra (#055/132),Kadabra,P,,055,000000000000055,0.0,0.15,0.85,2.90,2025-10-01 16:07:52,0.0,2.0,730.0,0.0,,,,//arquivos/in/pokemon_bkp/cd/730/68d6d88de48cb-g8q4p-to8w0-bda68739bd4cf82472222621b2fdd599.jpg
https://www.ligapokemon.com.br/?view=cards/search&card=edid=730%20ed=MEG,MEG,0.45,6.90,507.0,Alakazam (#056/132),Alakazam,P,,056,000000000000056,0.0,0.45,1.99,6.90,2025-10-01 16:07:54,0.0,3.0,730.0,0.0,,,,//arquivos/in/pokemon_bkp/cd/730/68d6d88fb7bfb-b35ky-wua8r-bda68739bd4cf82472222621b2fdd599.jpg
https://www.ligapokemon.com.br/?view=cards/search&card=edid=730%20ed=MEG,MEG,0.08,2.50,275.0,Jynx (#057/132),Jynx,P,,057,000000000000057,0.0,0.08,0.64,2.50,2025-10-01 16:07:56,0.0,1.0,730.0,0.0,,,,//arquivos/in/pokemon_bkp/cd/730/68d6d8917b4f8-rz41h-pqgwv-bda68739bd4cf82472222621b2fdd599.jpg
https://www.ligapokemon.com.br/?view=cards/search&card=edid=730%20ed=MEG,MEG,0.14,49.90,74.0,Ralts (#058/132),Ralts,P,,058,000000000000058,0.0,0.14,12.78,49.90,2025-10-01 16:07:57,0.0,1.0,730.0,0.0,,,,//arquivos/in/pokemon_bkp/cd/730/68d6d893457de-omh9a-0lst8-bda68739bd4cf82472222621b2fdd599.jpg
https://www.ligapokemon.com.br/?view=cards/search&card=edid=730%20ed=MEG,MEG,0.14,49.90,75.0,Kirlia (#059/132),Kirlia,P,,059,000000000000059,0.0,0.14,13.84,49.90,2025-10-01 16:07:59,0.0,1.0,730.0,0.0,,,,//arquivos/in/pokemon_bkp/cd/730/68d6d8950fbe4-x4c7u-5qfmj-bda68739bd4cf82472222621b2fdd599.jpg
https://www.ligapokemon.com.br/?view=cards/search&card=edid=730%20ed=MEG,MEG,2.99,49.99,7878.0,Mega Gardevoir ex (#060/132),Mega Gardevoir ex,P,,060,000000000000060,0.0,2.99,14.68,49.99,2025-10-01 16:08:01,3.0,20.0,730.0,0.0,,,,//arquivos/in/pokemon_bkp/cd/730/68d6d896cd0a9-0q3fx-hrcqt-bda68739bd4cf82472222621b2fdd599.jpg
https://www.ligapokemon.com.br/?view=cards/search&card=edid=730%20ed=MEG,MEG,0.09,2.50,927.0,Shedinja (#061/132),Shedinja,P,,061,000000000000061,0.0,0.09,0.79,2.50,2025-10-01 16:08:02,0.0,2.0,730.0,0.0,,,,//arquivos/in/pokemon_bkp/cd/730/68d6d8988bd5b-ofip6-lf24m-bda68739bd4cf82472222621b2fdd599.jpg
https://www.ligapokemon.com.br/?view=cards/search&card=edid=730%20ed=MEG,MEG,0.07,2.50,592.0,Spoink (#062/132),Spoink,P,,062,000000000000062,0.0,0.07,0.81,2.50,2025-10-01 16:08:04,0.0,1.0,730.0,0.0,,,,//arquivos/in/pokemon_bkp/cd/730/68d6d89a4710d-9ne3a-7jdon-bda68739bd4cf82472222621b2fdd599.jpg
https://www.ligapokemon.com.br/?view=cards/search&card=edid=730%20ed=MEG,MEG,0.09,2.50,593.0,Grumpig (#063/132),Grumpig,P,,063,000000000000063,0.0,0.09,0.96,2.50,2025-10-01 16:08:06,0.0,2.0,730.0,0.0,,,,//arquivos/in/pokemon_bkp/cd/730/68d6d89c14f26-6r9se-tdspm-bda68739bd4cf82472222621b2fdd599.jpg
https://www.ligapokemon.com.br/?view=cards/search&card=edid=730%20ed=MEG,MEG,0.17,7.50,621.0,Xerneas (#064/132),Xerneas,P,,064,000000000000064,0.0,0.17,1.00,7.50,2025-10-01 16:08:07,0.0,3.0,730.0,0.0,,,,//arquivos/in/pokemon_bkp/cd/730/68d6d89dd710c-zpmhn-hjdex-bda68739bd4cf82472222621b2fdd599.jpg
https://www.ligapokemon.com.br/?view=cards/search&card=edid=730%20ed=MEG,MEG,0.07,50.00,6335.0,Greavard (#065/132),Greavard,P,,065,000000000000065,0.0,0.07,5.69,50.00,2025-10-01 16:08:09,0.0,1.0,730.0,0.0,,,,//arquivos/in/pokemon_bkp/cd/730/68d6d89f84ca8-j1h49-890cr-bda68739bd4cf82472222621b2fdd599.jpg
https://www.ligapokemon.com.br/?view=cards/search&card=edid=730%20ed=MEG,MEG,0.08,2.50,6336.0,Houndstone (#066/132),Houndstone,P,,066,000000000000066,0.0,0.08,0.74,2.50,2025-10-01 16:08:11,0.0,2.0,730.0,0.0,,,,//arquivos/in/pokemon_bkp/cd/730/68d6d8a159a80-i7x08-zi23b-bda68739bd4cf82472222621b2fdd599.jpg
https://www.ligapokemon.com.br/?view=cards/search&card=edid=730%20ed=MEG,MEG,0.06,5.00,6632.0,Gimmighoul (#067/132),Gimmighoul,P,,067,000000000000067,0.0,0.06,0.75,5.00,2025-10-01 16:08:12,0.0,1.0,730.0,0.0,,,,//arquivos/in/pokemon_bkp/cd/730/68d6d8a329a16-uhv0q-9pli5-bda68739bd4cf82472222621b2fdd599.jpg
https://www.ligapokemon.com.br/?view=cards/search&card=edid=730%20ed=MEG,MEG,0.12,2.50,537.0,Sandshrew (#068/132),Sandshrew,F,,068,000000000000068,0.0,0.12,0.79,2.50,2025-10-01 16:08:14,0.0,1.0,730.0,0.0,,,,//arquivos/in/pokemon_bkp/cd/730/68d6d8a50c023-amj1s-3faru-bda68739bd4cf82472222621b2fdd599.jpg
https://www.ligapokemon.com.br/?view=cards/search&card=edid=730%20ed=MEG,MEG,0.07,2.50,957.0,Sandslash (#069/132),Sandslash,F,,069,000000000000069,0.0,0.07,0.59,2.50,2025-10-01 16:08:16,0.0,1.0,730.0,0.0,,,,//arquivos/in/pokemon_bkp/cd/730/68d6d8a70788d-f46i1-zghfi-bda68739bd4cf82472222621b2fdd599.jpg
https://www.ligapokemon.com.br/?view=cards/search&card=edid=730%20ed=MEG,MEG,0.08,2.50,534.0,Onix (#070/132),Onix,F,,070,000000000000070,0.0,0.08,0.79,2.50,2025-10-01 16:08:17,0.0,1.0,730.0,0.0,,,,//arquivos/in/pokemon_bkp/cd/730/68d6d8a9024fd-y3xqb-2ax1n-bda68739bd4cf82472222621b2fdd599.jpg
https://www.ligapokemon.com.br/?view=cards/search&card=edid=730%20ed=MEG,MEG,0.08,2.90,846.0,Tyrogue (#071/132),Tyrogue,F,,071,000000000000071,0.0,0.08,0.86,2.90,2025-10-01 16:08:19,0.0,1.0,730.0,0.0,,,,//arquivos/in/pokemon_bkp/cd/730/68d6d8ab0483d-hg4z3-b4gwv-bda68739bd4cf82472222621b2fdd599.jpg
https://www.ligapokemon.com.br/?view=cards/search&card=edid=730%20ed=MEG,MEG,0.09,7.00,217.0,Makuhita (#072/132),Makuhita,F,,072,000000000000072,0.0,0.09,0.65,7.00,2025-10-01 16:08:21,0.0,1.0,730.0,0.0,,,,//arquivos/in/pokemon_bkp/cd/730/68d6d8acedb81-1d7xb-itlxf-bda68739bd4cf82472222621b2fdd599.jpg
https://www.ligapokemon.com.br/?view=cards/search&card=edid=730%20ed=MEG,MEG,0.19,6.00,181.0,Hariyama (#073/132),Hariyama,F,,073,000000000000073,0.0,0.19,1.22,6.00,2025-10-01 16:08:22,0.0,3.0,730.0,0.0,,,,//arquivos/in/pokemon_bkp/cd/730/68d6d8aef2156-m1k5p-idf2t-bda68739bd4cf82472222621b2fdd599.jpg
https://www.ligapokemon.com.br/?view=cards/search&card=edid=730%20ed=MEG,MEG,0.24,12.99,215.0,Lunatone (#074/132),Lunatone,F,,074,000000000000074,0.0,0.24,2.94,12.99,2025-10-01 16:08:24,0.0,3.0,730.0,0.0,,,,//arquivos/in/pokemon_bkp/cd/730/68d6d8b0f0b5b-op1ld-e182u-bda68739bd4cf82472222621b2fdd599.jpg
https://www.ligapokemon.com.br/?view=cards/search&card=edid=730%20ed=MEG,MEG,0.15,8.99,224.0,Solrock (#075/132),Solrock,F,,075,000000000000075,0.0,0.15,0.83,8.99,2025-10-01 16:08:25,0.0,2.0,730.0,0.0,,,,//arquivos/in/pokemon_bkp/cd/730/68d6d8b2f09a1-m65a0-klerq-bda68739bd4cf82472222621b2fdd599.jpg
https://www.ligapokemon.com.br/?view=cards/search&card=edid=730%20ed=MEG,MEG,0.10,49.90,91.0,Riolu (#076/132),Riolu,F,,076,000000000000076,0.0,0.10,15.47,49.90,2025-10-01 16:08:27,0.0,1.0,730.0,0.0,,,,//arquivos/in/pokemon_bkp/cd/730/68d6d8cf97397-bmrsi-0tyus-bda68739bd4cf82472222621b2fdd599.jpg
https://www.ligapokemon.com.br/?view=cards/search&card=edid=730%20ed=MEG,MEG,10.00,89.90,7867.0,Mega Lucario ex (#077/132),Mega Lucario ex,F,,077,000000000000077,0.0,10.00,22.32,89.90,2025-10-01 16:08:29,1.0,20.0,730.0,0.0,,,,//arquivos/in/pokemon_bkp/cd/730/68d6d8d15bf02-7xci2-tfbu2-bda68739bd4cf82472222621b2fdd599.jpg
https://www.ligapokemon.com.br/?view=cards/search&card=edid=730%20ed=MEG,MEG,0.05,5.00,7.0,Croagunk (#078/132),Croagunk,F,,078,000000000000078,0.0,0.05,0.63,5.00,2025-10-01 16:08:30,0.0,1.0,730.0,0.0,,,,//arquivos/in/pokemon_bkp/cd/730/68d6d8d410bcb-ef28m-qfwsm-bda68739bd4cf82472222621b2fdd599.jpg
https://www.ligapokemon.com.br/?view=cards/search&card=edid=730%20ed=MEG,MEG,0.07,2.50,77.0,Toxicroak (#079/132),Toxicroak,F,,079,000000000000079,0.0,0.07,0.64,2.50,2025-10-01 16:08:32,0.0,1.0,730.0,0.0,,,,//arquivos/in/pokemon_bkp/cd/730/68d6d8d5f31a4-qouft-b0dy8-bda68739bd4cf82472222621b2fdd599.jpg
https://www.ligapokemon.com.br/?view=cards/search&card=edid=730%20ed=MEG,MEG,0.08,2.90,4415.0,Marshadow (#080/132),Marshadow,F,,080,000000000000080,0.0,0.08,0.65,2.90,2025-10-01 16:08:34,0.0,2.0,730.0,0.0,,,,//arquivos/in/pokemon_bkp/cd/730/68d6d8d7f12f6-j0yz8-thb8a-bda68739bd4cf82472222621b2fdd599.jpg
https://www.ligapokemon.com.br/?view=cards/search&card=edid=730%20ed=MEG,MEG,0.07,2.50,4971.0,Stonjourner (#081/132),Stonjourner,F,,081,000000000000081,0.0,0.07,0.77,2.50,2025-10-01 16:08:35,0.0,2.0,730.0,0.0,,,,//arquivos/in/pokemon_bkp/cd/730/68d6d8d9f1a2f-xnabj-js3pg-bda68739bd4cf82472222621b2fdd599.jpg
https://www.ligapokemon.com.br/?view=cards/search&card=edid=730%20ed=MEG,MEG,0.09,2.50,6462.0,Nacli (#082/132),Nacli,F,,082,000000000000082,0.0,0.09,0.76,2.50,2025-10-01 16:08:37,0.0,1.0,730.0,0.0,,,,//arquivos/in/pokemon_bkp/cd/730/68d6d8dbee532-nr1ex-49lvr-bda68739bd4cf82472222621b2fdd599.jpg
https://www.ligapokemon.com.br/?view=cards/search&card=edid=730%20ed=MEG,MEG,0.12,2.50,6463.0,Naclstack (#083/132),Naclstack,F,,083,000000000000083,0.0,0.12,0.60,2.50,2025-10-01 16:08:39,0.0,1.0,730.0,0.0,,,,//arquivos/in/pokemon_bkp/cd/730/68d6d8e39468b-84wty-vas74-bda68739bd4cf82472222621b2fdd599.jpg
https://www.ligapokemon.com.br/?view=cards/search&card=edid=730%20ed=MEG,MEG,0.08,13.00,6464.0,Garganacl (#084/132),Garganacl,F,,084,000000000000084,0.0,0.08,3.21,13.00,2025-10-01 16:08:40,0.0,2.0,730.0,0.0,,,,//arquivos/in/pokemon_bkp/cd/730/68d6d8e56dd13-xcbvp-v4c3b-bda68739bd4cf82472222621b2fdd599.jpg
https://www.ligapokemon.com.br/?view=cards/search&card=edid=730%20ed=MEG,MEG,0.06,5.00,924.0,Crawdaunt (#085/132),Crawdaunt,D,,085,000000000000085,0.0,0.06,0.74,5.00,2025-10-01 16:08:42,0.0,2.0,730.0,0.0,,,,//arquivos/in/pokemon_bkp/cd/730/68d6d8e74a37e-30vqa-h84gj-bda68739bd4cf82472222621b2fdd599.jpg
https://www.ligapokemon.com.br/?view=cards/search&card=edid=730%20ed=MEG,MEG,4.90,40.00,7868.0,Mega Absol ex (#086/132),Mega Absol ex,D,,086,000000000000086,0.0,4.90,13.52,40.00,2025-10-01 16:08:44,3.0,20.0,730.0,0.0,,,,//arquivos/in/pokemon_bkp/cd/730/68d6d8e91dd51-3dwo9-cr9q8-bda68739bd4cf82472222621b2fdd599.jpg
https://www.ligapokemon.com.br/?view=cards/search&card=edid=730%20ed=MEG,MEG,0.08,9.90,98.0,Spiritomb (#087/132),Spiritomb,D,,087,000000000000087,0.0,0.08,2.43,9.90,2025-10-01 16:08:45,0.0,2.0,730.0,0.0,,,,//arquivos/in/pokemon_bkp/cd/730/68d6d8eae47e8-5pxek-viwct-bda68739bd4cf82472222621b2fdd599.jpg
https://www.ligapokemon.com.br/?view=cards/search&card=edid=730%20ed=MEG,MEG,0.23,6.90,609.0,Yveltal (#088/132),Yveltal,D,,088,000000000000088,0.0,0.23,1.33,6.90,2025-10-01 16:08:48,0.0,3.0,730.0,0.0,,,,//arquivos/in/pokemon_bkp/cd/730/68d6d8ecb14e3-ir3fb-ce6db-bda68739bd4cf82472222621b2fdd599.jpg
https://www.ligapokemon.com.br/?view=cards/search&card=edid=730%20ed=MEG,MEG,0.05,49.00,4947.0,Nickit (#089/132),Nickit,D,,089,000000000000089,0.0,0.05,0.89,49.00,2025-10-01 16:08:49,0.0,1.0,730.0,0.0,,,,//arquivos/in/pokemon_bkp/cd/730/68d6d8ee9be5a-2a4ow-kw30b-bda68739bd4cf82472222621b2fdd599.jpg
https://www.ligapokemon.com.br/?view=cards/search&card=edid=730%20ed=MEG,MEG,0.08,2.50,4955.0,Thievul (#090/132),Thievul,D,,090,000000000000090,0.0,0.08,0.82,2.50,2025-10-01 16:08:51,0.0,1.0,730.0,0.0,,,,//arquivos/in/pokemon_bkp/cd/730/68d6d8f06090a-qebt2-qz687-bda68739bd4cf82472222621b2fdd599.jpg
https://www.ligapokemon.com.br/?view=cards/search&card=edid=730%20ed=MEG,MEG,0.07,2.50,6466.0,Shroodle (#091/132),Shroodle,D,,091,000000000000091,0.0,0.07,0.65,2.50,2025-10-01 16:08:53,0.0,1.0,730.0,0.0,,,,//arquivos/in/pokemon_bkp/cd/730/68d6d8f22edee-1mp8b-0zmio-bda68739bd4cf82472222621b2fdd599.jpg
https://www.ligapokemon.com.br/?view=cards/search&card=edid=730%20ed=MEG,MEG,0.08,5.00,6467.0,Grafaiai (#092/132),Grafaiai,D,,092,000000000000092,0.0,0.08,0.76,5.00,2025-10-01 16:08:54,0.0,1.0,730.0,0.0,,,,//arquivos/in/pokemon_bkp/cd/730/68d6d8f409f03-c2685-2gv3i-bda68739bd4cf82472222621b2fdd599.jpg
https://www.ligapokemon.com.br/?view=cards/search&card=edid=730%20ed=MEG,MEG,0.18,6.00,686.0,Steelix (#093/132),Steelix,M,,093,000000000000093,0.0,0.18,0.91,6.00,2025-10-01 16:08:56,0.0,3.0,730.0,0.0,,,,//arquivos/in/pokemon_bkp/cd/730/68d6d8f6005ff-mardl-0wyvj-bda68739bd4cf82472222621b2fdd599.jpg
https://www.ligapokemon.com.br/?view=cards/search&card=edid=730%20ed=MEG,MEG,3.50,22.00,7869.0,Mega Mawile ex (#094/132),Mega Mawile ex,M,,094,000000000000094,0.0,3.50,8.11,22.00,2025-10-01 16:08:58,0.0,20.0,730.0,0.0,,,,//arquivos/in/pokemon_bkp/cd/730/68d6d8f7c835d-dxre0-yl31n-bda68739bd4cf82472222621b2fdd599.jpg
https://www.ligapokemon.com.br/?view=cards/search&card=edid=730%20ed=MEG,MEG,0.23,6.00,158.0,Dialga (#095/132),Dialga,M,,095,000000000000095,0.0,0.23,1.52,6.00,2025-10-01 16:08:59,0.0,3.0,730.0,0.0,,,,//arquivos/in/pokemon_bkp/cd/730/68d6d8f986d7a-k2pf9-ozlps-bda68739bd4cf82472222621b2fdd599.jpg
https://www.ligapokemon.com.br/?view=cards/search&card=edid=730%20ed=MEG,MEG,0.08,2.50,6392.0,Tinkatink (#096/132),Tinkatink,M,,096,000000000000096,0.0,0.08,0.59,2.50,2025-10-01 16:09:01,0.0,1.0,730.0,0.0,,,,//arquivos/in/pokemon_bkp/cd/730/68d6d8fb283d6-gq5e0-scem7-bda68739bd4cf82472222621b2fdd599.jpg
https://www.ligapokemon.com.br/?view=cards/search&card=edid=730%20ed=MEG,MEG,0.05,3.00,6393.0,Tinkatuff (#097/132),Tinkatuff,M,,097,000000000000097,0.0,0.05,0.67,3.00,2025-10-01 16:09:03,0.0,1.0,730.0,0.0,,,,//arquivos/in/pokemon_bkp/cd/730/68d6d8fce5dec-r5jlc-8z7bf-bda68739bd4cf82472222621b2fdd599.jpg
https://www.ligapokemon.com.br/?view=cards/search&card=edid=730%20ed=MEG,MEG,0.08,2.50,6394.0,Tinkaton (#098/132),Tinkaton,M,,098,000000000000098,0.0,0.08,0.83,2.50,2025-10-01 16:09:04,0.0,2.0,730.0,0.0,,,,//arquivos/in/pokemon_bkp/cd/730/68d6d8fec118c-abykj-rkxgi-bda68739bd4cf82472222621b2fdd599.jpg
https://www.ligapokemon.com.br/?view=cards/search&card=edid=730%20ed=MEG,MEG,0.07,5.00,6857.0,Gholdengo (#099/132),Gholdengo,M,,099,000000000000099,0.0,0.07,0.87,5.00,2025-10-01 16:09:06,0.0,2.0,730.0,0.0,,,,//arquivos/in/pokemon_bkp/cd/730/68d6d90082235-ef8p0-ftij2-bda68739bd4cf82472222621b2fdd599.jpg
https://www.ligapokemon.com.br/?view=cards/search&card=edid=730%20ed=MEG,MEG,1.75,18.89,7879.0,Mega Latias ex (#100/132),Mega Latias ex,O,,100,000000000000100,0.0,1.75,8.80,18.89,2025-10-01 16:09:08,0.0,20.0,730.0,0.0,,,,//arquivos/in/pokemon_bkp/cd/730/68d6d9022f58e-xl8b2-08jwc-bda68739bd4cf82472222621b2fdd599.jpg
https://www.ligapokemon.com.br/?view=cards/search&card=edid=730%20ed=MEG,MEG,0.08,3.90,165.0,Latios (#101/132),Latios,O,,101,000000000000101,0.0,0.08,0.68,3.90,2025-10-01 16:09:09,0.0,2.0,730.0,0.0,,,,//arquivos/in/pokemon_bkp/cd/730/68d6d9050368f-i9mtf-n3af4-bda68739bd4cf82472222621b2fdd599.jpg
https://www.ligapokemon.com.br/?view=cards/search&card=edid=730%20ed=MEG,MEG,0.09,2.50,399.0,Spearow (#102/132),Spearow,C,,102,000000000000102,0.0,0.09,0.66,2.50,2025-10-01 16:09:11,0.0,1.0,730.0,0.0,,,,//arquivos/in/pokemon_bkp/cd/730/68d6d90759737-tx5wv-uxjqa-bda68739bd4cf82472222621b2fdd599.jpg
https://www.ligapokemon.com.br/?view=cards/search&card=edid=730%20ed=MEG,MEG,0.09,5.00,379.0,Fearow (#103/132),Fearow,C,,103,000000000000103,0.0,0.09,0.72,5.00,2025-10-01 16:09:12,0.0,1.0,730.0,0.0,,,,//arquivos/in/pokemon_bkp/cd/730/68d6d909ef9b8-4tdym-3ow4g-bda68739bd4cf82472222621b2fdd599.jpg
https://www.ligapokemon.com.br/?view=cards/search&card=edid=730%20ed=MEG,MEG,5.85,29.95,7880.0,Mega Kangaskhan ex (#104/132),Mega Kangaskhan ex,C,,104,000000000000104,0.0,5.85,16.06,29.95,2025-10-01 16:09:14,1.0,20.0,730.0,0.0,,,,//arquivos/in/pokemon_bkp/cd/730/68d6d90c15d77-t3wz5-ozvja-bda68739bd4cf82472222621b2fdd599.jpg
https://www.ligapokemon.com.br/?view=cards/search&card=edid=730%20ed=MEG,MEG,0.07,17.00,176.0,Delibird (#105/132),Delibird,C,,105,000000000000105,0.0,0.07,0.89,17.00,2025-10-01 16:09:16,0.0,1.0,730.0,0.0,,,,//arquivos/in/pokemon_bkp/cd/730/68d6d91c04d5a-v5j3m-9rfcl-bda68739bd4cf82472222621b2fdd599.jpg
https://www.ligapokemon.com.br/?view=cards/search&card=edid=730%20ed=MEG,MEG,0.05,2.50,293.0,Miltank (#106/132),Miltank,C,,106,000000000000106,0.0,0.05,0.62,2.50,2025-10-01 16:09:17,0.0,1.0,730.0,0.0,,,,//arquivos/in/pokemon_bkp/cd/730/68d6d91de66d8-iz26v-0pr6u-bda68739bd4cf82472222621b2fdd599.jpg
https://www.ligapokemon.com.br/?view=cards/search&card=edid=730%20ed=MEG,MEG,0.05,5.00,12.0,Buneary (#107/132),Buneary,C,,107,000000000000107,0.0,0.05,0.45,5.00,2025-10-01 16:09:19,0.0,1.0,730.0,0.0,,,,//arquivos/in/pokemon_bkp/cd/730/68d6d91fb443c-i0r3g-fmn5h-bda68739bd4cf82472222621b2fdd599.jpg
https://www.ligapokemon.com.br/?view=cards/search&card=edid=730%20ed=MEG,MEG,0.07,2.50,9.0,Lopunny (#108/132),Lopunny,C,,108,000000000000108,0.0,0.07,0.65,2.50,2025-10-01 16:09:21,0.0,1.0,730.0,0.0,,,,//arquivos/in/pokemon_bkp/cd/730/68d6d9217a522-37ugx-o3tqr-bda68739bd4cf82472222621b2fdd599.jpg
https://www.ligapokemon.com.br/?view=cards/search&card=edid=730%20ed=MEG,MEG,0.08,2.50,4297.0,Yungoos (#109/132),Yungoos,C,,109,000000000000109,0.0,0.08,0.67,2.50,2025-10-01 16:09:22,0.0,1.0,730.0,0.0,,,,//arquivos/in/pokemon_bkp/cd/730/68d6d92349f1f-sgjbq-jg9eu-bda68739bd4cf82472222621b2fdd599.jpg
https://www.ligapokemon.com.br/?view=cards/search&card=edid=730%20ed=MEG,MEG,0.07,2.50,4468.0,Gumshoos (#110/132),Gumshoos,C,,110,000000000000110,0.0,0.07,1.02,2.50,2025-10-01 16:09:24,0.0,2.0,730.0,0.0,,,,//arquivos/in/pokemon_bkp/cd/730/68d6d9250ae3d-9gs6i-ajonx-bda68739bd4cf82472222621b2fdd599.jpg
https://www.ligapokemon.com.br/?view=cards/search&card=edid=730%20ed=MEG,MEG,0.08,2.50,4284.0,Stufful (#111/132),Stufful,C,,111,000000000000111,0.0,0.08,0.76,2.50,2025-10-01 16:09:26,0.0,1.0,730.0,0.0,,,,//arquivos/in/pokemon_bkp/cd/730/68d6d926bfb76-gh936-ofvga-bda68739bd4cf82472222621b2fdd599.jpg
https://www.ligapokemon.com.br/?view=cards/search&card=edid=730%20ed=MEG,MEG,0.07,5.00,4236.0,Bewear (#112/132),Bewear,C,,112,000000000000112,0.0,0.07,0.95,5.00,2025-10-01 16:09:27,0.0,1.0,730.0,0.0,,,,//arquivos/in/pokemon_bkp/cd/730/68d6d9288bb3d-qrehw-pxod5-bda68739bd4cf82472222621b2fdd599.jpg
https://www.ligapokemon.com.br/?view=cards/search&card=edid=730%20ed=MEG,MEG,0.13,5.00,7883.0,Acerola's Mischief (#113/132),Traquinagem da Acerola,C,,113,000000000000113,0.0,0.13,0.89,5.00,2025-10-01 16:09:29,0.0,2.0,730.0,0.0,,,,//arquivos/in/pokemon_bkp/cd/730/68d6d92a5e4a7-e6zac-6yg5w-bda68739bd4cf82472222621b2fdd599.jpg
https://www.ligapokemon.com.br/?view=cards/search&card=edid=730%20ed=MEG,MEG,0.17,12.90,4997.0,Boss's Orders (#114/132),Ordem da Chefia,C,,114,000000000000114,0.0,0.17,1.70,12.90,2025-10-01 16:09:30,0.0,2.0,730.0,0.0,,,,//arquivos/in/pokemon_bkp/cd/730/68d6d92c24e6c-eg0mi-5gcza-bda68739bd4cf82472222621b2fdd599.jpg
https://www.ligapokemon.com.br/?view=cards/search&card=edid=730%20ed=MEG,MEG,0.15,9.00,120.0,Energy Switch (#115/132),Substitui&ccedil;&atilde;o de Energia,C,,115,000000000000115,0.0,0.15,0.95,9.00,2025-10-01 16:09:32,0.0,1.0,730.0,0.0,,,,//arquivos/in/pokemon_bkp/cd/730/68d6d92de8682-ko9uw-7ysku-bda68739bd4cf82472222621b2fdd599.jpg
https://www.ligapokemon.com.br/?view=cards/search&card=edid=730%20ed=MEG,MEG,0.20,17.99,7932.0,Fighting Gong (#116/132),Gongo de Luta,C,,116,000000000000116,0.0,0.20,1.66,17.99,2025-10-23 17:18:10,0.0,2.0,730.0,0.0,,,,//arquivos/in/pokemon_bkp/cd/730/68fa8d58e0461-pjvo0-x7qgv-bda68739bd4cf82472222621b2fdd599.jpg
https://www.ligapokemon.com.br/?view=cards/search&card=edid=730%20ed=MEG,MEG,0.25,9.99,7942.0,Forest of Vitality (#117/132),Floresta da Vitalidade,C,,117,000000000000117,0.0,0.25,1.53,9.99,2025-10-23 17:18:12,0.0,2.0,730.0,0.0,,,,//arquivos/in/pokemon_bkp/cd/730/68fa8d5ab0d55-vzn2m-9x6pm-bda68739bd4cf82472222621b2fdd599.jpg
https://www.ligapokemon.com.br/?view=cards/search&card=edid=730%20ed=MEG,MEG,0.08,9.00,7998.0,Iron Defender (#118/132),Defensor F&eacute;rreo,C,,118,000000000000118,0.0,0.08,0.76,9.00,2025-10-23 17:18:14,0.0,2.0,730.0,0.0,,,,//arquivos/in/pokemon_bkp/cd/730/68fa8d5c7fdb5-ac0m6-fwbls-bda68739bd4cf82472222621b2fdd599.jpg
https://www.ligapokemon.com.br/?view=cards/search&card=edid=730%20ed=MEG,MEG,0.60,139.99,7874.0,Lillie's Determination (#119/132),Determina&ccedil;&atilde;o da L&iacute;lian,C,,119,000000000000119,0.0,0.60,27.51,139.99,2025-10-01 16:09:39,2.0,2.0,730.0,0.0,,,,//arquivos/in/pokemon_bkp/cd/730/68d6d93497a73-th5jm-xvb5t-bda68739bd4cf82472222621b2fdd599.jpg
https://www.ligapokemon.com.br/?view=cards/search&card=edid=730%20ed=MEG,MEG,0.10,5.00,7933.0,Lt. Surge's Bargain (#120/132),Barganha do Ten. Surge,C,,120,000000000000120,0.0,0.10,0.74,5.00,2025-10-23 17:18:16,0.0,2.0,730.0,0.0,,,,//arquivos/in/pokemon_bkp/cd/730/68fa8d5e4c894-g8moh-24en1-bda68739bd4cf82472222621b2fdd599.jpg
https://www.ligapokemon.com.br/?view=cards/search&card=edid=730%20ed=MEG,MEG,0.10,5.90,7882.0,Mega Signal (#121/132),Megassinal,C,,121,000000000000121,0.0,0.10,1.08,5.90,2025-10-01 16:09:42,0.0,2.0,730.0,0.0,,,,//arquivos/in/pokemon_bkp/cd/730/68d6d9383c28c-bgn02-c0187-bda68739bd4cf82472222621b2fdd599.jpg
https://www.ligapokemon.com.br/?view=cards/search&card=edid=730%20ed=MEG,MEG,0.18,34.00,7887.0,Mystery Garden (#122/132),Jardim Misterioso,C,,122,000000000000122,0.0,0.18,1.68,34.00,2025-10-01 16:09:44,0.0,2.0,730.0,0.0,,,,//arquivos/in/pokemon_bkp/cd/730/68d6d939de00c-2wfr8-ps9l0-bda68739bd4cf82472222621b2fdd599.jpg
https://www.ligapokemon.com.br/?view=cards/search&card=edid=730%20ed=MEG,MEG,0.10,5.00,1969.0,Pok&eacute;mon Center Lady (#123/132),Dama do Centro Pok&eacute;mon,C,,123,000000000000123,0.0,0.10,0.80,5.00,2025-10-01 16:09:45,0.0,1.0,730.0,0.0,,,,//arquivos/in/pokemon_bkp/cd/730/68d6d93b9e16a-qixwd-2iecz-bda68739bd4cf82472222621b2fdd599.jpg
https://www.ligapokemon.com.br/?view=cards/search&card=edid=730%20ed=MEG,MEG,0.18,189.00,7871.0,Premium Power Pro (#124/132),Suplemento Premium Pro,C,,124,000000000000124,0.0,0.18,2.08,189.00,2025-10-01 16:09:47,0.0,2.0,730.0,0.0,,,,//arquivos/in/pokemon_bkp/cd/730/68d6d93d5b3ee-9duha-hcksq-bda68739bd4cf82472222621b2fdd599.jpg
https://www.ligapokemon.com.br/?view=cards/search&card=edid=730%20ed=MEG,MEG,0.15,38.00,238.0,Rare Candy (#125/132),Doce Raro,C,,125,000000000000125,0.0,0.15,1.20,38.00,2025-10-01 16:09:49,0.0,1.0,730.0,0.0,,,,//arquivos/in/pokemon_bkp/cd/730/68d6d93fece4c-o42cd-39gko-bda68739bd4cf82472222621b2fdd599.jpg
https://www.ligapokemon.com.br/?view=cards/search&card=edid=730%20ed=MEG,MEG,0.08,7.00,4277.0,Repel (#126/132),Repelente,C,,126,000000000000126,0.0,0.08,0.72,7.00,2025-10-01 16:09:50,0.0,2.0,730.0,0.0,,,,//arquivos/in/pokemon_bkp/cd/730/68d6d941beca8-jkoep-p98ko-bda68739bd4cf82472222621b2fdd599.jpg
https://www.ligapokemon.com.br/?view=cards/search&card=edid=730%20ed=MEG,MEG,0.10,9.00,7999.0,Risky Ruins (#127/132),Ru&iacute;nas Arriscadas,C,,127,000000000000127,0.0,0.10,0.90,9.00,2025-10-23 17:18:17,0.0,2.0,730.0,0.0,,,,//arquivos/in/pokemon_bkp/cd/730/68fa8d6005156-f73w1-b5d7u-bda68739bd4cf82472222621b2fdd599.jpg
https://www.ligapokemon.com.br/?view=cards/search&card=edid=730%20ed=MEG,MEG,0.08,5.50,8000.0,Strange Timepiece (#128/132),Rel&oacute;gio Ins&oacute;lito,C,,128,000000000000128,0.0,0.08,0.78,5.50,2025-10-23 17:18:19,0.0,2.0,730.0,0.0,,,,//arquivos/in/pokemon_bkp/cd/730/68fa8d61acca0-l28h7-ex4f6-bda68739bd4cf82472222621b2fdd599.jpg
https://www.ligapokemon.com.br/?view=cards/search&card=edid=730%20ed=MEG,MEG,0.09,4.90,7886.0,Surfing Beach (#129/132),Praia de Surfista,C,,129,000000000000129,0.0,0.09,1.08,4.90,2025-10-01 16:09:55,0.0,2.0,730.0,0.0,,,,//arquivos/in/pokemon_bkp/cd/730/68d6d94813f73-i9ufs-kdbto-bda68739bd4cf82472222621b2fdd599.jpg
https://www.ligapokemon.com.br/?view=cards/search&card=edid=730%20ed=MEG,MEG,0.12,9.00,360.0,Switch (#130/132),Substitui&ccedil;&atilde;o,C,,130,000000000000130,0.0,0.12,0.82,9.00,2025-10-01 16:09:57,0.0,1.0,730.0,0.0,,,,//arquivos/in/pokemon_bkp/cd/730/68d6d94a170a9-9dlvr-c5za7-bda68739bd4cf82472222621b2fdd599.jpg
https://www.ligapokemon.com.br/?view=cards/search&card=edid=730%20ed=MEG,MEG,0.12,119.99,750.0,Ultra Ball (#131/132),Ultra Bola,C,,131,000000000000131,0.0,0.12,44.73,119.99,2025-10-01 16:09:58,0.0,1.0,730.0,0.0,,,,//arquivos/in/pokemon_bkp/cd/730/68d6d94bef65d-njxcw-zw9xi-bda68739bd4cf82472222621b2fdd599.jpg
https://www.ligapokemon.com.br/?view=cards/search&card=edid=730%20ed=MEG,MEG,0.14,12.75,7884.0,Wally's Compassion (#132/132),Compaix&atilde;o do Wally,C,,132,000000000000132,0.0,0.14,0.98,12.75,2025-10-01 16:10:00,0.0,2.0,730.0,0.0,,,,//arquivos/in/pokemon_bkp/cd/730/68d6d94e01c40-ok5ig-n0k21-bda68739bd4cf82472222621b2fdd599.jpg
https://www.ligapokemon.com.br/?view=cards/search&card=edid=730%20ed=MEG,MEG,14.99,249.90,314.0,Bulbasaur (#133/132),Bulbasaur,G,,133,000000000000133,0.0,14.99,33.80,249.90,2025-10-01 16:10:02,1.0,17.0,730.0,0.0,,,,//arquivos/in/pokemon_bkp/cd/730/68d6d96af3bce-0t7mq-p1mtg-bda68739bd4cf82472222621b2fdd599.jpg
https://www.ligapokemon.com.br/?view=cards/search&card=edid=730%20ed=MEG,MEG,59.50,199.90,144.0,Ivysaur (#134/132),Ivysaur,G,,134,000000000000134,0.0,59.50,94.27,199.90,2025-10-01 16:10:04,0.0,17.0,730.0,0.0,,,,//arquivos/in/pokemon_bkp/cd/730/68d6d97e8b2e6-w8knf-yiu5d-bda68739bd4cf82472222621b2fdd599.jpg
https://www.ligapokemon.com.br/?view=cards/search&card=edid=730%20ed=MEG,MEG,18.70,49.99,519.0,Exeggutor (#135/132),Exeggutor,G,,135,000000000000135,0.0,18.70,27.39,49.99,2025-10-01 16:10:05,0.0,17.0,730.0,0.0,,,,//arquivos/in/pokemon_bkp/cd/730/68d6d98066df9-94u7e-8mxhd-bda68739bd4cf82472222621b2fdd599.jpg
https://www.ligapokemon.com.br/?view=cards/search&card=edid=730%20ed=MEG,MEG,12.00,49.90,20.0,Shuckle (#136/132),Shuckle,G,,136,000000000000136,0.0,12.00,19.10,49.90,2025-10-01 16:10:07,0.0,17.0,730.0,0.0,,,,//arquivos/in/pokemon_bkp/cd/730/68d6d98249cbe-5mvyr-zrmcn-bda68739bd4cf82472222621b2fdd599.jpg
https://www.ligapokemon.com.br/?view=cards/search&card=edid=730%20ed=MEG,MEG,10.00,68.00,4684.0,Ninjask (#137/132),Ninjask,G,,137,000000000000137,0.0,10.00,27.92,68.00,2025-10-01 16:10:09,0.0,17.0,730.0,0.0,,,,//arquivos/in/pokemon_bkp/cd/730/68d6d985188b8-8o3gh-gczp9-bda68739bd4cf82472222621b2fdd599.jpg
https://www.ligapokemon.com.br/?view=cards/search&card=edid=730%20ed=MEG,MEG,44.00,184.90,36.0,Vulpix (#138/132),Vulpix,R,,138,000000000000138,0.0,44.00,60.52,184.90,2025-10-01 16:10:10,0.0,17.0,730.0,0.0,,,,//arquivos/in/pokemon_bkp/cd/730/68d6d986f05bd-25nse-hmsg0-bda68739bd4cf82472222621b2fdd599.jpg
https://www.ligapokemon.com.br/?view=cards/search&card=edid=730%20ed=MEG,MEG,9.90,55.25,1155.0,Litleo (#139/132),Litleo,R,,139,000000000000139,0.0,9.90,26.35,55.25,2025-10-01 16:10:12,0.0,17.0,730.0,0.0,,,,//arquivos/in/pokemon_bkp/cd/730/68d6d988f3746-kzp9o-igd3t-bda68739bd4cf82472222621b2fdd599.jpg
https://www.ligapokemon.com.br/?view=cards/search&card=edid=730%20ed=MEG,MEG,9.48,27.90,696.0,Snover (#140/132),Snover,W,,140,000000000000140,0.0,9.48,19.06,27.90,2025-10-01 16:10:14,0.0,17.0,730.0,0.0,,,,//arquivos/in/pokemon_bkp/cd/730/68d6d98aef016-wvtjh-e6fl9-bda68739bd4cf82472222621b2fdd599.jpg
https://www.ligapokemon.com.br/?view=cards/search&card=edid=730%20ed=MEG,MEG,9.64,42.50,1649.0,Clawitzer (#141/132),Clawitzer,W,,141,000000000000141,0.0,9.64,17.58,42.50,2025-10-01 16:10:15,0.0,17.0,730.0,0.0,,,,//arquivos/in/pokemon_bkp/cd/730/68d6d98d06bab-wgqc0-lu4ey-bda68739bd4cf82472222621b2fdd599.jpg
https://www.ligapokemon.com.br/?view=cards/search&card=edid=730%20ed=MEG,MEG,9.80,76.50,4927.0,Inteleon (#142/132),Inteleon,W,,142,000000000000142,0.0,9.80,22.36,76.50,2025-10-01 16:10:17,0.0,17.0,730.0,0.0,,,,//arquivos/in/pokemon_bkp/cd/730/68d6d99fa7716-lqi1k-4b9dr-bda68739bd4cf82472222621b2fdd599.jpg
https://www.ligapokemon.com.br/?view=cards/search&card=edid=730%20ed=MEG,MEG,9.90,59.50,1159.0,Helioptile (#143/132),Helioptile,L,,143,000000000000143,0.0,9.90,22.49,59.50,2025-10-01 16:10:19,0.0,17.0,730.0,0.0,,,,//arquivos/in/pokemon_bkp/cd/730/68d6d9a17784e-jc5bu-yp5jl-bda68739bd4cf82472222621b2fdd599.jpg
https://www.ligapokemon.com.br/?view=cards/search&card=edid=730%20ed=MEG,MEG,9.00,85.00,927.0,Shedinja (#144/132),Shedinja,P,,144,000000000000144,0.0,9.00,25.48,85.00,2025-10-01 16:10:21,0.0,17.0,730.0,0.0,,,,//arquivos/in/pokemon_bkp/cd/730/68d6d9a3685ab-7ci0y-14d6o-bda68739bd4cf82472222621b2fdd599.jpg
https://www.ligapokemon.com.br/?view=cards/search&card=edid=730%20ed=MEG,MEG,9.80,34.99,6336.0,Houndstone (#145/132),Houndstone,P,,145,000000000000145,0.0,9.80,14.81,34.99,2025-10-01 16:10:22,0.0,17.0,730.0,0.0,,,,//arquivos/in/pokemon_bkp/cd/730/68d6d9a5224f5-vwpdi-y28k0-bda68739bd4cf82472222621b2fdd599.jpg
https://www.ligapokemon.com.br/?view=cards/search&card=edid=730%20ed=MEG,MEG,29.90,155.10,4415.0,Marshadow (#146/132),Marshadow,F,,146,000000000000146,0.0,29.90,47.88,155.10,2025-10-01 16:10:24,1.0,17.0,730.0,0.0,,,,//arquivos/in/pokemon_bkp/cd/730/68d6d9a6def04-5gobh-9ec7p-bda68739bd4cf82472222621b2fdd599.jpg
https://www.ligapokemon.com.br/?view=cards/search&card=edid=730%20ed=MEG,MEG,7.90,46.75,6464.0,Garganacl (#147/132),Garganacl,F,,147,000000000000147,0.0,7.90,15.06,46.75,2025-10-01 16:10:26,0.0,17.0,730.0,0.0,,,,//arquivos/in/pokemon_bkp/cd/730/68d6d9a8aaac7-risfk-ticqm-bda68739bd4cf82472222621b2fdd599.jpg
https://www.ligapokemon.com.br/?view=cards/search&card=edid=730%20ed=MEG,MEG,8.00,68.00,98.0,Spiritomb (#148/132),Spiritomb,D,,148,000000000000148,0.0,8.00,24.46,68.00,2025-10-01 16:10:28,0.0,17.0,730.0,0.0,,,,//arquivos/in/pokemon_bkp/cd/730/68d6d9aa796de-7fywk-jq92d-bda68739bd4cf82472222621b2fdd599.jpg
https://www.ligapokemon.com.br/?view=cards/search&card=edid=730%20ed=MEG,MEG,7.99,42.50,6466.0,Shroodle (#149/132),Shroodle,D,,149,000000000000149,0.0,7.99,14.24,42.50,2025-10-01 16:10:29,0.0,17.0,730.0,0.0,,,,//arquivos/in/pokemon_bkp/cd/730/68d6d9ac87305-lwqjr-s9tri-bda68739bd4cf82472222621b2fdd599.jpg
https://www.ligapokemon.com.br/?view=cards/search&card=edid=730%20ed=MEG,MEG,19.90,99.90,686.0,Steelix (#150/132),Steelix,M,,150,000000000000150,0.0,19.90,32.36,99.90,2025-10-01 16:10:31,0.0,17.0,730.0,0.0,,,,//arquivos/in/pokemon_bkp/cd/730/68d6d9ae48687-bxthc-h3nkt-bda68739bd4cf82472222621b2fdd599.jpg
https://www.ligapokemon.com.br/?view=cards/search&card=edid=730%20ed=MEG,MEG,13.89,42.50,399.0,Spearow (#151/132),Spearow,C,,151,000000000000151,0.0,13.89,25.70,42.50,2025-10-01 16:10:33,0.0,17.0,730.0,0.0,,,,//arquivos/in/pokemon_bkp/cd/730/68d6d9b01f912-rso6w-cih32-bda68739bd4cf82472222621b2fdd599.jpg
https://www.ligapokemon.com.br/?view=cards/search&card=edid=730%20ed=MEG,MEG,5.90,29.99,176.0,Delibird (#152/132),Delibird,C,,152,000000000000152,0.0,5.90,12.11,29.99,2025-10-01 16:10:34,0.0,17.0,730.0,0.0,,,,//arquivos/in/pokemon_bkp/cd/730/68d6d9b1e023e-rceus-x2hqj-bda68739bd4cf82472222621b2fdd599.jpg
https://www.ligapokemon.com.br/?view=cards/search&card=edid=730%20ed=MEG,MEG,9.85,54.90,4468.0,Gumshoos (#153/132),Gumshoos,C,,153,000000000000153,0.0,9.85,18.99,54.90,2025-10-01 16:10:36,0.0,17.0,730.0,0.0,,,,//arquivos/in/pokemon_bkp/cd/730/68d6d9b3c6697-197lo-e28xc-bda68739bd4cf82472222621b2fdd599.jpg
https://www.ligapokemon.com.br/?view=cards/search&card=edid=730%20ed=MEG,MEG,12.00,46.75,4284.0,Stufful (#154/132),Stufful,C,,154,000000000000154,0.0,12.00,20.98,46.75,2025-10-01 16:10:38,0.0,17.0,730.0,0.0,,,,//arquivos/in/pokemon_bkp/cd/730/68d6d9b593439-x96qe-g614v-bda68739bd4cf82472222621b2fdd599.jpg
https://www.ligapokemon.com.br/?view=cards/search&card=edid=730%20ed=MEG,MEG,24.90,139.00,7865.0,Mega Venusaur ex (#155/132),Mega Venusaur ex,G,,155,000000000000155,0.0,24.90,36.79,139.00,2025-10-01 16:10:40,0.0,7.0,730.0,0.0,,,,//arquivos/in/pokemon_bkp/cd/730/68d6d9b751c49-3fe4t-thgf7-bda68739bd4cf82472222621b2fdd599.jpg
https://www.ligapokemon.com.br/?view=cards/search&card=edid=730%20ed=MEG,MEG,13.00,56.06,7866.0,Mega Camerupt ex (#156/132),Mega Camerupt ex,R,,156,000000000000156,0.0,13.00,24.12,56.06,2025-10-01 16:10:41,0.0,7.0,730.0,0.0,,,,//arquivos/in/pokemon_bkp/cd/730/68d6d9b9410b2-wh5zp-5cgfs-bda68739bd4cf82472222621b2fdd599.jpg
https://www.ligapokemon.com.br/?view=cards/search&card=edid=730%20ed=MEG,MEG,16.83,51.00,7876.0,Mega Abomasnow ex (#157/132),Mega Abomasnow ex,W,,157,000000000000157,0.0,16.83,28.82,51.00,2025-10-01 16:10:43,0.0,7.0,730.0,0.0,,,,//arquivos/in/pokemon_bkp/cd/730/68d6d9bb081a6-2ufa9-atres-bda68739bd4cf82472222621b2fdd599.jpg
https://www.ligapokemon.com.br/?view=cards/search&card=edid=730%20ed=MEG,MEG,17.99,39.99,7877.0,Mega Manectric ex (#158/132),Mega Manectric ex,L,,158,000000000000158,0.0,17.99,30.95,39.99,2025-10-01 16:10:45,0.0,7.0,730.0,0.0,,,,//arquivos/in/pokemon_bkp/cd/730/68d6d9bcca3b2-3atuw-e1pn7-bda68739bd4cf82472222621b2fdd599.jpg
https://www.ligapokemon.com.br/?view=cards/search&card=edid=730%20ed=MEG,MEG,17.80,127.50,7878.0,Mega Gardevoir ex (#159/132),Mega Gardevoir ex,P,,159,000000000000159,0.0,17.80,35.86,127.50,2025-10-01 16:10:46,0.0,7.0,730.0,0.0,,,,//arquivos/in/pokemon_bkp/cd/730/68d6d9be9a25b-t64dl-6aey1-bda68739bd4cf82472222621b2fdd599.jpg
https://www.ligapokemon.com.br/?view=cards/search&card=edid=730%20ed=MEG,MEG,49.00,110.50,7867.0,Mega Lucario ex (#160/132),Mega Lucario ex,F,,160,000000000000160,0.0,49.00,86.59,110.50,2025-10-01 16:10:48,0.0,7.0,730.0,0.0,,,,//arquivos/in/pokemon_bkp/cd/730/68d6d9c06cb11-9pcad-2gmw4-bda68739bd4cf82472222621b2fdd599.jpg
https://www.ligapokemon.com.br/?view=cards/search&card=edid=730%20ed=MEG,MEG,49.90,99.90,7868.0,Mega Absol ex (#161/132),Mega Absol ex,D,,161,000000000000161,0.0,49.90,77.27,99.90,2025-10-01 16:10:49,2.0,7.0,730.0,0.0,,,,//arquivos/in/pokemon_bkp/cd/730/68d6d9c281b16-x6pjz-s02r9-bda68739bd4cf82472222621b2fdd599.jpg
https://www.ligapokemon.com.br/?view=cards/search&card=edid=730%20ed=MEG,MEG,25.00,63.75,7869.0,Mega Mawile ex (#162/132),Mega Mawile ex,M,,162,000000000000162,0.0,25.00,40.80,63.75,2025-10-01 16:10:51,0.0,7.0,730.0,0.0,,,,//arquivos/in/pokemon_bkp/cd/730/68d6d9c476692-tdv5l-1lvtm-bda68739bd4cf82472222621b2fdd599.jpg
https://www.ligapokemon.com.br/?view=cards/search&card=edid=730%20ed=MEG,MEG,9.50,76.50,7879.0,Mega Latias ex (#163/132),Mega Latias ex,O,,163,000000000000163,0.0,9.50,22.57,76.50,2025-10-01 16:10:53,0.0,7.0,730.0,0.0,,,,//arquivos/in/pokemon_bkp/cd/730/68d6d9c64958b-8fi4y-95xvw-bda68739bd4cf82472222621b2fdd599.jpg
https://www.ligapokemon.com.br/?view=cards/search&card=edid=730%20ed=MEG,MEG,24.90,102.00,7880.0,Mega Kangaskhan ex (#164/132),Mega Kangaskhan ex,C,,164,000000000000164,0.0,24.90,38.24,102.00,2025-10-01 16:10:54,0.0,7.0,730.0,0.0,,,,//arquivos/in/pokemon_bkp/cd/730/68d6d9c82c1e5-yu0pq-o04vx-bda68739bd4cf82472222621b2fdd599.jpg
https://www.ligapokemon.com.br/?view=cards/search&card=edid=730%20ed=MEG,MEG,15.00,102.00,7883.0,Acerola's Mischief (#165/132),Traquinagem da Acerola,C,,165,000000000000165,0.0,15.00,27.42,102.00,2025-10-01 16:10:56,0.0,7.0,730.0,0.0,,,,//arquivos/in/pokemon_bkp/cd/730/68d6d9c9ea07e-msri2-thel5-bda68739bd4cf82472222621b2fdd599.jpg
https://www.ligapokemon.com.br/?view=cards/search&card=edid=730%20ed=MEG,MEG,16.88,153.00,4905.0,Air Balloon (#166/132),Bal&atilde;o de Ar,C,,166,000000000000166,0.0,16.88,47.98,153.00,2025-10-01 16:10:58,0.0,7.0,730.0,0.0,,,,//arquivos/in/pokemon_bkp/cd/730/68d6d9cbb4677-r06vu-wpdli-bda68739bd4cf82472222621b2fdd599.jpg
https://www.ligapokemon.com.br/?view=cards/search&card=edid=730%20ed=MEG,MEG,42.90,212.50,6952.0,Buddy-Buddy Poffin (#167/132),Poffin de Colega,C,,167,000000000000167,0.0,42.90,76.00,212.50,2025-10-01 16:10:59,0.0,7.0,730.0,0.0,,,,//arquivos/in/pokemon_bkp/cd/730/68d6d9cd87601-8kzs3-jvnld-bda68739bd4cf82472222621b2fdd599.jpg
https://www.ligapokemon.com.br/?view=cards/search&card=edid=730%20ed=MEG,MEG,22.90,127.50,7932.0,Fighting Gong (#168/132),Gongo de Luta,C,,168,000000000000168,0.0,22.90,37.92,127.50,2025-10-01 16:11:01,0.0,7.0,730.0,0.0,,,,//arquivos/in/pokemon_bkp/cd/730/68d6d9cf60327-68zxy-wj530-bda68739bd4cf82472222621b2fdd599.jpg
https://www.ligapokemon.com.br/?view=cards/search&card=edid=730%20ed=MEG,MEG,149.50,288.00,7874.0,Lillie's Determination (#169/132),Determina&ccedil;&atilde;o da L&iacute;lian,C,,169,000000000000169,0.0,149.50,184.32,288.00,2025-10-01 16:11:02,1.0,7.0,730.0,0.0,,,,//arquivos/in/pokemon_bkp/cd/730/68d6d9d13495c-by3dw-2wsgd-bda68739bd4cf82472222621b2fdd599.jpg
https://www.ligapokemon.com.br/?view=cards/search&card=edid=730%20ed=MEG,MEG,8.79,76.50,7933.0,Lt. Surge's Bargain (#170/132),Barganha do Ten. Surge,C,,170,000000000000170,0.0,8.79,22.15,76.50,2025-10-01 16:11:04,0.0,7.0,730.0,0.0,,,,//arquivos/in/pokemon_bkp/cd/730/68d6d9d307953-7iwh8-ut3w2-bda68739bd4cf82472222621b2fdd599.jpg
https://www.ligapokemon.com.br/?view=cards/search&card=edid=730%20ed=MEG,MEG,9.90,85.00,7882.0,Mega Signal (#171/132),Megassinal,C,,171,000000000000171,0.0,9.90,24.05,85.00,2025-10-01 16:11:07,0.0,7.0,730.0,0.0,,,,//arquivos/in/pokemon_bkp/cd/730/68d6d9d4cbbbb-v4xk3-0ulzr-bda68739bd4cf82472222621b2fdd599.jpg
https://www.ligapokemon.com.br/?view=cards/search&card=edid=730%20ed=MEG,MEG,14.90,170.00,7887.0,Mystery Garden (#172/132),Jardim Misterioso,C,,172,000000000000172,0.0,14.90,32.64,170.00,2025-10-01 16:11:08,0.0,7.0,730.0,0.0,,,,//arquivos/in/pokemon_bkp/cd/730/68d6d9d6b2723-k5hau-mr91g-bda68739bd4cf82472222621b2fdd599.jpg
https://www.ligapokemon.com.br/?view=cards/search&card=edid=730%20ed=MEG,MEG,38.00,212.50,7044.0,Night Stretcher (#173/132),Maca Noturna,C,,173,000000000000173,0.0,38.00,70.22,212.50,2025-10-01 16:11:10,0.0,7.0,730.0,0.0,,,,//arquivos/in/pokemon_bkp/cd/730/68d6d9d878fcf-e8fwu-3st7p-bda68739bd4cf82472222621b2fdd599.jpg
https://www.ligapokemon.com.br/?view=cards/search&card=edid=730%20ed=MEG,MEG,16.00,70.00,7871.0,Premium Power Pro (#174/132),Suplemento Premium Pro,C,,174,000000000000174,0.0,16.00,39.41,70.00,2025-10-01 16:11:12,0.0,7.0,730.0,0.0,,,,//arquivos/in/pokemon_bkp/cd/730/68d6d9da42441-ts2a3-6dkoy-bda68739bd4cf82472222621b2fdd599.jpg
https://www.ligapokemon.com.br/?view=cards/search&card=edid=730%20ed=MEG,MEG,44.90,510.00,238.0,Rare Candy (#175/132),Doce Raro,C,,175,000000000000175,0.0,44.90,64.14,510.00,2025-10-01 16:11:13,0.0,7.0,730.0,0.0,,,,//arquivos/in/pokemon_bkp/cd/730/68d6d9dc22ae0-bd08m-lhc8w-bda68739bd4cf82472222621b2fdd599.jpg
https://www.ligapokemon.com.br/?view=cards/search&card=edid=730%20ed=MEG,MEG,24.95,212.50,7884.0,Wally's Compassion (#176/132),Compaix&atilde;o do Wally,C,,176,000000000000176,0.0,24.95,41.94,212.50,2025-10-01 16:11:15,0.0,7.0,730.0,0.0,,,,//arquivos/in/pokemon_bkp/cd/730/68d6d9de06c56-p2tze-8s4aw-bda68739bd4cf82472222621b2fdd599.jpg
https://www.ligapokemon.com.br/?view=cards/search&card=edid=730%20ed=MEG,MEG,340.00,872.03,7865.0,Mega Venusaur ex (#177/132),Mega Venusaur ex,G,,177,000000000000177,0.0,340.00,478.12,872.03,2025-10-01 16:11:17,4.0,18.0,730.0,0.0,,,,//arquivos/in/pokemon_bkp/cd/730/68d6d9dfd887d-dg9k6-h72zd-bda68739bd4cf82472222621b2fdd599.jpg
https://www.ligapokemon.com.br/?view=cards/search&card=edid=730%20ed=MEG,MEG,429.00,1799.90,7878.0,Mega Gardevoir ex (#178/132),Mega Gardevoir ex,P,,178,000000000000178,0.0,429.00,597.22,1799.90,2025-10-01 16:11:18,8.0,18.0,730.0,0.0,,,,//arquivos/in/pokemon_bkp/cd/730/68d6d9e1b731a-ay3f9-yztsc-bda68739bd4cf82472222621b2fdd599.jpg
https://www.ligapokemon.com.br/?view=cards/search&card=edid=730%20ed=MEG,MEG,430.00,2299.00,7867.0,Mega Lucario ex (#179/132),Mega Lucario ex,F,,179,000000000000179,0.0,430.00,607.19,2299.00,2025-10-01 16:11:20,3.0,18.0,730.0,0.0,,,,//arquivos/in/pokemon_bkp/cd/730/68d6d9e3b69c6-dx71b-84hy0-bda68739bd4cf82472222621b2fdd599.jpg
https://www.ligapokemon.com.br/?view=cards/search&card=edid=730%20ed=MEG,MEG,180.00,799.80,7868.0,Mega Absol ex (#180/132),Mega Absol ex,D,,180,000000000000180,0.0,180.00,365.25,799.80,2025-10-01 16:11:22,1.0,18.0,730.0,0.0,,,,//arquivos/in/pokemon_bkp/cd/730/68d6d9e59e255-2x3h1-aw75d-bda68739bd4cf82472222621b2fdd599.jpg
https://www.ligapokemon.com.br/?view=cards/search&card=edid=730%20ed=MEG,MEG,185.90,899.90,7879.0,Mega Latias ex (#181/132),Mega Latias ex,O,,181,000000000000181,0.0,185.90,306.69,899.90,2025-10-01 16:11:23,1.0,18.0,730.0,0.0,,,,//arquivos/in/pokemon_bkp/cd/730/68d6d9e77e911-el9ba-fwyq4-bda68739bd4cf82472222621b2fdd599.jpg
https://www.ligapokemon.com.br/?view=cards/search&card=edid=730%20ed=MEG,MEG,198.00,699.90,7880.0,Mega Kangaskhan ex (#182/132),Mega Kangaskhan ex,C,,182,000000000000182,0.0,198.00,334.65,699.90,2025-10-01 16:11:25,1.0,18.0,730.0,0.0,,,,//arquivos/in/pokemon_bkp/cd/730/68d6d9e977497-zmtx8-h8ljp-bda68739bd4cf82472222621b2fdd599.jpg
https://www.ligapokemon.com.br/?view=cards/search&card=edid=730%20ed=MEG,MEG,139.90,850.00,7883.0,Acerola's Mischief (#183/132),Traquinagem da Acerola,C,,183,000000000000183,0.0,139.90,459.91,850.00,2025-10-01 16:11:27,4.0,18.0,730.0,0.0,,,,//arquivos/in/pokemon_bkp/cd/730/68d6d9eb506d5-v6iu4-ityrk-bda68739bd4cf82472222621b2fdd599.jpg
https://www.ligapokemon.com.br/?view=cards/search&card=edid=730%20ed=MEG,MEG,290.00,1445.00,7874.0,Lillie's Determination (#184/132),Determina&ccedil;&atilde;o da L&iacute;lian,C,,184,000000000000184,0.0,290.00,502.46,1445.00,2025-10-01 16:11:29,4.0,18.0,730.0,0.0,,,,//arquivos/in/pokemon_bkp/cd/730/68d6d9ed193d8-rt9p8-8w39h-bda68739bd4cf82472222621b2fdd599.jpg
https://www.ligapokemon.com.br/?view=cards/search&card=edid=730%20ed=MEG,MEG,61.75,297.50,7933.0,Lt. Surge's Bargain (#185/132),Barganha do Ten. Surge,C,,185,000000000000185,0.0,61.75,95.30,297.50,2025-10-01 16:11:30,0.0,18.0,730.0,0.0,,,,//arquivos/in/pokemon_bkp/cd/730/68d6d9eedb548-0uv3b-h08ic-bda68739bd4cf82472222621b2fdd599.jpg
https://www.ligapokemon.com.br/?view=cards/search&card=edid=730%20ed=MEG,MEG,89.90,299.90,7884.0,Wally's Compassion (#186/132),Compaix&atilde;o do Wally,C,,186,000000000000186,0.0,89.90,158.87,299.90,2025-10-01 16:11:32,0.0,18.0,730.0,0.0,,,,//arquivos/in/pokemon_bkp/cd/730/68d6d9f0a97ba-cekst-a7nx9-bda68739bd4cf82472222621b2fdd599.jpg
https://www.ligapokemon.com.br/?view=cards/search&card=edid=730%20ed=MEG,MEG,838.90,1999.99,7878.0,Mega Gardevoir ex (#187/132),Mega Gardevoir ex,P,,187,000000000000187,0.0,838.90,1596.73,1999.99,2025-10-01 16:11:34,2.0,14.0,730.0,0.0,,,,//arquivos/in/pokemon_bkp/cd/730/68d6d9f261da0-ji6s4-p7wjg-bda68739bd4cf82472222621b2fdd599.jpg
https://www.ligapokemon.com.br/?view=cards/search&card=edid=730%20ed=MEG,MEG,598.00,3800.00,7867.0,Mega Lucario ex (#188/132),Mega Lucario ex,F,,188,000000000000188,0.0,598.00,1296.09,3800.00,2025-10-01 16:11:36,7.0,14.0,730.0,0.0,,,,//arquivos/in/pokemon_bkp/cd/730/68d6d9f43ca1d-0ix3o-6t79y-bda68739bd4cf82472222621b2fdd599.jpg
https://www.ligapokemon.com.br/?view=cards/search&card=edid=722%20ed=WHT,WHT,0.14,34.99,26.0,Sewaddle (#001/086),Sewaddle,G,,001,000000000000001,0.0,0.14,6.92,34.99,2025-07-15 17:00:22,0.0,1.0,722.0,0.0,,,,//arquivos/in/pokemon_bkp/cd/722/6883f1902caa8-foi2g-ol3z2-cf5a8bd9ccc30b44a69726590919bc02.jpg
https://www.ligapokemon.com.br/?view=cards/search&card=edid=722%20ed=WHT,WHT,0.14,59.99,27.0,Swadloon (#002/086),Swadloon,G,,002,000000000000002,0.0,0.14,12.42,59.99,2025-07-15 17:00:23,0.0,1.0,722.0,0.0,,,,//arquivos/in/pokemon_bkp/cd/722/6883f191eff46-d487j-lhber-cf5a8bd9ccc30b44a69726590919bc02.jpg
https://www.ligapokemon.com.br/?view=cards/search&card=edid=722%20ed=WHT,WHT,0.12,23.90,28.0,Leavanny (#003/086),Leavanny,G,,003,000000000000003,0.0,0.12,7.59,23.90,2025-07-15 17:00:23,0.0,2.0,722.0,0.0,,,,//arquivos/in/pokemon_bkp/cd/722/6883f193c99ae-8ys7x-znirf-cf5a8bd9ccc30b44a69726590919bc02.jpg
https://www.ligapokemon.com.br/?view=cards/search&card=edid=722%20ed=WHT,WHT,0.13,24.90,1801.0,Cottonee (#004/086),Cottonee,G,,004,000000000000004,0.0,0.13,5.14,24.90,2025-07-15 17:00:23,0.0,1.0,722.0,0.0,,,,//arquivos/in/pokemon_bkp/cd/722/6883f195ac4d8-8by3j-3clv0-cf5a8bd9ccc30b44a69726590919bc02.jpg
https://www.ligapokemon.com.br/?view=cards/search&card=edid=722%20ed=WHT,WHT,2.90,890.00,7804.0,Whimsicott ex (#005/086),Whimsicott ex,G,,005,000000000000005,0.0,2.90,7.66,890.00,2025-07-15 17:00:23,0.0,20.0,722.0,0.0,,,,//arquivos/in/pokemon_bkp/cd/722/6883f1978cc24-qgr0m-6oyct-cf5a8bd9ccc30b44a69726590919bc02.jpg
https://www.ligapokemon.com.br/?view=cards/search&card=edid=722%20ed=WHT,WHT,0.14,45.00,1803.0,Deerling (#006/086),Deerling,G,,006,000000000000006,0.0,0.14,7.95,45.00,2025-07-15 17:00:23,0.0,1.0,722.0,0.0,,,,//arquivos/in/pokemon_bkp/cd/722/6883f1995aa87-x63o7-r4qlz-cf5a8bd9ccc30b44a69726590919bc02.jpg
https://www.ligapokemon.com.br/?view=cards/search&card=edid=722%20ed=WHT,WHT,0.14,32.90,1804.0,Sawsbuck (#007/086),Sawsbuck,G,,007,000000000000007,0.0,0.14,5.41,32.90,2025-07-15 17:00:24,0.0,2.0,722.0,0.0,,,,//arquivos/in/pokemon_bkp/cd/722/6883f19b2b050-ofeqk-im5rc-cf5a8bd9ccc30b44a69726590919bc02.jpg
https://www.ligapokemon.com.br/?view=cards/search&card=edid=722%20ed=WHT,WHT,0.12,29.90,710.0,Shelmet (#008/086),Shelmet,G,,008,000000000000008,0.0,0.12,5.78,29.90,2025-07-15 17:00:24,0.0,1.0,722.0,0.0,,,,//arquivos/in/pokemon_bkp/cd/722/6883f19ceea8b-c0yrg-87t1q-cf5a8bd9ccc30b44a69726590919bc02.jpg
https://www.ligapokemon.com.br/?view=cards/search&card=edid=722%20ed=WHT,WHT,0.13,99.90,711.0,Accelgor (#009/086),Accelgor,G,,009,000000000000009,0.0,0.13,7.01,99.90,2025-07-15 17:00:24,0.0,2.0,722.0,0.0,,,,//arquivos/in/pokemon_bkp/cd/722/6883f19ec675c-n1x5p-7n2pt-cf5a8bd9ccc30b44a69726590919bc02.jpg
https://www.ligapokemon.com.br/?view=cards/search&card=edid=722%20ed=WHT,WHT,0.25,55.00,31.0,Virizion (#010/086),Virizion,G,,010,000000000000010,0.0,0.25,7.20,55.00,2025-07-15 17:00:24,0.0,3.0,722.0,0.0,,,,//arquivos/in/pokemon_bkp/cd/722/6883f1a0a38c4-t4j70-olagc-cf5a8bd9ccc30b44a69726590919bc02.jpg
https://www.ligapokemon.com.br/?view=cards/search&card=edid=722%20ed=WHT,WHT,0.09,80.00,41.0,Tepig (#011/086),Tepig,R,,011,000000000000011,0.0,0.09,5.51,80.00,2025-07-15 17:00:25,0.0,1.0,722.0,0.0,,,,//arquivos/in/pokemon_bkp/cd/722/6883f1a274f1b-dybp8-zf6tj-cf5a8bd9ccc30b44a69726590919bc02.jpg
https://www.ligapokemon.com.br/?view=cards/search&card=edid=722%20ed=WHT,WHT,0.09,109.90,42.0,Pignite (#012/086),Pignite,R,,012,000000000000012,0.0,0.09,8.21,109.90,2025-07-15 17:00:25,0.0,1.0,722.0,0.0,,,,//arquivos/in/pokemon_bkp/cd/722/6883f1a43eb06-mnw3b-0l8xa-cf5a8bd9ccc30b44a69726590919bc02.jpg
https://www.ligapokemon.com.br/?view=cards/search&card=edid=722%20ed=WHT,WHT,0.49,42.33,43.0,Emboar (#013/086),Emboar,R,,013,000000000000013,0.0,0.49,10.18,42.33,2025-07-15 17:00:25,0.0,3.0,722.0,0.0,,,,//arquivos/in/pokemon_bkp/cd/722/6883f1a617321-vczj9-2nxgj-cf5a8bd9ccc30b44a69726590919bc02.jpg
https://www.ligapokemon.com.br/?view=cards/search&card=edid=722%20ed=WHT,WHT,0.12,29.90,577.0,Pansear (#014/086),Pansear,R,,014,000000000000014,0.0,0.12,5.27,29.90,2025-07-15 17:00:26,0.0,1.0,722.0,0.0,,,,//arquivos/in/pokemon_bkp/cd/722/6883f1a7d8e00-ylhvr-etcl5-cf5a8bd9ccc30b44a69726590919bc02.jpg
https://www.ligapokemon.com.br/?view=cards/search&card=edid=722%20ed=WHT,WHT,0.13,49.90,578.0,Simisear (#015/086),Simisear,R,,015,000000000000015,0.0,0.13,6.50,49.90,2025-07-15 17:00:26,0.0,2.0,722.0,0.0,,,,//arquivos/in/pokemon_bkp/cd/722/6883f1a9ba7e8-8d2rh-p8472-cf5a8bd9ccc30b44a69726590919bc02.jpg
https://www.ligapokemon.com.br/?view=cards/search&card=edid=722%20ed=WHT,WHT,0.11,50.00,819.0,Litwick (#016/086),Litwick,R,,016,000000000000016,0.0,0.11,8.91,50.00,2025-07-15 17:00:26,1.0,1.0,722.0,0.0,,,,//arquivos/in/pokemon_bkp/cd/722/6883f1abb3395-yiplz-n9zkm-cf5a8bd9ccc30b44a69726590919bc02.jpg
https://www.ligapokemon.com.br/?view=cards/search&card=edid=722%20ed=WHT,WHT,0.13,79.90,820.0,Lampent (#017/086),Lampent,R,,017,000000000000017,0.0,0.13,13.00,79.90,2025-07-15 17:00:26,0.0,1.0,722.0,0.0,,,,//arquivos/in/pokemon_bkp/cd/722/6883f1ad7b9f5-rtjp5-1bn95-cf5a8bd9ccc30b44a69726590919bc02.jpg
https://www.ligapokemon.com.br/?view=cards/search&card=edid=722%20ed=WHT,WHT,0.33,15.38,821.0,Chandelure (#018/086),Chandelure,R,,018,000000000000018,0.0,0.33,5.89,15.38,2025-07-15 17:00:26,0.0,3.0,722.0,0.0,,,,//arquivos/in/pokemon_bkp/cd/722/6883f1af3ba57-esfvu-6n4fd-cf5a8bd9ccc30b44a69726590919bc02.jpg
https://www.ligapokemon.com.br/?view=cards/search&card=edid=722%20ed=WHT,WHT,0.13,40.90,713.0,Heatmor (#019/086),Heatmor,R,,019,000000000000019,0.0,0.13,11.59,40.90,2025-07-15 17:00:26,0.0,2.0,722.0,0.0,,,,//arquivos/in/pokemon_bkp/cd/722/6883f1b109224-ig29p-8b0wz-cf5a8bd9ccc30b44a69726590919bc02.jpg
https://www.ligapokemon.com.br/?view=cards/search&card=edid=722%20ed=WHT,WHT,3.00,39.90,7212.0,Reshiram ex (#020/086),Reshiram ex,R,,020,000000000000020,0.0,3.00,11.72,39.90,2025-07-15 17:00:26,0.0,20.0,722.0,0.0,,,,//arquivos/in/pokemon_bkp/cd/722/6883f1b2c984c-eiqou-comi7-cf5a8bd9ccc30b44a69726590919bc02.jpg
https://www.ligapokemon.com.br/?view=cards/search&card=edid=722%20ed=WHT,WHT,0.13,84.99,52.0,Oshawott (#021/086),Oshawott,W,,021,000000000000021,0.0,0.13,4.18,84.99,2025-07-15 17:00:28,0.0,1.0,722.0,0.0,,,,//arquivos/in/pokemon_bkp/cd/722/6883f1b499af3-b3zv9-8omc9-cf5a8bd9ccc30b44a69726590919bc02.jpg
https://www.ligapokemon.com.br/?view=cards/search&card=edid=722%20ed=WHT,WHT,0.13,139.90,53.0,Dewott (#022/086),Dewott,W,,022,000000000000022,0.0,0.13,14.42,139.90,2025-07-15 17:00:28,0.0,1.0,722.0,0.0,,,,//arquivos/in/pokemon_bkp/cd/722/6883f1b66127d-14x9w-gy8ci-cf5a8bd9ccc30b44a69726590919bc02.jpg
https://www.ligapokemon.com.br/?view=cards/search&card=edid=722%20ed=WHT,WHT,0.44,59.90,54.0,Samurott (#023/086),Samurott,W,,023,000000000000023,0.0,0.44,10.11,59.90,2025-07-15 17:00:28,0.0,3.0,722.0,0.0,,,,//arquivos/in/pokemon_bkp/cd/722/6883f1b82e507-spc62-7vdlf-cf5a8bd9ccc30b44a69726590919bc02.jpg
https://www.ligapokemon.com.br/?view=cards/search&card=edid=722%20ed=WHT,WHT,0.14,34.00,1416.0,Basculin (#024/086),Basculin,W,,024,000000000000024,0.0,0.14,8.38,34.00,2025-07-15 17:00:28,0.0,1.0,722.0,0.0,,,,//arquivos/in/pokemon_bkp/cd/722/6883f1b9f08f8-b70kw-ihrfc-cf5a8bd9ccc30b44a69726590919bc02.jpg
https://www.ligapokemon.com.br/?view=cards/search&card=edid=722%20ed=WHT,WHT,0.09,54.00,719.0,Ducklett (#025/086),Ducklett,W,,025,000000000000025,0.0,0.09,6.21,54.00,2025-07-15 17:00:28,0.0,1.0,722.0,0.0,,,,//arquivos/in/pokemon_bkp/cd/722/6883f1bbc20e7-cri7j-4ni8l-cf5a8bd9ccc30b44a69726590919bc02.jpg
https://www.ligapokemon.com.br/?view=cards/search&card=edid=722%20ed=WHT,WHT,0.13,69.99,720.0,Swanna (#026/086),Swanna,W,,026,000000000000026,0.0,0.13,17.64,69.99,2025-07-15 17:00:29,0.0,2.0,722.0,0.0,,,,//arquivos/in/pokemon_bkp/cd/722/6883f1bd989ab-3l8q7-movkd-cf5a8bd9ccc30b44a69726590919bc02.jpg
https://www.ligapokemon.com.br/?view=cards/search&card=edid=722%20ed=WHT,WHT,0.13,34.90,717.0,Vanillite (#027/086),Vanillite,W,,027,000000000000027,0.0,0.13,10.20,34.90,2025-07-15 17:00:29,0.0,1.0,722.0,0.0,,,,//arquivos/in/pokemon_bkp/cd/722/6883f1bf7fe9d-y0seh-x193p-cf5a8bd9ccc30b44a69726590919bc02.jpg
https://www.ligapokemon.com.br/?view=cards/search&card=edid=722%20ed=WHT,WHT,0.14,34.90,718.0,Vanillish (#028/086),Vanillish,W,,028,000000000000028,0.0,0.14,5.76,34.90,2025-07-15 17:00:29,0.0,1.0,722.0,0.0,,,,//arquivos/in/pokemon_bkp/cd/722/6883f1c146251-sr9ct-qm9vc-cf5a8bd9ccc30b44a69726590919bc02.jpg
https://www.ligapokemon.com.br/?view=cards/search&card=edid=722%20ed=WHT,WHT,0.15,39.99,812.0,Vanilluxe (#029/086),Vanilluxe,W,,029,000000000000029,0.0,0.15,10.05,39.99,2025-07-15 17:00:29,0.0,2.0,722.0,0.0,,,,//arquivos/in/pokemon_bkp/cd/722/6883f1c30cda7-9518s-qimho-cf5a8bd9ccc30b44a69726590919bc02.jpg
https://www.ligapokemon.com.br/?view=cards/search&card=edid=722%20ed=WHT,WHT,2.70,39.90,7805.0,Keldeo ex (#030/086),Keldeo ex,W,,030,000000000000030,0.0,2.70,9.66,39.90,2025-07-15 17:00:29,0.0,20.0,722.0,0.0,,,,//arquivos/in/pokemon_bkp/cd/722/6883f1c4d0597-ajzm1-r4cpw-cf5a8bd9ccc30b44a69726590919bc02.jpg
https://www.ligapokemon.com.br/?view=cards/search&card=edid=722%20ed=WHT,WHT,0.16,25.00,245.0,Blitzle (#031/086),Blitzle,L,,031,000000000000031,0.0,0.16,4.42,25.00,2025-07-15 17:00:30,0.0,1.0,722.0,0.0,,,,//arquivos/in/pokemon_bkp/cd/722/6883f1c6a888b-hwv6i-rqj9g-cf5a8bd9ccc30b44a69726590919bc02.jpg
https://www.ligapokemon.com.br/?view=cards/search&card=edid=722%20ed=WHT,WHT,0.16,30.00,816.0,Zebstrika (#032/086),Zebstrika,L,,032,000000000000032,0.0,0.16,5.98,30.00,2025-07-15 17:00:30,0.0,2.0,722.0,0.0,,,,//arquivos/in/pokemon_bkp/cd/722/6883f1c882af9-bze4x-k61fq-cf5a8bd9ccc30b44a69726590919bc02.jpg
https://www.ligapokemon.com.br/?view=cards/search&card=edid=722%20ed=WHT,WHT,0.14,47.99,722.0,Joltik (#033/086),Joltik,L,,033,000000000000033,0.0,0.14,7.56,47.99,2025-07-15 17:00:31,0.0,1.0,722.0,0.0,,,,//arquivos/in/pokemon_bkp/cd/722/6883f1ca4678f-u29cx-dkcwf-cf5a8bd9ccc30b44a69726590919bc02.jpg
https://www.ligapokemon.com.br/?view=cards/search&card=edid=722%20ed=WHT,WHT,0.14,23.00,723.0,Galvantula (#034/086),Galvantula,L,,034,000000000000034,0.0,0.14,7.72,23.00,2025-07-15 17:00:31,0.0,2.0,722.0,0.0,,,,//arquivos/in/pokemon_bkp/cd/722/6883f1cc13b00-u7kbf-xp7m2-cf5a8bd9ccc30b44a69726590919bc02.jpg
https://www.ligapokemon.com.br/?view=cards/search&card=edid=722%20ed=WHT,WHT,0.16,49.99,95.0,Stunfisk (#035/086),Stunfisk,L,,035,000000000000035,0.0,0.16,6.51,49.99,2025-07-15 17:00:31,0.0,2.0,722.0,0.0,,,,//arquivos/in/pokemon_bkp/cd/722/6883f1cdcb254-29o0d-m6th4-cf5a8bd9ccc30b44a69726590919bc02.jpg
https://www.ligapokemon.com.br/?view=cards/search&card=edid=722%20ed=WHT,WHT,0.17,34.90,78.0,Woobat (#036/086),Woobat,P,,036,000000000000036,0.0,0.17,6.88,34.90,2025-07-15 17:00:31,0.0,1.0,722.0,0.0,,,,//arquivos/in/pokemon_bkp/cd/722/6883f1cf8d84a-tc7sx-oadqz-cf5a8bd9ccc30b44a69726590919bc02.jpg
https://www.ligapokemon.com.br/?view=cards/search&card=edid=722%20ed=WHT,WHT,0.14,39.95,79.0,Swoobat (#037/086),Swoobat,P,,037,000000000000037,0.0,0.14,6.64,39.95,2025-07-15 17:00:31,0.0,2.0,722.0,0.0,,,,//arquivos/in/pokemon_bkp/cd/722/6883f1d15e4e6-agxmq-aqb6k-cf5a8bd9ccc30b44a69726590919bc02.jpg
https://www.ligapokemon.com.br/?view=cards/search&card=edid=722%20ed=WHT,WHT,0.14,34.90,80.0,Sigilyph (#038/086),Sigilyph,P,,038,000000000000038,0.0,0.14,8.15,34.90,2025-07-15 17:00:31,0.0,2.0,722.0,0.0,,,,//arquivos/in/pokemon_bkp/cd/722/6883f1d327e09-z4imy-a84u3-cf5a8bd9ccc30b44a69726590919bc02.jpg
https://www.ligapokemon.com.br/?view=cards/search&card=edid=722%20ed=WHT,WHT,0.14,32.90,727.0,Yamask (#039/086),Yamask,P,,039,000000000000039,0.0,0.14,6.52,32.90,2025-07-15 17:00:31,0.0,1.0,722.0,0.0,,,,//arquivos/in/pokemon_bkp/cd/722/6883f1d4e3eff-5vj2p-b2ecx-cf5a8bd9ccc30b44a69726590919bc02.jpg
https://www.ligapokemon.com.br/?view=cards/search&card=edid=722%20ed=WHT,WHT,0.27,22.90,728.0,Cofagrigus (#040/086),Cofagrigus,P,,040,000000000000040,0.0,0.27,6.33,22.90,2025-07-15 17:00:32,0.0,3.0,722.0,0.0,,,,//arquivos/in/pokemon_bkp/cd/722/6883f1d6be1f9-mvfxk-9pkd3-cf5a8bd9ccc30b44a69726590919bc02.jpg
https://www.ligapokemon.com.br/?view=cards/search&card=edid=722%20ed=WHT,WHT,0.13,32.90,83.0,Gothita (#041/086),Gothita,P,,041,000000000000041,0.0,0.13,5.65,32.90,2025-07-15 17:00:33,0.0,1.0,722.0,0.0,,,,//arquivos/in/pokemon_bkp/cd/722/6883f1d8c9db8-vwgkh-h4vpz-cf5a8bd9ccc30b44a69726590919bc02.jpg
https://www.ligapokemon.com.br/?view=cards/search&card=edid=722%20ed=WHT,WHT,0.14,24.90,84.0,Gothorita (#042/086),Gothorita,P,,042,000000000000042,0.0,0.14,5.42,24.90,2025-07-15 17:00:33,0.0,1.0,722.0,0.0,,,,//arquivos/in/pokemon_bkp/cd/722/6883f1da925f8-jv2ui-bi769-cf5a8bd9ccc30b44a69726590919bc02.jpg
https://www.ligapokemon.com.br/?view=cards/search&card=edid=722%20ed=WHT,WHT,0.34,39.99,85.0,Gothitelle (#043/086),Gothitelle,P,,043,000000000000043,0.0,0.34,8.72,39.99,2025-07-15 17:00:33,0.0,3.0,722.0,0.0,,,,//arquivos/in/pokemon_bkp/cd/722/6883f1dc5feff-6ufcl-wyku4-cf5a8bd9ccc30b44a69726590919bc02.jpg
https://www.ligapokemon.com.br/?view=cards/search&card=edid=722%20ed=WHT,WHT,0.19,99.90,813.0,Frillish (#044/086),Frillish,P,,044,000000000000044,0.0,0.19,13.89,99.90,2025-07-15 17:00:33,0.0,1.0,722.0,0.0,,,,//arquivos/in/pokemon_bkp/cd/722/6883f1de3461c-psm7a-xjmf9-cf5a8bd9ccc30b44a69726590919bc02.jpg
https://www.ligapokemon.com.br/?view=cards/search&card=edid=722%20ed=WHT,WHT,4.00,54.12,7806.0,Jellicent ex (#045/086),Jellicent ex,P,,045,000000000000045,0.0,4.00,10.47,54.12,2025-07-15 17:00:33,1.0,20.0,722.0,0.0,,,,//arquivos/in/pokemon_bkp/cd/722/6883f1dff298c-f8mk0-qt1bs-cf5a8bd9ccc30b44a69726590919bc02.jpg
https://www.ligapokemon.com.br/?view=cards/search&card=edid=722%20ed=WHT,WHT,0.13,24.90,1164.0,Roggenrola (#046/086),Roggenrola,F,,046,000000000000046,0.0,0.13,5.01,24.90,2025-07-15 17:00:33,0.0,1.0,722.0,0.0,,,,//arquivos/in/pokemon_bkp/cd/722/6883f1e1c7aa0-iup2l-z6ysi-cf5a8bd9ccc30b44a69726590919bc02.jpg
https://www.ligapokemon.com.br/?view=cards/search&card=edid=722%20ed=WHT,WHT,0.14,29.90,1165.0,Boldore (#047/086),Boldore,F,,047,000000000000047,0.0,0.14,7.01,29.90,2025-07-15 17:00:34,0.0,1.0,722.0,0.0,,,,//arquivos/in/pokemon_bkp/cd/722/6883f1e396756-5psfn-40pmz-cf5a8bd9ccc30b44a69726590919bc02.jpg
https://www.ligapokemon.com.br/?view=cards/search&card=edid=722%20ed=WHT,WHT,0.15,49.99,822.0,Gigalith (#048/086),Gigalith,F,,048,000000000000048,0.0,0.15,11.16,49.99,2025-07-15 17:00:34,0.0,2.0,722.0,0.0,,,,//arquivos/in/pokemon_bkp/cd/722/6883f1e5594f9-0dhyx-ekzxu-cf5a8bd9ccc30b44a69726590919bc02.jpg
https://www.ligapokemon.com.br/?view=cards/search&card=edid=722%20ed=WHT,WHT,0.12,49.00,1453.0,Sawk (#049/086),Sawk,F,,049,000000000000049,0.0,0.12,7.59,49.00,2025-07-15 17:00:34,0.0,2.0,722.0,0.0,,,,//arquivos/in/pokemon_bkp/cd/722/6883f1e73162d-azj8e-cm8ot-cf5a8bd9ccc30b44a69726590919bc02.jpg
https://www.ligapokemon.com.br/?view=cards/search&card=edid=722%20ed=WHT,WHT,0.14,36.00,823.0,Archen (#050/086),Archen,F,,050,000000000000050,0.0,0.14,9.34,36.00,2025-07-15 17:00:34,0.0,2.0,722.0,0.0,,,,//arquivos/in/pokemon_bkp/cd/722/6883f1e903992-64ask-rvkh1-cf5a8bd9ccc30b44a69726590919bc02.jpg
https://www.ligapokemon.com.br/?view=cards/search&card=edid=722%20ed=WHT,WHT,0.34,39.99,751.0,Archeops (#051/086),Archeops,F,,051,000000000000051,0.0,0.34,7.94,39.99,2025-07-15 17:00:35,0.0,3.0,722.0,0.0,,,,//arquivos/in/pokemon_bkp/cd/722/6883f1eac6ae9-d6nkw-rg4y2-cf5a8bd9ccc30b44a69726590919bc02.jpg
https://www.ligapokemon.com.br/?view=cards/search&card=edid=722%20ed=WHT,WHT,0.14,220.00,824.0,Mienfoo (#052/086),Mienfoo,F,,052,000000000000052,0.0,0.14,8.41,220.00,2025-07-15 17:00:35,0.0,1.0,722.0,0.0,,,,//arquivos/in/pokemon_bkp/cd/722/6883f1ecc5fa0-h1k5q-tfd14-cf5a8bd9ccc30b44a69726590919bc02.jpg
https://www.ligapokemon.com.br/?view=cards/search&card=edid=722%20ed=WHT,WHT,0.16,49.90,825.0,Mienshao (#053/086),Mienshao,F,,053,000000000000053,0.0,0.16,9.80,49.90,2025-07-15 17:00:35,0.0,2.0,722.0,0.0,,,,//arquivos/in/pokemon_bkp/cd/722/6883f1ee9ea87-ln852-p4lsz-cf5a8bd9ccc30b44a69726590919bc02.jpg
https://www.ligapokemon.com.br/?view=cards/search&card=edid=722%20ed=WHT,WHT,0.29,44.99,96.0,Terrakion (#054/086),Terrakion,F,,054,000000000000054,0.0,0.29,7.11,44.99,2025-07-15 17:00:35,0.0,3.0,722.0,0.0,,,,//arquivos/in/pokemon_bkp/cd/722/6883f1f06cb11-97036-0mwoh-cf5a8bd9ccc30b44a69726590919bc02.jpg
https://www.ligapokemon.com.br/?view=cards/search&card=edid=722%20ed=WHT,WHT,0.15,32.90,126.0,Purrloin (#055/086),Purrloin,D,,055,000000000000055,0.0,0.15,6.74,32.90,2025-07-15 17:00:35,0.0,1.0,722.0,0.0,,,,//arquivos/in/pokemon_bkp/cd/722/6883f1f2345c5-cvngm-7awt5-cf5a8bd9ccc30b44a69726590919bc02.jpg
https://www.ligapokemon.com.br/?view=cards/search&card=edid=722%20ed=WHT,WHT,0.16,59.99,1166.0,Liepard (#056/086),Liepard,D,,056,000000000000056,0.0,0.16,10.05,59.99,2025-07-15 17:00:35,0.0,2.0,722.0,0.0,,,,//arquivos/in/pokemon_bkp/cd/722/6883f1f3eca4f-2upib-f8bxh-cf5a8bd9ccc30b44a69726590919bc02.jpg
https://www.ligapokemon.com.br/?view=cards/search&card=edid=722%20ed=WHT,WHT,0.16,327.00,732.0,Scraggy (#057/086),Scraggy,D,,057,000000000000057,0.0,0.16,7.06,327.00,2025-07-15 17:00:35,0.0,1.0,722.0,0.0,,,,//arquivos/in/pokemon_bkp/cd/722/6883f1f5c59f1-zhwar-wspta-cf5a8bd9ccc30b44a69726590919bc02.jpg
https://www.ligapokemon.com.br/?view=cards/search&card=edid=722%20ed=WHT,WHT,0.16,109.90,733.0,Scrafty (#058/086),Scrafty,D,,058,000000000000058,0.0,0.16,12.65,109.90,2025-07-15 17:00:36,0.0,2.0,722.0,0.0,,,,//arquivos/in/pokemon_bkp/cd/722/6883f1f795bb3-t6spe-6iwgo-cf5a8bd9ccc30b44a69726590919bc02.jpg
https://www.ligapokemon.com.br/?view=cards/search&card=edid=722%20ed=WHT,WHT,0.14,50.00,81.0,Trubbish (#059/086),Trubbish,D,,059,000000000000059,0.0,0.14,10.61,50.00,2025-07-15 17:00:36,0.0,1.0,722.0,0.0,,,,//arquivos/in/pokemon_bkp/cd/722/6883f1f960764-njmo6-jead8-cf5a8bd9ccc30b44a69726590919bc02.jpg
https://www.ligapokemon.com.br/?view=cards/search&card=edid=722%20ed=WHT,WHT,0.15,69.90,82.0,Garbodor (#060/086),Garbodor,D,,060,000000000000060,0.0,0.15,14.09,69.90,2025-07-15 17:00:36,0.0,2.0,722.0,0.0,,,,//arquivos/in/pokemon_bkp/cd/722/6883f1fb3a306-ch7kn-hgo8e-cf5a8bd9ccc30b44a69726590919bc02.jpg
https://www.ligapokemon.com.br/?view=cards/search&card=edid=722%20ed=WHT,WHT,0.14,43.99,100.0,Zorua (#061/086),Zorua,D,,061,000000000000061,0.0,0.14,12.52,43.99,2025-07-15 17:00:37,0.0,1.0,722.0,0.0,,,,//arquivos/in/pokemon_bkp/cd/722/6883f1fd08824-icm27-smjiy-cf5a8bd9ccc30b44a69726590919bc02.jpg
https://www.ligapokemon.com.br/?view=cards/search&card=edid=722%20ed=WHT,WHT,0.35,189.99,101.0,Zoroark (#062/086),Zoroark,D,,062,000000000000062,0.0,0.35,26.63,189.99,2025-07-15 17:00:37,0.0,3.0,722.0,0.0,,,,//arquivos/in/pokemon_bkp/cd/722/6883f1fec4d8f-mfo7g-02buf-cf5a8bd9ccc30b44a69726590919bc02.jpg
https://www.ligapokemon.com.br/?view=cards/search&card=edid=722%20ed=WHT,WHT,0.13,99.00,734.0,Vullaby (#063/086),Vullaby,D,,063,000000000000063,0.0,0.13,7.77,99.00,2025-07-15 17:00:37,0.0,1.0,722.0,0.0,,,,//arquivos/in/pokemon_bkp/cd/722/6883f2008c3b7-gbwpi-oz4c6-cf5a8bd9ccc30b44a69726590919bc02.jpg
https://www.ligapokemon.com.br/?view=cards/search&card=edid=722%20ed=WHT,WHT,0.14,25.00,1805.0,Mandibuzz (#064/086),Mandibuzz,D,,064,000000000000064,0.0,0.14,8.19,25.00,2025-07-15 17:00:37,0.0,2.0,722.0,0.0,,,,//arquivos/in/pokemon_bkp/cd/722/6883f20264158-hp3qt-u6qgh-cf5a8bd9ccc30b44a69726590919bc02.jpg
https://www.ligapokemon.com.br/?view=cards/search&card=edid=722%20ed=WHT,WHT,0.11,48.50,105.0,Deino (#065/086),Deino,D,,065,000000000000065,0.0,0.11,12.22,48.50,2025-07-15 17:00:37,0.0,1.0,722.0,0.0,,,,//arquivos/in/pokemon_bkp/cd/722/6883f204c74cf-serf4-vg058-cf5a8bd9ccc30b44a69726590919bc02.jpg
https://www.ligapokemon.com.br/?view=cards/search&card=edid=722%20ed=WHT,WHT,0.12,55.99,106.0,Zweilous (#066/086),Zweilous,D,,066,000000000000066,0.0,0.12,9.37,55.99,2025-07-15 17:00:37,1.0,1.0,722.0,0.0,,,,//arquivos/in/pokemon_bkp/cd/722/6883f206c7fa9-34f7j-9zfw6-cf5a8bd9ccc30b44a69726590919bc02.jpg
https://www.ligapokemon.com.br/?view=cards/search&card=edid=722%20ed=WHT,WHT,3.88,39.90,7172.0,Hydreigon ex (#067/086),Hydreigon ex,D,,067,000000000000067,0.0,3.88,10.67,39.90,2025-07-15 17:00:37,0.0,20.0,722.0,0.0,,,,//arquivos/in/pokemon_bkp/cd/722/6883f208c9541-q1xif-r80hx-cf5a8bd9ccc30b44a69726590919bc02.jpg
https://www.ligapokemon.com.br/?view=cards/search&card=edid=722%20ed=WHT,WHT,0.14,29.90,1420.0,Ferroseed (#068/086),Ferroseed,M,,068,000000000000068,0.0,0.14,8.15,29.90,2025-07-15 17:00:37,0.0,1.0,722.0,0.0,,,,//arquivos/in/pokemon_bkp/cd/722/6883f20ac1b7a-ewh6t-kr7c4-cf5a8bd9ccc30b44a69726590919bc02.jpg
https://www.ligapokemon.com.br/?view=cards/search&card=edid=722%20ed=WHT,WHT,0.15,34.90,1806.0,Ferrothorn (#069/086),Ferrothorn,M,,069,000000000000069,0.0,0.15,11.25,34.90,2025-07-15 17:00:37,0.0,2.0,722.0,0.0,,,,//arquivos/in/pokemon_bkp/cd/722/6883f20cc2620-bgzuy-r8hfb-cf5a8bd9ccc30b44a69726590919bc02.jpg
https://www.ligapokemon.com.br/?view=cards/search&card=edid=722%20ed=WHT,WHT,0.14,74.90,828.0,Durant (#070/086),Durant,M,,070,000000000000070,0.0,0.14,13.74,74.90,2025-07-15 17:00:37,0.0,2.0,722.0,0.0,,,,//arquivos/in/pokemon_bkp/cd/722/6883f20ec44b8-tnzc5-r72sl-cf5a8bd9ccc30b44a69726590919bc02.jpg
https://www.ligapokemon.com.br/?view=cards/search&card=edid=722%20ed=WHT,WHT,0.16,269.00,114.0,Druddigon (#071/086),Druddigon,O,,071,000000000000071,0.0,0.16,7.51,269.00,2025-07-15 17:00:38,0.0,2.0,722.0,0.0,,,,//arquivos/in/pokemon_bkp/cd/722/6883f210c601b-5hu27-1frya-cf5a8bd9ccc30b44a69726590919bc02.jpg
https://www.ligapokemon.com.br/?view=cards/search&card=edid=722%20ed=WHT,WHT,0.14,20.79,1662.0,Patrat (#072/086),Patrat,C,,072,000000000000072,0.0,0.14,4.72,20.79,2025-07-15 17:00:39,0.0,1.0,722.0,0.0,,,,//arquivos/in/pokemon_bkp/cd/722/6883f212c30b4-cg1xy-mjefl-cf5a8bd9ccc30b44a69726590919bc02.jpg
https://www.ligapokemon.com.br/?view=cards/search&card=edid=722%20ed=WHT,WHT,0.15,25.90,1663.0,Watchog (#073/086),Watchog,C,,073,000000000000073,0.0,0.15,6.90,25.90,2025-07-15 17:00:39,0.0,2.0,722.0,0.0,,,,//arquivos/in/pokemon_bkp/cd/722/6883f225ef01d-5pq4l-gx7ef-cf5a8bd9ccc30b44a69726590919bc02.jpg
https://www.ligapokemon.com.br/?view=cards/search&card=edid=722%20ed=WHT,WHT,0.14,99.90,627.0,Lillipup (#074/086),Lillipup,C,,074,000000000000074,0.0,0.14,9.08,99.90,2025-07-15 17:00:39,0.0,1.0,722.0,0.0,,,,//arquivos/in/pokemon_bkp/cd/722/6883f26335f4c-c8wn6-p7b0c-cf5a8bd9ccc30b44a69726590919bc02.jpg
https://www.ligapokemon.com.br/?view=cards/search&card=edid=722%20ed=WHT,WHT,0.12,50.00,628.0,Herdier (#075/086),Herdier,C,,075,000000000000075,0.0,0.12,9.32,50.00,2025-07-15 17:00:39,0.0,1.0,722.0,0.0,,,,//arquivos/in/pokemon_bkp/cd/722/6883f2be28197-gmiar-ydrl1-cf5a8bd9ccc30b44a69726590919bc02.jpg
https://www.ligapokemon.com.br/?view=cards/search&card=edid=722%20ed=WHT,WHT,0.17,39.90,629.0,Stoutland (#076/086),Stoutland,C,,076,000000000000076,0.0,0.17,6.26,39.90,2025-07-15 17:00:39,0.0,2.0,722.0,0.0,,,,//arquivos/in/pokemon_bkp/cd/722/6883f2ec8220e-85or3-zi4wl-cf5a8bd9ccc30b44a69726590919bc02.jpg
https://www.ligapokemon.com.br/?view=cards/search&card=edid=722%20ed=WHT,WHT,2.50,29.90,7807.0,Bouffalant ex (#077/086),Bouffalant ex,C,,077,000000000000077,0.0,2.50,6.78,29.90,2025-07-15 17:00:39,0.0,20.0,722.0,0.0,,,,//arquivos/in/pokemon_bkp/cd/722/6883f2ee56d21-6lqxg-47fv0-cf5a8bd9ccc30b44a69726590919bc02.jpg
https://www.ligapokemon.com.br/?view=cards/search&card=edid=722%20ed=WHT,WHT,0.30,49.90,116.0,Tornadus (#078/086),Tornadus,C,,078,000000000000078,0.0,0.30,8.85,49.90,2025-07-15 17:00:39,0.0,3.0,722.0,0.0,,,,//arquivos/in/pokemon_bkp/cd/722/6883f2efef2b1-wbxv8-6zpmu-cf5a8bd9ccc30b44a69726590919bc02.jpg
https://www.ligapokemon.com.br/?view=cards/search&card=edid=722%20ed=WHT,WHT,0.14,12.00,7808.0,Antique Plume Fossil (#079/086),F&oacute;ssil Pluma Arcaico,C,,079,000000000000079,0.0,0.14,3.19,12.00,2025-07-15 17:00:39,0.0,1.0,722.0,0.0,,,,//arquivos/in/pokemon_bkp/cd/722/6883f2f1bd4e7-71hui-qef8i-cf5a8bd9ccc30b44a69726590919bc02.jpg
https://www.ligapokemon.com.br/?view=cards/search&card=edid=722%20ed=WHT,WHT,0.40,35.00,7809.0,Brave Bangle (#080/086),Bracelete Bravio,C,,080,000000000000080,0.0,0.40,10.82,35.00,2025-07-15 17:00:39,0.0,2.0,722.0,0.0,,,,//arquivos/in/pokemon_bkp/cd/722/6883f2f37fc94-pct3j-gps2j-cf5a8bd9ccc30b44a69726590919bc02.jpg
https://www.ligapokemon.com.br/?view=cards/search&card=edid=722%20ed=WHT,WHT,0.13,11.99,740.0,Cheren (#081/086),Cheren,C,,081,000000000000081,0.0,0.13,2.52,11.99,2025-07-15 17:00:40,0.0,2.0,722.0,0.0,,,,//arquivos/in/pokemon_bkp/cd/722/6883f2f51a759-dc4ao-jr6z8-cf5a8bd9ccc30b44a69726590919bc02.jpg
https://www.ligapokemon.com.br/?view=cards/search&card=edid=722%20ed=WHT,WHT,0.19,19.90,547.0,Energy Retrieval (#082/086),Recupera&ccedil;&atilde;o de Energia,C,,082,000000000000082,0.0,0.19,3.79,19.90,2025-07-15 17:00:40,0.0,2.0,722.0,0.0,,,,//arquivos/in/pokemon_bkp/cd/722/6883f2f6bab95-k36py-6rvdu-cf5a8bd9ccc30b44a69726590919bc02.jpg
https://www.ligapokemon.com.br/?view=cards/search&card=edid=722%20ed=WHT,WHT,0.20,49.90,7810.0,Harlequin (#083/086),Arlequim,C,,083,000000000000083,0.0,0.20,2.58,49.90,2025-07-15 17:00:40,0.0,2.0,722.0,0.0,,,,//arquivos/in/pokemon_bkp/cd/722/6883f2f8767d2-fu4be-47dgv-cf5a8bd9ccc30b44a69726590919bc02.jpg
https://www.ligapokemon.com.br/?view=cards/search&card=edid=722%20ed=WHT,WHT,4.00,44.90,7811.0,Hilda (#084/086),Hilda,C,,084,000000000000084,0.0,4.00,12.45,44.90,2025-07-15 17:00:41,0.0,2.0,722.0,0.0,,,,//arquivos/in/pokemon_bkp/cd/722/6883f2fa16cea-bic5m-rhyf1-cf5a8bd9ccc30b44a69726590919bc02.jpg
https://www.ligapokemon.com.br/?view=cards/search&card=edid=722%20ed=WHT,WHT,0.25,23.99,1554.0,Tool Scrapper (#085/086),Sucateador de Ferramenta,C,,085,000000000000085,0.0,0.25,3.58,23.99,2025-07-15 17:00:41,0.0,2.0,722.0,0.0,,,,//arquivos/in/pokemon_bkp/cd/722/6883f2fba1acc-2fav8-cm0rl-cf5a8bd9ccc30b44a69726590919bc02.jpg
https://www.ligapokemon.com.br/?view=cards/search&card=edid=722%20ed=WHT,WHT,2.00,29.90,7812.0,Ignition Energy (#086/086),Energia de Igni&ccedil;&atilde;o,E,,086,000000000000086,0.0,2.00,8.97,29.90,2025-07-15 17:00:41,0.0,2.0,722.0,0.0,,,,//arquivos/in/pokemon_bkp/cd/722/6883f2fd3e815-sdjcy-u1qb7-cf5a8bd9ccc30b44a69726590919bc02.jpg
https://www.ligapokemon.com.br/?view=cards/search&card=edid=722%20ed=WHT,WHT,24.90,50.00,26.0,Sewaddle (#087/086),Sewaddle,G,,087,000000000000087,0.0,24.90,41.12,50.00,2025-07-15 17:00:41,0.0,17.0,722.0,0.0,,,,//arquivos/in/pokemon_bkp/cd/722/6883f2fed7415-wuk4b-qar7i-cf5a8bd9ccc30b44a69726590919bc02.jpg
https://www.ligapokemon.com.br/?view=cards/search&card=edid=722%20ed=WHT,WHT,38.00,80.00,27.0,Swadloon (#088/086),Swadloon,G,,088,000000000000088,0.0,38.00,66.87,80.00,2025-07-15 17:00:41,0.0,17.0,722.0,0.0,,,,//arquivos/in/pokemon_bkp/cd/722/6883f3007a666-u7q2k-6zo9y-cf5a8bd9ccc30b44a69726590919bc02.jpg
https://www.ligapokemon.com.br/?view=cards/search&card=edid=722%20ed=WHT,WHT,55.00,149.99,28.0,Leavanny (#089/086),Leavanny,G,,089,000000000000089,0.0,55.00,81.20,149.99,2025-07-15 17:00:41,0.0,17.0,722.0,0.0,,,,//arquivos/in/pokemon_bkp/cd/722/6883f30225669-lp2ah-okavj-cf5a8bd9ccc30b44a69726590919bc02.jpg
https://www.ligapokemon.com.br/?view=cards/search&card=edid=722%20ed=WHT,WHT,22.90,39.90,1801.0,Cottonee (#090/086),Cottonee,G,,090,000000000000090,0.0,22.90,31.69,39.90,2025-07-15 17:00:41,0.0,17.0,722.0,0.0,,,,//arquivos/in/pokemon_bkp/cd/722/6883f303b32f7-6olu3-y14qn-cf5a8bd9ccc30b44a69726590919bc02.jpg
https://www.ligapokemon.com.br/?view=cards/search&card=edid=722%20ed=WHT,WHT,55.00,111.90,1803.0,Deerling (#091/086),Deerling,G,,091,000000000000091,0.0,55.00,67.79,111.90,2025-07-15 17:00:42,0.0,17.0,722.0,0.0,,,,//arquivos/in/pokemon_bkp/cd/722/6883f30552d63-7buat-75gi2-cf5a8bd9ccc30b44a69726590919bc02.jpg
https://www.ligapokemon.com.br/?view=cards/search&card=edid=722%20ed=WHT,WHT,41.94,66.00,1804.0,Sawsbuck (#092/086),Sawsbuck,G,,092,000000000000092,0.0,41.94,57.78,66.00,2025-07-15 17:00:42,0.0,17.0,722.0,0.0,,,,//arquivos/in/pokemon_bkp/cd/722/6883f3070db89-bevn1-wq2ph-cf5a8bd9ccc30b44a69726590919bc02.jpg
https://www.ligapokemon.com.br/?view=cards/search&card=edid=722%20ed=WHT,WHT,19.90,54.90,710.0,Shelmet (#093/086),Shelmet,G,,093,000000000000093,0.0,19.90,27.98,54.90,2025-07-15 17:00:42,0.0,17.0,722.0,0.0,,,,//arquivos/in/pokemon_bkp/cd/722/6883f3089da6e-ok0cl-nlm7g-cf5a8bd9ccc30b44a69726590919bc02.jpg
https://www.ligapokemon.com.br/?view=cards/search&card=edid=722%20ed=WHT,WHT,29.99,54.00,711.0,Accelgor (#094/086),Accelgor,G,,094,000000000000094,0.0,29.99,41.27,54.00,2025-07-15 17:00:42,0.0,17.0,722.0,0.0,,,,//arquivos/in/pokemon_bkp/cd/722/6883f30a3cf9a-8qd9h-wcyo6-cf5a8bd9ccc30b44a69726590919bc02.jpg
https://www.ligapokemon.com.br/?view=cards/search&card=edid=722%20ed=WHT,WHT,50.95,75.00,31.0,Virizion (#095/086),Virizion,G,,095,000000000000095,0.0,50.95,62.96,75.00,2025-07-15 17:00:42,0.0,17.0,722.0,0.0,,,,//arquivos/in/pokemon_bkp/cd/722/6883f30bd137c-q84z7-47zfu-cf5a8bd9ccc30b44a69726590919bc02.jpg
https://www.ligapokemon.com.br/?view=cards/search&card=edid=722%20ed=WHT,WHT,79.90,119.90,41.0,Tepig (#096/086),Tepig,R,,096,000000000000096,0.0,79.90,86.99,119.90,2025-07-15 17:00:43,0.0,17.0,722.0,0.0,,,,//arquivos/in/pokemon_bkp/cd/722/6883f30d811c1-etq0v-fxldb-cf5a8bd9ccc30b44a69726590919bc02.jpg
https://www.ligapokemon.com.br/?view=cards/search&card=edid=722%20ed=WHT,WHT,49.90,92.90,42.0,Pignite (#097/086),Pignite,R,,097,000000000000097,0.0,49.90,63.10,92.90,2025-07-15 17:00:43,0.0,17.0,722.0,0.0,,,,//arquivos/in/pokemon_bkp/cd/722/6883f30f1bf3c-9enju-luz87-cf5a8bd9ccc30b44a69726590919bc02.jpg
https://www.ligapokemon.com.br/?view=cards/search&card=edid=722%20ed=WHT,WHT,89.99,199.99,43.0,Emboar (#098/086),Emboar,R,,098,000000000000098,0.0,89.99,127.21,199.99,2025-07-15 17:00:43,0.0,17.0,722.0,0.0,,,,//arquivos/in/pokemon_bkp/cd/722/6883f310b3c54-xu8sl-h6fkx-cf5a8bd9ccc30b44a69726590919bc02.jpg
https://www.ligapokemon.com.br/?view=cards/search&card=edid=722%20ed=WHT,WHT,22.00,64.90,577.0,Pansear (#099/086),Pansear,R,,099,000000000000099,0.0,22.00,33.93,64.90,2025-07-15 17:00:43,0.0,17.0,722.0,0.0,,,,//arquivos/in/pokemon_bkp/cd/722/6883f3125b25b-74vyl-d51of-cf5a8bd9ccc30b44a69726590919bc02.jpg
https://www.ligapokemon.com.br/?view=cards/search&card=edid=722%20ed=WHT,WHT,44.00,64.90,578.0,Simisear (#100/086),Simisear,R,,100,000000000000100,0.0,44.00,51.62,64.90,2025-07-15 17:00:43,0.0,17.0,722.0,0.0,,,,//arquivos/in/pokemon_bkp/cd/722/6883f31417b3b-3ikyx-7ha5t-cf5a8bd9ccc30b44a69726590919bc02.jpg
https://www.ligapokemon.com.br/?view=cards/search&card=edid=722%20ed=WHT,WHT,28.50,69.99,819.0,Litwick (#101/086),Litwick,R,,101,000000000000101,0.0,28.50,53.16,69.99,2025-07-15 17:00:44,0.0,17.0,722.0,0.0,,,,//arquivos/in/pokemon_bkp/cd/722/6883f315acb33-oq0z8-l8vdm-cf5a8bd9ccc30b44a69726590919bc02.jpg
https://www.ligapokemon.com.br/?view=cards/search&card=edid=722%20ed=WHT,WHT,60.00,119.90,820.0,Lampent (#102/086),Lampent,R,,102,000000000000102,0.0,60.00,75.14,119.90,2025-07-15 17:00:44,0.0,17.0,722.0,0.0,,,,//arquivos/in/pokemon_bkp/cd/722/6883f3174b628-nwdg0-y1ha3-cf5a8bd9ccc30b44a69726590919bc02.jpg
https://www.ligapokemon.com.br/?view=cards/search&card=edid=722%20ed=WHT,WHT,129.00,249.99,821.0,Chandelure (#103/086),Chandelure,R,,103,000000000000103,0.0,129.00,164.63,249.99,2025-07-15 17:00:44,0.0,17.0,722.0,0.0,,,,//arquivos/in/pokemon_bkp/cd/722/6883f31909899-08bfr-j67wi-cf5a8bd9ccc30b44a69726590919bc02.jpg
https://www.ligapokemon.com.br/?view=cards/search&card=edid=722%20ed=WHT,WHT,39.75,69.90,713.0,Heatmor (#104/086),Heatmor,R,,104,000000000000104,0.0,39.75,46.14,69.90,2025-07-15 17:00:45,0.0,17.0,722.0,0.0,,,,//arquivos/in/pokemon_bkp/cd/722/6883f31abad6f-bl3z2-627i0-cf5a8bd9ccc30b44a69726590919bc02.jpg
https://www.ligapokemon.com.br/?view=cards/search&card=edid=722%20ed=WHT,WHT,149.00,240.00,52.0,Oshawott (#105/086),Oshawott,W,,105,000000000000105,0.0,149.00,180.09,240.00,2025-07-15 17:00:45,0.0,17.0,722.0,0.0,,,,//arquivos/in/pokemon_bkp/cd/722/6883f31c5fa23-wlqrb-zmra3-cf5a8bd9ccc30b44a69726590919bc02.jpg
https://www.ligapokemon.com.br/?view=cards/search&card=edid=722%20ed=WHT,WHT,78.90,149.99,53.0,Dewott (#106/086),Dewott,W,,106,000000000000106,0.0,78.90,97.74,149.99,2025-07-15 17:00:45,0.0,17.0,722.0,0.0,,,,//arquivos/in/pokemon_bkp/cd/722/6883f31e0ca9e-io5tb-f2b3t-cf5a8bd9ccc30b44a69726590919bc02.jpg
https://www.ligapokemon.com.br/?view=cards/search&card=edid=722%20ed=WHT,WHT,149.90,199.99,54.0,Samurott (#107/086),Samurott,W,,107,000000000000107,0.0,149.90,166.60,199.99,2025-07-15 17:00:45,0.0,17.0,722.0,0.0,,,,//arquivos/in/pokemon_bkp/cd/722/6883f31f9d8fb-rt5f9-zfq0y-cf5a8bd9ccc30b44a69726590919bc02.jpg
https://www.ligapokemon.com.br/?view=cards/search&card=edid=722%20ed=WHT,WHT,29.50,67.50,1416.0,Basculin (#108/086),Basculin,W,,108,000000000000108,0.0,29.50,44.50,67.50,2025-07-15 17:00:45,0.0,17.0,722.0,0.0,,,,//arquivos/in/pokemon_bkp/cd/722/6883f32183b58-bajrn-txfu1-cf5a8bd9ccc30b44a69726590919bc02.jpg
https://www.ligapokemon.com.br/?view=cards/search&card=edid=722%20ed=WHT,WHT,34.90,79.95,719.0,Ducklett (#109/086),Ducklett,W,,109,000000000000109,0.0,34.90,59.69,79.95,2025-07-15 17:00:45,0.0,17.0,722.0,0.0,,,,//arquivos/in/pokemon_bkp/cd/722/6883f323261be-s2fa8-gt6lz-cf5a8bd9ccc30b44a69726590919bc02.jpg
https://www.ligapokemon.com.br/?view=cards/search&card=edid=722%20ed=WHT,WHT,46.00,65.00,720.0,Swanna (#110/086),Swanna,W,,110,000000000000110,0.0,46.00,55.05,65.00,2025-07-15 17:00:45,0.0,17.0,722.0,0.0,,,,//arquivos/in/pokemon_bkp/cd/722/6883f324e5a73-jbnwy-n9zu5-cf5a8bd9ccc30b44a69726590919bc02.jpg
https://www.ligapokemon.com.br/?view=cards/search&card=edid=722%20ed=WHT,WHT,23.90,49.95,717.0,Vanillite (#111/086),Vanillite,W,,111,000000000000111,0.0,23.90,32.47,49.95,2025-07-15 17:00:46,0.0,17.0,722.0,0.0,,,,//arquivos/in/pokemon_bkp/cd/722/6883f326a7b0d-bshw3-rj07x-cf5a8bd9ccc30b44a69726590919bc02.jpg
https://www.ligapokemon.com.br/?view=cards/search&card=edid=722%20ed=WHT,WHT,53.00,74.90,718.0,Vanillish (#112/086),Vanillish,W,,112,000000000000112,0.0,53.00,64.31,74.90,2025-07-15 17:00:46,0.0,17.0,722.0,0.0,,,,//arquivos/in/pokemon_bkp/cd/722/6883f3285fdc6-zmw8q-i9gdy-cf5a8bd9ccc30b44a69726590919bc02.jpg
https://www.ligapokemon.com.br/?view=cards/search&card=edid=722%20ed=WHT,WHT,59.50,65.99,812.0,Vanilluxe (#113/086),Vanilluxe,W,,113,000000000000113,0.0,59.50,62.62,65.99,2025-07-15 17:00:46,0.0,17.0,722.0,0.0,,,,//arquivos/in/pokemon_bkp/cd/722/6883f32a16bef-cjaxo-o6245-cf5a8bd9ccc30b44a69726590919bc02.jpg
https://www.ligapokemon.com.br/?view=cards/search&card=edid=722%20ed=WHT,WHT,22.39,47.95,245.0,Blitzle (#114/086),Blitzle,L,,114,000000000000114,0.0,22.39,33.78,47.95,2025-07-15 17:00:47,0.0,17.0,722.0,0.0,,,,//arquivos/in/pokemon_bkp/cd/722/6883f32bb6766-g87zk-3etx7-cf5a8bd9ccc30b44a69726590919bc02.jpg
https://www.ligapokemon.com.br/?view=cards/search&card=edid=722%20ed=WHT,WHT,44.98,119.99,816.0,Zebstrika (#115/086),Zebstrika,L,,115,000000000000115,0.0,44.98,79.13,119.99,2025-07-15 17:00:47,0.0,17.0,722.0,0.0,,,,//arquivos/in/pokemon_bkp/cd/722/6883f32d6e321-7l1ku-5spuv-cf5a8bd9ccc30b44a69726590919bc02.jpg
https://www.ligapokemon.com.br/?view=cards/search&card=edid=722%20ed=WHT,WHT,20.90,109.90,722.0,Joltik (#116/086),Joltik,L,,116,000000000000116,0.0,20.90,34.76,109.90,2025-07-15 17:00:47,0.0,17.0,722.0,0.0,,,,//arquivos/in/pokemon_bkp/cd/722/6883f32f05a70-u519i-xy705-cf5a8bd9ccc30b44a69726590919bc02.jpg
https://www.ligapokemon.com.br/?view=cards/search&card=edid=722%20ed=WHT,WHT,48.80,70.00,723.0,Galvantula (#117/086),Galvantula,L,,117,000000000000117,0.0,48.80,52.95,70.00,2025-07-15 17:00:47,0.0,17.0,722.0,0.0,,,,//arquivos/in/pokemon_bkp/cd/722/6883f330a8fba-0zeug-twgd0-cf5a8bd9ccc30b44a69726590919bc02.jpg
https://www.ligapokemon.com.br/?view=cards/search&card=edid=722%20ed=WHT,WHT,17.90,64.99,95.0,Stunfisk (#118/086),Stunfisk,L,,118,000000000000118,0.0,17.90,34.03,64.99,2025-07-15 17:00:47,0.0,17.0,722.0,0.0,,,,//arquivos/in/pokemon_bkp/cd/722/6883f33246510-xjhti-kvd6u-cf5a8bd9ccc30b44a69726590919bc02.jpg
https://www.ligapokemon.com.br/?view=cards/search&card=edid=722%20ed=WHT,WHT,29.50,79.90,78.0,Woobat (#119/086),Woobat,P,,119,000000000000119,0.0,29.50,45.71,79.90,2025-07-15 17:00:47,0.0,17.0,722.0,0.0,,,,//arquivos/in/pokemon_bkp/cd/722/6883f33403ef6-mh174-2rtz8-cf5a8bd9ccc30b44a69726590919bc02.jpg
https://www.ligapokemon.com.br/?view=cards/search&card=edid=722%20ed=WHT,WHT,35.90,79.90,79.0,Swoobat (#120/086),Swoobat,P,,120,000000000000120,0.0,35.90,60.34,79.90,2025-07-15 17:00:47,0.0,17.0,722.0,0.0,,,,//arquivos/in/pokemon_bkp/cd/722/6883f335c2087-h5vo4-fwa01-cf5a8bd9ccc30b44a69726590919bc02.jpg
https://www.ligapokemon.com.br/?view=cards/search&card=edid=722%20ed=WHT,WHT,20.00,74.90,80.0,Sigilyph (#121/086),Sigilyph,P,,121,000000000000121,0.0,20.00,30.64,74.90,2025-07-15 17:00:48,0.0,17.0,722.0,0.0,,,,//arquivos/in/pokemon_bkp/cd/722/6883f33788755-ndwi7-djm85-cf5a8bd9ccc30b44a69726590919bc02.jpg
https://www.ligapokemon.com.br/?view=cards/search&card=edid=722%20ed=WHT,WHT,28.80,60.00,727.0,Yamask (#122/086),Yamask,P,,122,000000000000122,0.0,28.80,42.14,60.00,2025-07-15 17:00:48,0.0,17.0,722.0,0.0,,,,//arquivos/in/pokemon_bkp/cd/722/6883f3392b0f1-wpd0a-0e6hd-cf5a8bd9ccc30b44a69726590919bc02.jpg
https://www.ligapokemon.com.br/?view=cards/search&card=edid=722%20ed=WHT,WHT,52.50,170.00,728.0,Cofagrigus (#123/086),Cofagrigus,P,,123,000000000000123,0.0,52.50,118.03,170.00,2025-07-15 17:00:48,0.0,17.0,722.0,0.0,,,,//arquivos/in/pokemon_bkp/cd/722/6883f33ae5340-edupg-schzg-cf5a8bd9ccc30b44a69726590919bc02.jpg
https://www.ligapokemon.com.br/?view=cards/search&card=edid=722%20ed=WHT,WHT,36.90,84.90,83.0,Gothita (#124/086),Gothita,P,,124,000000000000124,0.0,36.90,65.49,84.90,2025-07-15 17:00:49,0.0,17.0,722.0,0.0,,,,//arquivos/in/pokemon_bkp/cd/722/6883f33c8efc1-z0vse-ec4mo-cf5a8bd9ccc30b44a69726590919bc02.jpg
https://www.ligapokemon.com.br/?view=cards/search&card=edid=722%20ed=WHT,WHT,55.00,85.00,84.0,Gothorita (#125/086),Gothorita,P,,125,000000000000125,0.0,55.00,69.16,85.00,2025-07-15 17:00:49,0.0,17.0,722.0,0.0,,,,//arquivos/in/pokemon_bkp/cd/722/6883f33e4bacf-s0jpm-fxkw0-cf5a8bd9ccc30b44a69726590919bc02.jpg
https://www.ligapokemon.com.br/?view=cards/search&card=edid=722%20ed=WHT,WHT,67.00,119.99,813.0,Frillish (#126/086),Frillish,P,,126,000000000000126,0.0,67.00,96.60,119.99,2025-07-15 17:00:49,0.0,17.0,722.0,0.0,,,,//arquivos/in/pokemon_bkp/cd/722/6883f33fead6c-lyfj2-ix6cq-cf5a8bd9ccc30b44a69726590919bc02.jpg
https://www.ligapokemon.com.br/?view=cards/search&card=edid=722%20ed=WHT,WHT,23.90,64.90,1164.0,Roggenrola (#127/086),Roggenrola,F,,127,000000000000127,0.0,23.90,51.87,64.90,2025-07-15 17:00:49,0.0,17.0,722.0,0.0,,,,//arquivos/in/pokemon_bkp/cd/722/6883f341d582f-693vr-e16f7-cf5a8bd9ccc30b44a69726590919bc02.jpg
https://www.ligapokemon.com.br/?view=cards/search&card=edid=722%20ed=WHT,WHT,34.50,69.90,1165.0,Boldore (#128/086),Boldore,F,,128,000000000000128,0.0,34.50,46.71,69.90,2025-07-15 17:00:49,0.0,17.0,722.0,0.0,,,,//arquivos/in/pokemon_bkp/cd/722/6883f34377fa6-962lo-v90y2-cf5a8bd9ccc30b44a69726590919bc02.jpg
https://www.ligapokemon.com.br/?view=cards/search&card=edid=722%20ed=WHT,WHT,38.44,109.90,822.0,Gigalith (#129/086),Gigalith,F,,129,000000000000129,0.0,38.44,53.28,109.90,2025-07-15 17:00:49,0.0,17.0,722.0,0.0,,,,//arquivos/in/pokemon_bkp/cd/722/6883f345386ca-wy234-gbesp-cf5a8bd9ccc30b44a69726590919bc02.jpg
https://www.ligapokemon.com.br/?view=cards/search&card=edid=722%20ed=WHT,WHT,39.90,70.00,1453.0,Sawk (#130/086),Sawk,F,,130,000000000000130,0.0,39.90,55.43,70.00,2025-07-15 17:00:49,0.0,17.0,722.0,0.0,,,,//arquivos/in/pokemon_bkp/cd/722/6883f346e6184-34eif-escpr-cf5a8bd9ccc30b44a69726590919bc02.jpg
https://www.ligapokemon.com.br/?view=cards/search&card=edid=722%20ed=WHT,WHT,16.98,49.90,823.0,Archen (#131/086),Archen,F,,131,000000000000131,0.0,16.98,33.81,49.90,2025-07-15 17:00:50,0.0,17.0,722.0,0.0,,,,//arquivos/in/pokemon_bkp/cd/722/6883f3488ec85-f39va-6rlhj-cf5a8bd9ccc30b44a69726590919bc02.jpg
https://www.ligapokemon.com.br/?view=cards/search&card=edid=722%20ed=WHT,WHT,35.00,74.90,751.0,Archeops (#132/086),Archeops,F,,132,000000000000132,0.0,35.00,54.98,74.90,2025-07-15 17:00:50,0.0,17.0,722.0,0.0,,,,//arquivos/in/pokemon_bkp/cd/722/6883f34a4b688-ibyqx-b54kl-cf5a8bd9ccc30b44a69726590919bc02.jpg
https://www.ligapokemon.com.br/?view=cards/search&card=edid=722%20ed=WHT,WHT,25.00,73.90,824.0,Mienfoo (#133/086),Mienfoo,F,,133,000000000000133,0.0,25.00,51.95,73.90,2025-07-15 17:00:50,0.0,17.0,722.0,0.0,,,,//arquivos/in/pokemon_bkp/cd/722/6883f34c1f5e5-xpiqy-z63fu-cf5a8bd9ccc30b44a69726590919bc02.jpg
https://www.ligapokemon.com.br/?view=cards/search&card=edid=722%20ed=WHT,WHT,39.99,69.90,825.0,Mienshao (#134/086),Mienshao,F,,134,000000000000134,0.0,39.99,45.21,69.90,2025-07-15 17:00:50,0.0,17.0,722.0,0.0,,,,//arquivos/in/pokemon_bkp/cd/722/6883f34dc73e9-co1zr-ei5xm-cf5a8bd9ccc30b44a69726590919bc02.jpg
https://www.ligapokemon.com.br/?view=cards/search&card=edid=722%20ed=WHT,WHT,57.90,99.90,96.0,Terrakion (#135/086),Terrakion,F,,135,000000000000135,0.0,57.90,67.52,99.90,2025-07-15 17:00:50,0.0,17.0,722.0,0.0,,,,//arquivos/in/pokemon_bkp/cd/722/6883f34f69b89-qvbk6-1gphx-cf5a8bd9ccc30b44a69726590919bc02.jpg
https://www.ligapokemon.com.br/?view=cards/search&card=edid=722%20ed=WHT,WHT,24.90,79.99,126.0,Purrloin (#136/086),Purrloin,D,,136,000000000000136,0.0,24.90,38.69,79.99,2025-07-15 17:00:51,0.0,17.0,722.0,0.0,,,,//arquivos/in/pokemon_bkp/cd/722/6883f3512e750-5p01m-79lb4-cf5a8bd9ccc30b44a69726590919bc02.jpg
https://www.ligapokemon.com.br/?view=cards/search&card=edid=722%20ed=WHT,WHT,89.90,89.90,1166.0,Liepard (#137/086),Liepard,D,,137,000000000000137,0.0,89.90,89.90,89.90,2025-07-15 17:00:51,0.0,17.0,722.0,0.0,,,,//arquivos/in/pokemon_bkp/cd/722/6883f352c5c69-f6ec7-hynw5-cf5a8bd9ccc30b44a69726590919bc02.jpg
https://www.ligapokemon.com.br/?view=cards/search&card=edid=722%20ed=WHT,WHT,30.00,59.90,732.0,Scraggy (#138/086),Scraggy,D,,138,000000000000138,0.0,30.00,49.82,59.90,2025-07-15 17:00:51,0.0,17.0,722.0,0.0,,,,//arquivos/in/pokemon_bkp/cd/722/6883f354a073c-emld3-hw7q5-cf5a8bd9ccc30b44a69726590919bc02.jpg
https://www.ligapokemon.com.br/?view=cards/search&card=edid=722%20ed=WHT,WHT,34.99,49.90,733.0,Scrafty (#139/086),Scrafty,D,,139,000000000000139,0.0,34.99,44.12,49.90,2025-07-15 17:00:51,0.0,17.0,722.0,0.0,,,,//arquivos/in/pokemon_bkp/cd/722/6883f3564fef5-13vec-9u4dc-cf5a8bd9ccc30b44a69726590919bc02.jpg
https://www.ligapokemon.com.br/?view=cards/search&card=edid=722%20ed=WHT,WHT,24.90,69.90,81.0,Trubbish (#140/086),Trubbish,D,,140,000000000000140,0.0,24.90,39.09,69.90,2025-07-15 17:00:51,0.0,17.0,722.0,0.0,,,,//arquivos/in/pokemon_bkp/cd/722/6883f357dea78-zn1lh-tyek7-cf5a8bd9ccc30b44a69726590919bc02.jpg
https://www.ligapokemon.com.br/?view=cards/search&card=edid=722%20ed=WHT,WHT,32.97,39.50,82.0,Garbodor (#141/086),Garbodor,D,,141,000000000000141,0.0,32.97,35.85,39.50,2025-07-15 17:00:52,0.0,17.0,722.0,0.0,,,,//arquivos/in/pokemon_bkp/cd/722/6883f359aa078-few18-1buyr-cf5a8bd9ccc30b44a69726590919bc02.jpg
https://www.ligapokemon.com.br/?view=cards/search&card=edid=722%20ed=WHT,WHT,67.99,249.90,100.0,Zorua (#142/086),Zorua,D,,142,000000000000142,0.0,67.99,142.93,249.90,2025-07-15 17:00:52,0.0,17.0,722.0,0.0,,,,//arquivos/in/pokemon_bkp/cd/722/6883f35b657b8-gbi50-jogtf-cf5a8bd9ccc30b44a69726590919bc02.jpg
https://www.ligapokemon.com.br/?view=cards/search&card=edid=722%20ed=WHT,WHT,189.90,231.00,101.0,Zoroark (#143/086),Zoroark,D,,143,000000000000143,0.0,189.90,214.48,231.00,2025-07-15 17:00:52,1.0,17.0,722.0,0.0,,,,//arquivos/in/pokemon_bkp/cd/722/6883f35d08d33-ny60r-xrtif-cf5a8bd9ccc30b44a69726590919bc02.jpg
https://www.ligapokemon.com.br/?view=cards/search&card=edid=722%20ed=WHT,WHT,19.90,54.00,734.0,Vullaby (#144/086),Vullaby,D,,144,000000000000144,0.0,19.90,33.19,54.00,2025-07-15 17:00:52,0.0,17.0,722.0,0.0,,,,//arquivos/in/pokemon_bkp/cd/722/6883f35ec10f6-k63pb-k4oil-cf5a8bd9ccc30b44a69726590919bc02.jpg
https://www.ligapokemon.com.br/?view=cards/search&card=edid=722%20ed=WHT,WHT,40.00,62.00,1805.0,Mandibuzz (#145/086),Mandibuzz,D,,145,000000000000145,0.0,40.00,53.08,62.00,2025-07-15 17:00:52,0.0,17.0,722.0,0.0,,,,//arquivos/in/pokemon_bkp/cd/722/6883f3606c32a-k126e-hvuxp-cf5a8bd9ccc30b44a69726590919bc02.jpg
https://www.ligapokemon.com.br/?view=cards/search&card=edid=722%20ed=WHT,WHT,39.99,69.80,105.0,Deino (#146/086),Deino,D,,146,000000000000146,0.0,39.99,47.05,69.80,2025-07-15 17:00:52,1.0,17.0,722.0,0.0,,,,//arquivos/in/pokemon_bkp/cd/722/6883f36214812-cixum-p3btq-cf5a8bd9ccc30b44a69726590919bc02.jpg
https://www.ligapokemon.com.br/?view=cards/search&card=edid=722%20ed=WHT,WHT,44.90,89.99,106.0,Zweilous (#147/086),Zweilous,D,,147,000000000000147,0.0,44.90,53.57,89.99,2025-07-15 17:00:52,0.0,17.0,722.0,0.0,,,,//arquivos/in/pokemon_bkp/cd/722/6883f363c4814-hfz8b-y0k6w-cf5a8bd9ccc30b44a69726590919bc02.jpg
https://www.ligapokemon.com.br/?view=cards/search&card=edid=722%20ed=WHT,WHT,17.75,64.90,1420.0,Ferroseed (#148/086),Ferroseed,M,,148,000000000000148,0.0,17.75,37.78,64.90,2025-07-15 17:00:53,0.0,17.0,722.0,0.0,,,,//arquivos/in/pokemon_bkp/cd/722/6883f36563bdd-luh7d-nuj3d-cf5a8bd9ccc30b44a69726590919bc02.jpg
https://www.ligapokemon.com.br/?view=cards/search&card=edid=722%20ed=WHT,WHT,34.50,69.90,1806.0,Ferrothorn (#149/086),Ferrothorn,M,,149,000000000000149,0.0,34.50,44.82,69.90,2025-07-15 17:00:53,0.0,17.0,722.0,0.0,,,,//arquivos/in/pokemon_bkp/cd/722/6883f36705889-tdovh-ucgk7-cf5a8bd9ccc30b44a69726590919bc02.jpg
https://www.ligapokemon.com.br/?view=cards/search&card=edid=722%20ed=WHT,WHT,19.99,74.90,828.0,Durant (#150/086),Durant,M,,150,000000000000150,0.0,19.99,42.83,74.90,2025-07-15 17:00:53,0.0,17.0,722.0,0.0,,,,//arquivos/in/pokemon_bkp/cd/722/6883f36896f3f-xfabk-ejvmf-cf5a8bd9ccc30b44a69726590919bc02.jpg
https://www.ligapokemon.com.br/?view=cards/search&card=edid=722%20ed=WHT,WHT,69.90,119.99,114.0,Druddigon (#151/086),Druddigon,O,,151,000000000000151,0.0,69.90,82.03,119.99,2025-07-15 17:00:54,0.0,17.0,722.0,0.0,,,,//arquivos/in/pokemon_bkp/cd/722/6883f36a4d321-0tn6a-r3moi-cf5a8bd9ccc30b44a69726590919bc02.jpg
https://www.ligapokemon.com.br/?view=cards/search&card=edid=722%20ed=WHT,WHT,21.71,69.90,1662.0,Patrat (#152/086),Patrat,C,,152,000000000000152,0.0,21.71,45.62,69.90,2025-07-15 17:00:54,0.0,17.0,722.0,0.0,,,,//arquivos/in/pokemon_bkp/cd/722/6883f36c212ef-ehxbu-2pafz-cf5a8bd9ccc30b44a69726590919bc02.jpg
https://www.ligapokemon.com.br/?view=cards/search&card=edid=722%20ed=WHT,WHT,40.00,89.90,1663.0,Watchog (#153/086),Watchog,C,,153,000000000000153,0.0,40.00,53.49,89.90,2025-07-15 17:00:54,0.0,17.0,722.0,0.0,,,,//arquivos/in/pokemon_bkp/cd/722/6883f36db8d70-6g5uq-zemnv-cf5a8bd9ccc30b44a69726590919bc02.jpg
https://www.ligapokemon.com.br/?view=cards/search&card=edid=722%20ed=WHT,WHT,34.90,79.90,627.0,Lillipup (#154/086),Lillipup,C,,154,000000000000154,0.0,34.90,62.83,79.90,2025-07-15 17:00:54,0.0,17.0,722.0,0.0,,,,//arquivos/in/pokemon_bkp/cd/722/6883f36f7c119-hb8n4-i9x5c-cf5a8bd9ccc30b44a69726590919bc02.jpg
https://www.ligapokemon.com.br/?view=cards/search&card=edid=722%20ed=WHT,WHT,48.00,99.00,628.0,Herdier (#155/086),Herdier,C,,155,000000000000155,0.0,48.00,57.38,99.00,2025-07-15 17:00:54,0.0,17.0,722.0,0.0,,,,//arquivos/in/pokemon_bkp/cd/722/6883f3711a19f-di7qs-5a1ku-cf5a8bd9ccc30b44a69726590919bc02.jpg
https://www.ligapokemon.com.br/?view=cards/search&card=edid=722%20ed=WHT,WHT,33.00,66.00,629.0,Stoutland (#156/086),Stoutland,C,,156,000000000000156,0.0,33.00,49.00,66.00,2025-07-15 17:00:54,0.0,17.0,722.0,0.0,,,,//arquivos/in/pokemon_bkp/cd/722/6883f372aae39-6xfqd-yd7l1-cf5a8bd9ccc30b44a69726590919bc02.jpg
https://www.ligapokemon.com.br/?view=cards/search&card=edid=722%20ed=WHT,WHT,6.90,49.90,7804.0,Whimsicott ex (#157/086),Whimsicott ex,G,,157,000000000000157,0.0,6.90,10.66,49.90,2025-07-15 17:00:54,0.0,7.0,722.0,0.0,,,,//arquivos/in/pokemon_bkp/cd/722/6883f374498cc-t975k-iefag-cf5a8bd9ccc30b44a69726590919bc02.jpg
https://www.ligapokemon.com.br/?view=cards/search&card=edid=722%20ed=WHT,WHT,12.00,75.00,7212.0,Reshiram ex (#158/086),Reshiram ex,R,,158,000000000000158,0.0,12.00,25.22,75.00,2025-07-15 17:00:55,1.0,7.0,722.0,0.0,,,,//arquivos/in/pokemon_bkp/cd/722/6883f375decd6-o6049-l8qmj-cf5a8bd9ccc30b44a69726590919bc02.jpg
https://www.ligapokemon.com.br/?view=cards/search&card=edid=722%20ed=WHT,WHT,4.23,64.00,7805.0,Keldeo ex (#159/086),Keldeo ex,W,,159,000000000000159,0.0,4.23,18.57,64.00,2025-07-15 17:00:55,0.0,7.0,722.0,0.0,,,,//arquivos/in/pokemon_bkp/cd/722/6883f3779bbf5-lgrq8-zk079-cf5a8bd9ccc30b44a69726590919bc02.jpg
https://www.ligapokemon.com.br/?view=cards/search&card=edid=722%20ed=WHT,WHT,11.61,99.99,7806.0,Jellicent ex (#160/086),Jellicent ex,P,,160,000000000000160,0.0,11.61,23.47,99.99,2025-07-15 17:00:55,0.0,7.0,722.0,0.0,,,,//arquivos/in/pokemon_bkp/cd/722/6883f37944dd6-bx63o-h0iyt-cf5a8bd9ccc30b44a69726590919bc02.jpg
https://www.ligapokemon.com.br/?view=cards/search&card=edid=722%20ed=WHT,WHT,7.00,69.90,7172.0,Hydreigon ex (#161/086),Hydreigon ex,D,,161,000000000000161,0.0,7.00,17.82,69.90,2025-07-15 17:00:56,0.0,7.0,722.0,0.0,,,,//arquivos/in/pokemon_bkp/cd/722/6883f37ae7945-kaw6x-l40ix-cf5a8bd9ccc30b44a69726590919bc02.jpg
https://www.ligapokemon.com.br/?view=cards/search&card=edid=722%20ed=WHT,WHT,5.99,63.00,7807.0,Bouffalant ex (#162/086),Bouffalant ex,C,,162,000000000000162,0.0,5.99,14.50,63.00,2025-07-15 17:00:56,0.0,7.0,722.0,0.0,,,,//arquivos/in/pokemon_bkp/cd/722/6883f37c97d07-z65kv-q5o90-cf5a8bd9ccc30b44a69726590919bc02.jpg
https://www.ligapokemon.com.br/?view=cards/search&card=edid=722%20ed=WHT,WHT,11.90,84.90,7810.0,Harlequin (#163/086),Arlequim,C,,163,000000000000163,0.0,11.90,19.72,84.90,2025-07-15 17:00:56,0.0,7.0,722.0,0.0,,,,//arquivos/in/pokemon_bkp/cd/722/6883f37e529aa-txbk8-gqcvs-cf5a8bd9ccc30b44a69726590919bc02.jpg
https://www.ligapokemon.com.br/?view=cards/search&card=edid=722%20ed=WHT,WHT,75.00,129.99,7811.0,Hilda (#164/086),Hilda,C,,164,000000000000164,0.0,75.00,101.32,129.99,2025-07-15 17:00:56,0.0,7.0,722.0,0.0,,,,//arquivos/in/pokemon_bkp/cd/722/6883f37feeb43-vyah8-4morz-cf5a8bd9ccc30b44a69726590919bc02.jpg
https://www.ligapokemon.com.br/?view=cards/search&card=edid=722%20ed=WHT,WHT,89.00,249.90,7804.0,Whimsicott ex (#165/086),Whimsicott ex,G,,165,000000000000165,0.0,89.00,107.59,249.90,2025-07-15 17:00:56,0.0,18.0,722.0,0.0,,,,//arquivos/in/pokemon_bkp/cd/722/6883f381a5b5c-yihw7-40mn1-cf5a8bd9ccc30b44a69726590919bc02.jpg
https://www.ligapokemon.com.br/?view=cards/search&card=edid=722%20ed=WHT,WHT,398.50,1399.90,7212.0,Reshiram ex (#166/086),Reshiram ex,R,,166,000000000000166,0.0,398.50,626.11,1399.90,2025-07-15 17:00:57,2.0,18.0,722.0,0.0,,,,//arquivos/in/pokemon_bkp/cd/722/6883f383451da-mwfy2-p23ge-cf5a8bd9ccc30b44a69726590919bc02.jpg
https://www.ligapokemon.com.br/?view=cards/search&card=edid=722%20ed=WHT,WHT,180.00,599.90,7805.0,Keldeo ex (#167/086),Keldeo ex,W,,167,000000000000167,0.0,180.00,286.36,599.90,2025-07-15 17:00:57,0.0,18.0,722.0,0.0,,,,//arquivos/in/pokemon_bkp/cd/722/6883f38514dd7-cf1b8-2y1xm-cf5a8bd9ccc30b44a69726590919bc02.jpg
https://www.ligapokemon.com.br/?view=cards/search&card=edid=722%20ed=WHT,WHT,175.00,349.90,7806.0,Jellicent ex (#168/086),Jellicent ex,P,,168,000000000000168,0.0,175.00,228.72,349.90,2025-07-15 17:00:57,0.0,18.0,722.0,0.0,,,,//arquivos/in/pokemon_bkp/cd/722/6883f386dfa9a-c0kd2-ibng6-cf5a8bd9ccc30b44a69726590919bc02.jpg
https://www.ligapokemon.com.br/?view=cards/search&card=edid=722%20ed=WHT,WHT,194.90,590.00,7172.0,Hydreigon ex (#169/086),Hydreigon ex,D,,169,000000000000169,0.0,194.90,255.05,590.00,2025-07-15 17:00:57,0.0,18.0,722.0,0.0,,,,//arquivos/in/pokemon_bkp/cd/722/6883f388a2ae9-vfx6i-3m5ra-cf5a8bd9ccc30b44a69726590919bc02.jpg
https://www.ligapokemon.com.br/?view=cards/search&card=edid=722%20ed=WHT,WHT,95.00,399.90,7807.0,Bouffalant ex (#170/086),Bouffalant ex,C,,170,000000000000170,0.0,95.00,132.94,399.90,2025-07-15 17:00:57,0.0,18.0,722.0,0.0,,,,//arquivos/in/pokemon_bkp/cd/722/6883f38a6b06d-tya1j-k4j2d-cf5a8bd9ccc30b44a69726590919bc02.jpg
https://www.ligapokemon.com.br/?view=cards/search&card=edid=722%20ed=WHT,WHT,274.90,790.00,7811.0,Hilda (#171/086),Hilda,C,,171,000000000000171,0.0,274.90,398.03,790.00,2025-07-15 17:00:58,0.0,18.0,722.0,0.0,,,,//arquivos/in/pokemon_bkp/cd/722/6883f38c22113-35dtv-o71xs-cf5a8bd9ccc30b44a69726590919bc02.jpg
https://www.ligapokemon.com.br/?view=cards/search&card=edid=722%20ed=WHT,WHT,1299.75,2500.00,39.0,Victini (#172/086),Victini,R,,172,000000000000172,0.0,1299.75,1558.06,2500.00,2025-07-15 17:00:59,5.0,15.0,722.0,0.0,,,,//arquivos/in/pokemon_bkp/cd/722/6883f38e0e2f5-nz17a-pbi5g-cf5a8bd9ccc30b44a69726590919bc02.jpg
https://www.ligapokemon.com.br/?view=cards/search&card=edid=722%20ed=WHT,WHT,799.90,2399.00,7212.0,Reshiram ex (#173/086),Reshiram ex,R,,173,000000000000173,0.0,799.90,1070.83,2399.00,2025-07-15 17:00:59,0.0,15.0,722.0,0.0,,,,//arquivos/in/pokemon_bkp/cd/722/6883f38f99bcd-o1ijr-bmldv-cf5a8bd9ccc30b44a69726590919bc02.jpg
https://www.ligapokemon.com.br/?view=cards/search&card=edid=721%20ed=BLK,BLK,0.14,72.00,23.0,Snivy (#001/086),Snivy,G,,001,000000000000001,0.0,0.14,6.92,72.00,2025-07-15 16:57:05,0.0,1.0,721.0,0.0,,,,//arquivos/in/pokemon_bkp/cd/721/6883ece61468f-xcvow-slkzr-242a5d9ed087f4675088b8cf56037edf.jpg
https://www.ligapokemon.com.br/?view=cards/search&card=edid=721%20ed=BLK,BLK,0.14,69.90,24.0,Servine (#002/086),Servine,G,,002,000000000000002,0.0,0.14,8.46,69.90,2025-07-15 16:57:06,0.0,1.0,721.0,0.0,,,,//arquivos/in/pokemon_bkp/cd/721/6883ece7ebe1e-t84wv-8tbo5-242a5d9ed087f4675088b8cf56037edf.jpg
https://www.ligapokemon.com.br/?view=cards/search&card=edid=721%20ed=BLK,BLK,3.50,29.90,7813.0,Serperior ex (#003/086),Serperior ex,G,,003,000000000000003,0.0,3.50,9.00,29.90,2025-07-15 16:57:06,0.0,20.0,721.0,0.0,,,,//arquivos/in/pokemon_bkp/cd/721/6883ece9bb4b4-1iqup-l0kqs-242a5d9ed087f4675088b8cf56037edf.jpg
https://www.ligapokemon.com.br/?view=cards/search&card=edid=721%20ed=BLK,BLK,0.14,24.90,567.0,Pansage (#004/086),Pansage,G,,004,000000000000004,0.0,0.14,5.93,24.90,2025-07-15 16:57:06,0.0,1.0,721.0,0.0,,,,//arquivos/in/pokemon_bkp/cd/721/6883eceb7d48f-t6y12-irxkb-242a5d9ed087f4675088b8cf56037edf.jpg
https://www.ligapokemon.com.br/?view=cards/search&card=edid=721%20ed=BLK,BLK,0.13,26.90,568.0,Simisage (#005/086),Simisage,G,,005,000000000000005,0.0,0.13,7.11,26.90,2025-07-15 16:57:06,0.0,2.0,721.0,0.0,,,,//arquivos/in/pokemon_bkp/cd/721/6883eced372ad-yvnei-lk7ph-242a5d9ed087f4675088b8cf56037edf.jpg
https://www.ligapokemon.com.br/?view=cards/search&card=edid=721%20ed=BLK,BLK,0.10,49.90,806.0,Petilil (#006/086),Petilil,G,,006,000000000000006,0.0,0.10,9.91,49.90,2025-07-15 16:57:06,0.0,1.0,721.0,0.0,,,,//arquivos/in/pokemon_bkp/cd/721/6883eceef0ef8-50i7e-gxpi0-242a5d9ed087f4675088b8cf56037edf.jpg
https://www.ligapokemon.com.br/?view=cards/search&card=edid=721%20ed=BLK,BLK,0.15,41.63,807.0,Lilligant (#007/086),Lilligant,G,,007,000000000000007,0.0,0.15,13.71,41.63,2025-07-15 16:57:06,0.0,2.0,721.0,0.0,,,,//arquivos/in/pokemon_bkp/cd/721/6883ecf0f09c9-6u29t-e3u2b-242a5d9ed087f4675088b8cf56037edf.jpg
https://www.ligapokemon.com.br/?view=cards/search&card=edid=721%20ed=BLK,BLK,0.14,129.90,243.0,Maractus (#008/086),Maractus,G,,008,000000000000008,0.0,0.14,7.44,129.90,2025-07-15 16:57:07,0.0,1.0,721.0,0.0,,,,//arquivos/in/pokemon_bkp/cd/721/6883ecf2b2eb1-upmxf-ylbon-242a5d9ed087f4675088b8cf56037edf.jpg
https://www.ligapokemon.com.br/?view=cards/search&card=edid=721%20ed=BLK,BLK,0.14,30.80,709.0,Karrablast (#009/086),Karrablast,G,,009,000000000000009,0.0,0.14,10.68,30.80,2025-07-15 16:57:07,0.0,1.0,721.0,0.0,,,,//arquivos/in/pokemon_bkp/cd/721/6883ecf46afde-z97y6-k2r4p-242a5d9ed087f4675088b8cf56037edf.jpg
https://www.ligapokemon.com.br/?view=cards/search&card=edid=721%20ed=BLK,BLK,0.14,29.90,808.0,Foongus (#010/086),Foongus,G,,010,000000000000010,0.0,0.14,8.49,29.90,2025-07-15 16:57:07,0.0,1.0,721.0,0.0,,,,//arquivos/in/pokemon_bkp/cd/721/6883ecf62900e-4cqzt-j9lxg-242a5d9ed087f4675088b8cf56037edf.jpg
https://www.ligapokemon.com.br/?view=cards/search&card=edid=721%20ed=BLK,BLK,0.14,39.90,809.0,Amoonguss (#011/086),Amoonguss,G,,011,000000000000011,0.0,0.14,7.24,39.90,2025-07-15 16:57:08,0.0,2.0,721.0,0.0,,,,//arquivos/in/pokemon_bkp/cd/721/6883ecf7e0205-xt0yg-m15lh-242a5d9ed087f4675088b8cf56037edf.jpg
https://www.ligapokemon.com.br/?view=cards/search&card=edid=721%20ed=BLK,BLK,0.34,99.90,39.0,Victini (#012/086),Victini,R,,012,000000000000012,0.0,0.34,10.97,99.90,2025-07-15 16:57:08,0.0,3.0,721.0,0.0,,,,//arquivos/in/pokemon_bkp/cd/721/6883ecf9a6f26-2r6vm-ae03t-242a5d9ed087f4675088b8cf56037edf.jpg
https://www.ligapokemon.com.br/?view=cards/search&card=edid=721%20ed=BLK,BLK,0.14,37.90,983.0,Darumaka (#013/086),Darumaka,R,,013,000000000000013,0.0,0.14,8.20,37.90,2025-07-15 16:57:08,0.0,1.0,721.0,0.0,,,,//arquivos/in/pokemon_bkp/cd/721/6883ecfb5acf2-dchqs-xnrmj-242a5d9ed087f4675088b8cf56037edf.jpg
https://www.ligapokemon.com.br/?view=cards/search&card=edid=721%20ed=BLK,BLK,0.14,25.90,1419.0,Darmanitan (#014/086),Darmanitan,R,,014,000000000000014,0.0,0.14,7.01,25.90,2025-07-15 16:57:09,0.0,2.0,721.0,0.0,,,,//arquivos/in/pokemon_bkp/cd/721/6883ecfd0bcf9-9rtal-1mwlt-242a5d9ed087f4675088b8cf56037edf.jpg
https://www.ligapokemon.com.br/?view=cards/search&card=edid=721%20ed=BLK,BLK,0.12,99.90,714.0,Larvesta (#015/086),Larvesta,R,,015,000000000000015,0.0,0.12,8.24,99.90,2025-07-15 16:57:09,0.0,1.0,721.0,0.0,,,,//arquivos/in/pokemon_bkp/cd/721/6883ecfeb7059-89kh7-jzfgo-242a5d9ed087f4675088b8cf56037edf.jpg
https://www.ligapokemon.com.br/?view=cards/search&card=edid=721%20ed=BLK,BLK,0.30,44.90,715.0,Volcarona (#016/086),Volcarona,R,,016,000000000000016,0.0,0.30,10.96,44.90,2025-07-15 16:57:09,0.0,3.0,721.0,0.0,,,,//arquivos/in/pokemon_bkp/cd/721/6883ed00c5027-asqu4-4k026-242a5d9ed087f4675088b8cf56037edf.jpg
https://www.ligapokemon.com.br/?view=cards/search&card=edid=721%20ed=BLK,BLK,0.14,44.90,586.0,Panpour (#017/086),Panpour,W,,017,000000000000017,0.0,0.14,8.02,44.90,2025-07-15 16:57:09,0.0,1.0,721.0,0.0,,,,//arquivos/in/pokemon_bkp/cd/721/6883ed02cc89a-956og-4ftyi-242a5d9ed087f4675088b8cf56037edf.jpg
https://www.ligapokemon.com.br/?view=cards/search&card=edid=721%20ed=BLK,BLK,0.14,29.90,587.0,Simipour (#018/086),Simipour,W,,018,000000000000018,0.0,0.14,8.58,29.90,2025-07-15 16:57:10,0.0,2.0,721.0,0.0,,,,//arquivos/in/pokemon_bkp/cd/721/6883ed04bb38a-5wav0-jfb5s-242a5d9ed087f4675088b8cf56037edf.jpg
https://www.ligapokemon.com.br/?view=cards/search&card=edid=721%20ed=BLK,BLK,0.12,190.50,55.0,Tympole (#019/086),Tympole,W,,019,000000000000019,0.0,0.12,5.99,190.50,2025-07-15 16:57:10,0.0,1.0,721.0,0.0,,,,//arquivos/in/pokemon_bkp/cd/721/6883ed06bf460-fx3eb-f0ynt-242a5d9ed087f4675088b8cf56037edf.jpg
https://www.ligapokemon.com.br/?view=cards/search&card=edid=721%20ed=BLK,BLK,0.14,44.90,56.0,Palpitoad (#020/086),Palpitoad,W,,020,000000000000020,0.0,0.14,6.94,44.90,2025-07-15 16:57:10,0.0,1.0,721.0,0.0,,,,//arquivos/in/pokemon_bkp/cd/721/6883ed08bc513-gn9dp-2vma8-242a5d9ed087f4675088b8cf56037edf.jpg
https://www.ligapokemon.com.br/?view=cards/search&card=edid=721%20ed=BLK,BLK,0.14,79.90,57.0,Seismitoad (#021/086),Seismitoad,W,,021,000000000000021,0.0,0.14,19.63,79.90,2025-07-15 16:57:11,0.0,2.0,721.0,0.0,,,,//arquivos/in/pokemon_bkp/cd/721/6883ed0abbf19-dqvp8-tfua8-242a5d9ed087f4675088b8cf56037edf.jpg
https://www.ligapokemon.com.br/?view=cards/search&card=edid=721%20ed=BLK,BLK,0.15,50.00,810.0,Tirtouga (#022/086),Tirtouga,W,,022,000000000000022,0.0,0.15,11.25,50.00,2025-07-15 16:57:11,0.0,2.0,721.0,0.0,,,,//arquivos/in/pokemon_bkp/cd/721/6883ed0cbc6b8-ma96h-b97cf-242a5d9ed087f4675088b8cf56037edf.jpg
https://www.ligapokemon.com.br/?view=cards/search&card=edid=721%20ed=BLK,BLK,0.25,97.90,811.0,Carracosta (#023/086),Carracosta,W,,023,000000000000023,0.0,0.25,9.24,97.90,2025-07-15 16:57:12,0.0,3.0,721.0,0.0,,,,//arquivos/in/pokemon_bkp/cd/721/6883ed18b8c41-ix2jv-75ld9-242a5d9ed087f4675088b8cf56037edf.jpg
https://www.ligapokemon.com.br/?view=cards/search&card=edid=721%20ed=BLK,BLK,0.19,54.90,244.0,Alomomola (#024/086),Alomomola,W,,024,000000000000024,0.0,0.19,9.83,54.90,2025-07-15 16:57:12,0.0,2.0,721.0,0.0,,,,//arquivos/in/pokemon_bkp/cd/721/6883ed233ace2-yskdq-ol8tf-242a5d9ed087f4675088b8cf56037edf.jpg
https://www.ligapokemon.com.br/?view=cards/search&card=edid=721%20ed=BLK,BLK,0.14,39.95,1417.0,Cubchoo (#025/086),Cubchoo,W,,025,000000000000025,0.0,0.14,12.74,39.95,2025-07-15 16:57:12,1.0,1.0,721.0,0.0,,,,//arquivos/in/pokemon_bkp/cd/721/6883ed2516e31-exwd5-06hrq-242a5d9ed087f4675088b8cf56037edf.jpg
https://www.ligapokemon.com.br/?view=cards/search&card=edid=721%20ed=BLK,BLK,0.19,44.90,1418.0,Beartic (#026/086),Beartic,W,,026,000000000000026,0.0,0.19,5.45,44.90,2025-07-15 16:57:12,0.0,3.0,721.0,0.0,,,,//arquivos/in/pokemon_bkp/cd/721/6883ed26de040-74u1d-27dsp-242a5d9ed087f4675088b8cf56037edf.jpg
https://www.ligapokemon.com.br/?view=cards/search&card=edid=721%20ed=BLK,BLK,0.13,120.00,815.0,Cryogonal (#027/086),Cryogonal,W,,027,000000000000027,0.0,0.13,8.64,120.00,2025-07-15 16:57:12,0.0,2.0,721.0,0.0,,,,//arquivos/in/pokemon_bkp/cd/721/6883ed289c0cd-ka7hm-59seh-242a5d9ed087f4675088b8cf56037edf.jpg
https://www.ligapokemon.com.br/?view=cards/search&card=edid=721%20ed=BLK,BLK,3.90,39.90,7814.0,Kyurem ex (#028/086),Kyurem ex,W,,028,000000000000028,0.0,3.90,8.67,39.90,2025-07-15 16:57:13,0.0,20.0,721.0,0.0,,,,//arquivos/in/pokemon_bkp/cd/721/6883ed2a5dfe5-gdk1c-65dxm-242a5d9ed087f4675088b8cf56037edf.jpg
https://www.ligapokemon.com.br/?view=cards/search&card=edid=721%20ed=BLK,BLK,0.15,38.64,64.0,Emolga (#029/086),Emolga,L,,029,000000000000029,0.0,0.15,6.77,38.64,2025-07-15 16:57:13,0.0,1.0,721.0,0.0,,,,//arquivos/in/pokemon_bkp/cd/721/6883ed2c26904-kib1a-lxwc7-242a5d9ed087f4675088b8cf56037edf.jpg
https://www.ligapokemon.com.br/?view=cards/search&card=edid=721%20ed=BLK,BLK,0.18,49.99,724.0,Tynamo (#030/086),Tynamo,L,,030,000000000000030,0.0,0.18,7.41,49.99,2025-07-15 16:57:13,0.0,1.0,721.0,0.0,,,,//arquivos/in/pokemon_bkp/cd/721/6883ed2de2cad-0ixor-ghbud-242a5d9ed087f4675088b8cf56037edf.jpg
https://www.ligapokemon.com.br/?view=cards/search&card=edid=721%20ed=BLK,BLK,0.22,99.90,5198.0,Eelektrik (#031/086),Eelektrik,L,,031,000000000000031,0.0,0.22,13.38,99.90,2025-07-15 16:57:14,1.0,2.0,721.0,0.0,,,,//arquivos/in/pokemon_bkp/cd/721/6883ed2fa2c1a-fsazg-1a50n-242a5d9ed087f4675088b8cf56037edf.jpg
https://www.ligapokemon.com.br/?view=cards/search&card=edid=721%20ed=BLK,BLK,0.15,24.90,5197.0,Eelektross (#032/086),Eelektross,L,,032,000000000000032,0.0,0.15,9.51,24.90,2025-07-15 16:57:15,0.0,2.0,721.0,0.0,,,,//arquivos/in/pokemon_bkp/cd/721/6883ed3167031-o3276-e3thr-242a5d9ed087f4675088b8cf56037edf.jpg
https://www.ligapokemon.com.br/?view=cards/search&card=edid=721%20ed=BLK,BLK,0.27,68.99,65.0,Thundurus (#033/086),Thundurus,L,,033,000000000000033,0.0,0.27,12.61,68.99,2025-07-15 16:57:15,0.0,3.0,721.0,0.0,,,,//arquivos/in/pokemon_bkp/cd/721/6883ed3329c97-1ewyq-7o2i9-242a5d9ed087f4675088b8cf56037edf.jpg
https://www.ligapokemon.com.br/?view=cards/search&card=edid=721%20ed=BLK,BLK,4.00,35.00,7815.0,Zekrom ex (#034/086),Zekrom ex,L,,034,000000000000034,0.0,4.00,18.09,35.00,2025-07-15 16:57:15,0.0,20.0,721.0,0.0,,,,//arquivos/in/pokemon_bkp/cd/721/6883ed3503531-4rvet-twxep-242a5d9ed087f4675088b8cf56037edf.jpg
https://www.ligapokemon.com.br/?view=cards/search&card=edid=721%20ed=BLK,BLK,0.14,69.90,4829.0,Munna (#035/086),Munna,P,,035,000000000000035,0.0,0.14,5.57,69.90,2025-07-15 16:57:15,0.0,1.0,721.0,0.0,,,,//arquivos/in/pokemon_bkp/cd/721/6883ed36bcd5a-x8zh1-a85pf-242a5d9ed087f4675088b8cf56037edf.jpg
https://www.ligapokemon.com.br/?view=cards/search&card=edid=721%20ed=BLK,BLK,0.14,29.50,1163.0,Musharna (#036/086),Musharna,P,,036,000000000000036,0.0,0.14,5.55,29.50,2025-07-15 16:57:16,0.0,2.0,721.0,0.0,,,,//arquivos/in/pokemon_bkp/cd/721/6883ed388be8e-67mhg-57yn9-242a5d9ed087f4675088b8cf56037edf.jpg
https://www.ligapokemon.com.br/?view=cards/search&card=edid=721%20ed=BLK,BLK,0.09,35.00,86.0,Solosis (#037/086),Solosis,P,,037,000000000000037,0.0,0.09,8.43,35.00,2025-07-15 16:57:16,0.0,1.0,721.0,0.0,,,,//arquivos/in/pokemon_bkp/cd/721/6883ed3a42a59-shwli-la53m-242a5d9ed087f4675088b8cf56037edf.jpg
https://www.ligapokemon.com.br/?view=cards/search&card=edid=721%20ed=BLK,BLK,0.17,51.89,87.0,Duosion (#038/086),Duosion,P,,038,000000000000038,0.0,0.17,7.12,51.89,2025-07-15 16:57:16,0.0,1.0,721.0,0.0,,,,//arquivos/in/pokemon_bkp/cd/721/6883ed3c18d4a-5mtr9-fkxut-242a5d9ed087f4675088b8cf56037edf.jpg
https://www.ligapokemon.com.br/?view=cards/search&card=edid=721%20ed=BLK,BLK,0.16,28.90,88.0,Reuniclus (#039/086),Reuniclus,P,,039,000000000000039,0.0,0.16,6.81,28.90,2025-07-15 16:57:16,0.0,2.0,721.0,0.0,,,,//arquivos/in/pokemon_bkp/cd/721/6883ed3dd9a11-s8i7q-i8c2j-242a5d9ed087f4675088b8cf56037edf.jpg
https://www.ligapokemon.com.br/?view=cards/search&card=edid=721%20ed=BLK,BLK,0.10,39.90,817.0,Elgyem (#040/086),Elgyem,P,,040,000000000000040,0.0,0.10,7.06,39.90,2025-07-15 16:57:16,0.0,1.0,721.0,0.0,,,,//arquivos/in/pokemon_bkp/cd/721/6883ed3fa7408-ak6dx-clq1k-242a5d9ed087f4675088b8cf56037edf.jpg
https://www.ligapokemon.com.br/?view=cards/search&card=edid=721%20ed=BLK,BLK,0.17,49.90,818.0,Beheeyem (#041/086),Beheeyem,P,,041,000000000000041,0.0,0.17,10.37,49.90,2025-07-15 16:57:18,0.0,2.0,721.0,0.0,,,,//arquivos/in/pokemon_bkp/cd/721/6883ed4173ee1-zvlnt-hsdgz-242a5d9ed087f4675088b8cf56037edf.jpg
https://www.ligapokemon.com.br/?view=cards/search&card=edid=721%20ed=BLK,BLK,0.14,59.99,826.0,Golett (#042/086),Golett,P,,042,000000000000042,0.0,0.14,7.22,59.99,2025-07-15 16:57:18,0.0,1.0,721.0,0.0,,,,//arquivos/in/pokemon_bkp/cd/721/6883ed4361329-wisr6-c8hqu-242a5d9ed087f4675088b8cf56037edf.jpg
https://www.ligapokemon.com.br/?view=cards/search&card=edid=721%20ed=BLK,BLK,0.19,40.24,827.0,Golurk (#043/086),Golurk,P,,043,000000000000043,0.0,0.19,12.10,40.24,2025-07-15 16:57:18,0.0,2.0,721.0,0.0,,,,//arquivos/in/pokemon_bkp/cd/721/6883ed4520d57-qx85w-cges1-242a5d9ed087f4675088b8cf56037edf.jpg
https://www.ligapokemon.com.br/?view=cards/search&card=edid=721%20ed=BLK,BLK,4.50,49.90,7816.0,Meloetta ex (#044/086),Meloetta ex,P,,044,000000000000044,0.0,4.50,10.42,49.90,2025-07-15 16:57:18,0.0,20.0,721.0,0.0,,,,//arquivos/in/pokemon_bkp/cd/721/6883ed46daea2-oqznw-oybdr-242a5d9ed087f4675088b8cf56037edf.jpg
https://www.ligapokemon.com.br/?view=cards/search&card=edid=721%20ed=BLK,BLK,0.12,32.90,730.0,Drilbur (#045/086),Drilbur,F,,045,000000000000045,0.0,0.12,9.56,32.90,2025-07-15 16:57:19,0.0,1.0,721.0,0.0,,,,//arquivos/in/pokemon_bkp/cd/721/6883ed48a45ee-vqtan-lq3dt-242a5d9ed087f4675088b8cf56037edf.jpg
https://www.ligapokemon.com.br/?view=cards/search&card=edid=721%20ed=BLK,BLK,3.00,24.90,7817.0,Excadrill ex (#046/086),Excadrill ex,F,,046,000000000000046,0.0,3.00,9.27,24.90,2025-07-15 16:57:19,1.0,20.0,721.0,0.0,,,,//arquivos/in/pokemon_bkp/cd/721/6883ed4a66fed-ocvsx-1mcyd-242a5d9ed087f4675088b8cf56037edf.jpg
https://www.ligapokemon.com.br/?view=cards/search&card=edid=721%20ed=BLK,BLK,0.14,39.90,602.0,Timburr (#047/086),Timburr,F,,047,000000000000047,0.0,0.14,5.52,39.90,2025-07-15 16:57:19,0.0,1.0,721.0,0.0,,,,//arquivos/in/pokemon_bkp/cd/721/6883ed4c2d1ab-5dn2l-0jrof-242a5d9ed087f4675088b8cf56037edf.jpg
https://www.ligapokemon.com.br/?view=cards/search&card=edid=721%20ed=BLK,BLK,0.12,45.00,603.0,Gurdurr (#048/086),Gurdurr,F,,048,000000000000048,0.0,0.12,8.78,45.00,2025-07-15 16:57:20,0.0,1.0,721.0,0.0,,,,//arquivos/in/pokemon_bkp/cd/721/6883ed4dec270-2xm7y-2th4s-242a5d9ed087f4675088b8cf56037edf.jpg
https://www.ligapokemon.com.br/?view=cards/search&card=edid=721%20ed=BLK,BLK,0.33,42.90,604.0,Conkeldurr (#049/086),Conkeldurr,F,,049,000000000000049,0.0,0.33,8.59,42.90,2025-07-15 16:57:20,0.0,3.0,721.0,0.0,,,,//arquivos/in/pokemon_bkp/cd/721/6883ed4fb4883-mkz0y-ule4y-242a5d9ed087f4675088b8cf56037edf.jpg
https://www.ligapokemon.com.br/?view=cards/search&card=edid=721%20ed=BLK,BLK,0.14,44.90,1452.0,Throh (#050/086),Throh,F,,050,000000000000050,0.0,0.14,6.50,44.90,2025-07-15 16:57:20,0.0,2.0,721.0,0.0,,,,//arquivos/in/pokemon_bkp/cd/721/6883ed517c998-ns50u-ctdh3-242a5d9ed087f4675088b8cf56037edf.jpg
https://www.ligapokemon.com.br/?view=cards/search&card=edid=721%20ed=BLK,BLK,0.14,32.90,29.0,Dwebble (#051/086),Dwebble,F,,051,000000000000051,0.0,0.14,9.41,32.90,2025-07-15 16:57:21,0.0,1.0,721.0,0.0,,,,//arquivos/in/pokemon_bkp/cd/721/6883ed533866f-qn6u3-7uo31-242a5d9ed087f4675088b8cf56037edf.jpg
https://www.ligapokemon.com.br/?view=cards/search&card=edid=721%20ed=BLK,BLK,0.14,36.25,30.0,Crustle (#052/086),Crustle,F,,052,000000000000052,0.0,0.14,9.32,36.25,2025-07-15 16:57:21,0.0,2.0,721.0,0.0,,,,//arquivos/in/pokemon_bkp/cd/721/6883ed5507511-0mz63-ynfpr-242a5d9ed087f4675088b8cf56037edf.jpg
https://www.ligapokemon.com.br/?view=cards/search&card=edid=721%20ed=BLK,BLK,0.27,59.42,97.0,Landorus (#053/086),Landorus,F,,053,000000000000053,0.0,0.27,8.38,59.42,2025-07-15 16:57:22,0.0,3.0,721.0,0.0,,,,//arquivos/in/pokemon_bkp/cd/721/6883ed56b8464-e0n5k-59b67-242a5d9ed087f4675088b8cf56037edf.jpg
https://www.ligapokemon.com.br/?view=cards/search&card=edid=721%20ed=BLK,BLK,0.14,29.90,594.0,Venipede (#054/086),Venipede,D,,054,000000000000054,0.0,0.14,8.13,29.90,2025-07-15 16:57:22,0.0,1.0,721.0,0.0,,,,//arquivos/in/pokemon_bkp/cd/721/6883ed58701ff-t69dj-nc5h2-242a5d9ed087f4675088b8cf56037edf.jpg
https://www.ligapokemon.com.br/?view=cards/search&card=edid=721%20ed=BLK,BLK,0.14,57.59,595.0,Whirlipede (#055/086),Whirlipede,D,,055,000000000000055,0.0,0.14,8.99,57.59,2025-07-15 16:57:22,0.0,1.0,721.0,0.0,,,,//arquivos/in/pokemon_bkp/cd/721/6883ed5a60f83-8nois-69ng0-242a5d9ed087f4675088b8cf56037edf.jpg
https://www.ligapokemon.com.br/?view=cards/search&card=edid=721%20ed=BLK,BLK,0.14,54.95,596.0,Scolipede (#056/086),Scolipede,D,,056,000000000000056,0.0,0.14,7.84,54.95,2025-07-15 16:57:22,0.0,2.0,721.0,0.0,,,,//arquivos/in/pokemon_bkp/cd/721/6883ed5c2cc58-jo1dy-75wfk-242a5d9ed087f4675088b8cf56037edf.jpg
https://www.ligapokemon.com.br/?view=cards/search&card=edid=721%20ed=BLK,BLK,0.11,34.90,247.0,Sandile (#057/086),Sandile,D,,057,000000000000057,0.0,0.11,4.85,34.90,2025-07-15 16:57:22,0.0,1.0,721.0,0.0,,,,//arquivos/in/pokemon_bkp/cd/721/6883ed5de6723-w9c3y-ou9jz-242a5d9ed087f4675088b8cf56037edf.jpg
https://www.ligapokemon.com.br/?view=cards/search&card=edid=721%20ed=BLK,BLK,0.14,49.90,605.0,Krokorok (#058/086),Krokorok,D,,058,000000000000058,0.0,0.14,8.25,49.90,2025-07-15 16:57:22,0.0,1.0,721.0,0.0,,,,//arquivos/in/pokemon_bkp/cd/721/6883ed5fa2052-yefr2-2qy1c-242a5d9ed087f4675088b8cf56037edf.jpg
https://www.ligapokemon.com.br/?view=cards/search&card=edid=721%20ed=BLK,BLK,0.14,47.99,606.0,Krookodile (#059/086),Krookodile,D,,059,000000000000059,0.0,0.14,9.72,47.99,2025-07-15 16:57:23,0.0,2.0,721.0,0.0,,,,//arquivos/in/pokemon_bkp/cd/721/6883ed61573c0-ucdk5-sthif-242a5d9ed087f4675088b8cf56037edf.jpg
https://www.ligapokemon.com.br/?view=cards/search&card=edid=721%20ed=BLK,BLK,0.14,36.00,735.0,Escavalier (#060/086),Escavalier,M,,060,000000000000060,0.0,0.14,7.59,36.00,2025-07-15 16:57:23,0.0,2.0,721.0,0.0,,,,//arquivos/in/pokemon_bkp/cd/721/6883ed631b0c2-epo7r-cuikf-242a5d9ed087f4675088b8cf56037edf.jpg
https://www.ligapokemon.com.br/?view=cards/search&card=edid=721%20ed=BLK,BLK,0.10,60.00,248.0,Klink (#061/086),Klink,M,,061,000000000000061,0.0,0.10,10.08,60.00,2025-07-15 16:57:24,0.0,1.0,721.0,0.0,,,,//arquivos/in/pokemon_bkp/cd/721/6883ed64d7299-6qjc9-h5vtm-242a5d9ed087f4675088b8cf56037edf.jpg
https://www.ligapokemon.com.br/?view=cards/search&card=edid=721%20ed=BLK,BLK,0.10,19.99,736.0,Klang (#062/086),Klang,M,,062,000000000000062,0.0,0.10,5.17,19.99,2025-07-15 16:57:24,0.0,1.0,721.0,0.0,,,,//arquivos/in/pokemon_bkp/cd/721/6883ed6695fca-qfxms-vna30-242a5d9ed087f4675088b8cf56037edf.jpg
https://www.ligapokemon.com.br/?view=cards/search&card=edid=721%20ed=BLK,BLK,0.26,149.90,737.0,Klinklang (#063/086),Klinklang,M,,063,000000000000063,0.0,0.26,12.70,149.90,2025-07-15 16:57:24,0.0,3.0,721.0,0.0,,,,//arquivos/in/pokemon_bkp/cd/721/6883ed6862d78-qvwht-jange-242a5d9ed087f4675088b8cf56037edf.jpg
https://www.ligapokemon.com.br/?view=cards/search&card=edid=721%20ed=BLK,BLK,0.14,31.99,612.0,Pawniard (#064/086),Pawniard,M,,064,000000000000064,0.0,0.14,6.45,31.99,2025-07-15 16:57:24,0.0,1.0,721.0,0.0,,,,//arquivos/in/pokemon_bkp/cd/721/6883ed6a1fff5-h7bx9-f0oxg-242a5d9ed087f4675088b8cf56037edf.jpg
https://www.ligapokemon.com.br/?view=cards/search&card=edid=721%20ed=BLK,BLK,0.15,90.00,613.0,Bisharp (#065/086),Bisharp,M,,065,000000000000065,0.0,0.15,7.80,90.00,2025-07-15 16:57:24,0.0,2.0,721.0,0.0,,,,//arquivos/in/pokemon_bkp/cd/721/6883ed6bdd99f-t1z82-xjulo-242a5d9ed087f4675088b8cf56037edf.jpg
https://www.ligapokemon.com.br/?view=cards/search&card=edid=721%20ed=BLK,BLK,0.35,100.00,102.0,Cobalion (#066/086),Cobalion,M,,066,000000000000066,0.0,0.35,9.08,100.00,2025-07-15 16:57:24,0.0,3.0,721.0,0.0,,,,//arquivos/in/pokemon_bkp/cd/721/6883ed6d93a45-pq3ch-7g9lu-242a5d9ed087f4675088b8cf56037edf.jpg
https://www.ligapokemon.com.br/?view=cards/search&card=edid=721%20ed=BLK,BLK,4.95,34.90,7818.0,Genesect ex (#067/086),Genesect ex,M,,067,000000000000067,0.0,4.95,10.63,34.90,2025-07-15 16:57:25,1.0,20.0,721.0,0.0,,,,//arquivos/in/pokemon_bkp/cd/721/6883ed6f4c409-xgd2z-yg9ab-242a5d9ed087f4675088b8cf56037edf.jpg
https://www.ligapokemon.com.br/?view=cards/search&card=edid=721%20ed=BLK,BLK,0.14,29.89,829.0,Axew (#068/086),Axew,O,,068,000000000000068,0.0,0.14,8.18,29.89,2025-07-15 16:57:25,0.0,1.0,721.0,0.0,,,,//arquivos/in/pokemon_bkp/cd/721/6883ed7110636-2i65k-dpijv-242a5d9ed087f4675088b8cf56037edf.jpg
https://www.ligapokemon.com.br/?view=cards/search&card=edid=721%20ed=BLK,BLK,0.13,59.00,830.0,Fraxure (#069/086),Fraxure,O,,069,000000000000069,0.0,0.13,9.03,59.00,2025-07-15 16:57:25,0.0,1.0,721.0,0.0,,,,//arquivos/in/pokemon_bkp/cd/721/6883ed72c2298-lwi86-l9s1r-242a5d9ed087f4675088b8cf56037edf.jpg
https://www.ligapokemon.com.br/?view=cards/search&card=edid=721%20ed=BLK,BLK,0.34,80.00,738.0,Haxorus (#070/086),Haxorus,O,,070,000000000000070,0.0,0.34,18.54,80.00,2025-07-15 16:57:25,0.0,3.0,721.0,0.0,,,,//arquivos/in/pokemon_bkp/cd/721/6883ed749d036-zydm0-t158p-242a5d9ed087f4675088b8cf56037edf.jpg
https://www.ligapokemon.com.br/?view=cards/search&card=edid=721%20ed=BLK,BLK,0.14,29.00,249.0,Pidove (#071/086),Pidove,C,,071,000000000000071,0.0,0.14,5.85,29.00,2025-07-15 16:57:26,0.0,1.0,721.0,0.0,,,,//arquivos/in/pokemon_bkp/cd/721/6883ed767c3e1-2rtao-sixg3-242a5d9ed087f4675088b8cf56037edf.jpg
https://www.ligapokemon.com.br/?view=cards/search&card=edid=721%20ed=BLK,BLK,0.10,39.99,1435.0,Tranquill (#072/086),Tranquill,C,,072,000000000000072,0.0,0.10,8.17,39.99,2025-07-15 16:57:27,0.0,1.0,721.0,0.0,,,,//arquivos/in/pokemon_bkp/cd/721/6883ed78683c4-zxn7c-i2x4j-242a5d9ed087f4675088b8cf56037edf.jpg
https://www.ligapokemon.com.br/?view=cards/search&card=edid=721%20ed=BLK,BLK,0.12,58.90,1436.0,Unfezant (#073/086),Unfezant,C,,073,000000000000073,0.0,0.12,11.65,58.90,2025-07-15 16:57:27,0.0,2.0,721.0,0.0,,,,//arquivos/in/pokemon_bkp/cd/721/6883ed7a3417f-81yvc-r3w26-242a5d9ed087f4675088b8cf56037edf.jpg
https://www.ligapokemon.com.br/?view=cards/search&card=edid=721%20ed=BLK,BLK,0.10,39.99,130.0,Audino (#074/086),Audino,C,,074,000000000000074,0.0,0.10,7.64,39.99,2025-07-15 16:57:27,0.0,1.0,721.0,0.0,,,,//arquivos/in/pokemon_bkp/cd/721/6883ed7beb9d3-uzpfb-8u02w-242a5d9ed087f4675088b8cf56037edf.jpg
https://www.ligapokemon.com.br/?view=cards/search&card=edid=721%20ed=BLK,BLK,0.09,60.00,4915.0,Minccino (#075/086),Minccino,C,,075,000000000000075,0.0,0.09,9.86,60.00,2025-07-15 16:57:27,0.0,1.0,721.0,0.0,,,,//arquivos/in/pokemon_bkp/cd/721/6883ed7ddb582-d3bpm-pjtkq-242a5d9ed087f4675088b8cf56037edf.jpg
https://www.ligapokemon.com.br/?view=cards/search&card=edid=721%20ed=BLK,BLK,0.14,44.99,113.0,Cinccino (#076/086),Cinccino,C,,076,000000000000076,0.0,0.14,9.10,44.99,2025-07-15 16:57:28,0.0,2.0,721.0,0.0,,,,//arquivos/in/pokemon_bkp/cd/721/6883ed7f9c301-0li4r-520mo-242a5d9ed087f4675088b8cf56037edf.jpg
https://www.ligapokemon.com.br/?view=cards/search&card=edid=721%20ed=BLK,BLK,0.09,27.99,1549.0,Rufflet (#077/086),Rufflet,C,,077,000000000000077,0.0,0.09,7.76,27.99,2025-07-15 16:57:28,0.0,1.0,721.0,0.0,,,,//arquivos/in/pokemon_bkp/cd/721/6883ed8167f9c-rv7cd-dj9ka-242a5d9ed087f4675088b8cf56037edf.jpg
https://www.ligapokemon.com.br/?view=cards/search&card=edid=721%20ed=BLK,BLK,0.09,99.90,1550.0,Braviary (#078/086),Braviary,C,,078,000000000000078,0.0,0.09,9.37,99.90,2025-07-15 16:57:28,0.0,2.0,721.0,0.0,,,,//arquivos/in/pokemon_bkp/cd/721/6883ed8338ddf-fmdi9-1t8pn-242a5d9ed087f4675088b8cf56037edf.jpg
https://www.ligapokemon.com.br/?view=cards/search&card=edid=721%20ed=BLK,BLK,2.95,34.99,4905.0,Air Balloon (#079/086),Bal&atilde;o de Ar,C,,079,000000000000079,0.0,2.95,9.79,34.99,2025-07-15 16:57:28,0.0,2.0,721.0,0.0,,,,//arquivos/in/pokemon_bkp/cd/721/6883ed84e91b1-wintz-k1vpr-242a5d9ed087f4675088b8cf56037edf.jpg
https://www.ligapokemon.com.br/?view=cards/search&card=edid=721%20ed=BLK,BLK,0.10,12.00,7084.0,Antique Cover Fossil (#080/086),F&oacute;ssil Casca Arcaico,C,,080,000000000000080,0.0,0.10,2.68,12.00,2025-07-15 16:57:28,0.0,1.0,721.0,0.0,,,,//arquivos/in/pokemon_bkp/cd/721/6883ed86b9cc0-wdjr7-x4mku-242a5d9ed087f4675088b8cf56037edf.jpg
https://www.ligapokemon.com.br/?view=cards/search&card=edid=721%20ed=BLK,BLK,0.10,11.99,7819.0,Energy Coin (#081/086),Moeda Energ&eacute;tica,C,,081,000000000000081,0.0,0.10,2.77,11.99,2025-07-15 16:57:30,0.0,2.0,721.0,0.0,,,,//arquivos/in/pokemon_bkp/cd/721/6883ed887dd75-ar43h-4c7p5-242a5d9ed087f4675088b8cf56037edf.jpg
https://www.ligapokemon.com.br/?view=cards/search&card=edid=721%20ed=BLK,BLK,0.09,11.99,7821.0,Fennel (#082/086),Fennel,C,,082,000000000000082,0.0,0.09,3.34,11.99,2025-07-15 16:57:30,0.0,2.0,721.0,0.0,,,,//arquivos/in/pokemon_bkp/cd/721/6883ed8a3b15c-q47dv-ubqop-242a5d9ed087f4675088b8cf56037edf.jpg
https://www.ligapokemon.com.br/?view=cards/search&card=edid=721%20ed=BLK,BLK,0.18,31.99,7823.0,N's Plan (#083/086),Plano do N,C,,083,000000000000083,0.0,0.18,5.87,31.99,2025-07-15 16:57:30,0.0,2.0,721.0,0.0,,,,//arquivos/in/pokemon_bkp/cd/721/6883ed8bf37ec-5z8by-dr5a8-242a5d9ed087f4675088b8cf56037edf.jpg
https://www.ligapokemon.com.br/?view=cards/search&card=edid=721%20ed=BLK,BLK,0.30,38.99,5158.0,Pok&eacute;gear 3.0 (#084/086),Pokegear 3.0,C,,084,000000000000084,0.0,0.30,6.83,38.99,2025-07-15 16:57:30,0.0,2.0,721.0,0.0,,,,//arquivos/in/pokemon_bkp/cd/721/6883ed8db0634-ziqx1-timea-242a5d9ed087f4675088b8cf56037edf.jpg
https://www.ligapokemon.com.br/?view=cards/search&card=edid=721%20ed=BLK,BLK,0.13,27.00,5241.0,Professor's Research: Professor Juniper (#085/086),Pesquisa de Professores: Prof. Juniper,C,,085,000000000000085,0.0,0.13,4.20,27.00,2025-07-15 16:57:30,0.0,2.0,721.0,0.0,,,,//arquivos/in/pokemon_bkp/cd/721/6883ed8f78566-rjs7t-wkuz1-242a5d9ed087f4675088b8cf56037edf.jpg
https://www.ligapokemon.com.br/?view=cards/search&card=edid=721%20ed=BLK,BLK,0.35,29.99,1426.0,Prism Energy (#086/086),Energia de Prisma,E,,086,000000000000086,0.0,0.35,4.81,29.99,2025-07-15 16:57:30,0.0,2.0,721.0,0.0,,,,//arquivos/in/pokemon_bkp/cd/721/6883ed9144b15-8uljt-zkngb-242a5d9ed087f4675088b8cf56037edf.jpg
https://www.ligapokemon.com.br/?view=cards/search&card=edid=721%20ed=BLK,BLK,79.00,119.99,23.0,Snivy (#087/086),Snivy,G,,087,000000000000087,0.0,79.00,93.86,119.99,2025-07-15 16:57:31,0.0,17.0,721.0,0.0,,,,//arquivos/in/pokemon_bkp/cd/721/6883ed930c924-vy785-9w6h3-242a5d9ed087f4675088b8cf56037edf.jpg
https://www.ligapokemon.com.br/?view=cards/search&card=edid=721%20ed=BLK,BLK,59.90,74.90,24.0,Servine (#088/086),Servine,G,,088,000000000000088,0.0,59.90,69.80,74.90,2025-07-15 16:57:31,0.0,17.0,721.0,0.0,,,,//arquivos/in/pokemon_bkp/cd/721/6883ed94f08ed-gli5x-83cko-242a5d9ed087f4675088b8cf56037edf.jpg
https://www.ligapokemon.com.br/?view=cards/search&card=edid=721%20ed=BLK,BLK,26.00,64.90,567.0,Pansage (#089/086),Pansage,G,,089,000000000000089,0.0,26.00,40.74,64.90,2025-07-15 16:57:31,0.0,17.0,721.0,0.0,,,,//arquivos/in/pokemon_bkp/cd/721/6883ed96b7c75-4bd20-ofa3i-242a5d9ed087f4675088b8cf56037edf.jpg
https://www.ligapokemon.com.br/?view=cards/search&card=edid=721%20ed=BLK,BLK,38.00,54.99,568.0,Simisage (#090/086),Simisage,G,,090,000000000000090,0.0,38.00,47.72,54.99,2025-07-15 16:57:31,0.0,17.0,721.0,0.0,,,,//arquivos/in/pokemon_bkp/cd/721/6883ed9889915-dmb86-fdbc2-242a5d9ed087f4675088b8cf56037edf.jpg
https://www.ligapokemon.com.br/?view=cards/search&card=edid=721%20ed=BLK,BLK,21.79,52.90,806.0,Petilil (#091/086),Petilil,G,,091,000000000000091,0.0,21.79,42.96,52.90,2025-07-15 16:57:33,0.0,17.0,721.0,0.0,,,,//arquivos/in/pokemon_bkp/cd/721/6883ed9a4fec6-j7wvb-50o43-242a5d9ed087f4675088b8cf56037edf.jpg
https://www.ligapokemon.com.br/?view=cards/search&card=edid=721%20ed=BLK,BLK,85.41,149.90,807.0,Lilligant (#092/086),Lilligant,G,,092,000000000000092,0.0,85.41,119.90,149.90,2025-07-15 16:57:33,0.0,17.0,721.0,0.0,,,,//arquivos/in/pokemon_bkp/cd/721/6883ed9c0e714-lednu-cw51p-242a5d9ed087f4675088b8cf56037edf.jpg
https://www.ligapokemon.com.br/?view=cards/search&card=edid=721%20ed=BLK,BLK,19.90,49.99,243.0,Maractus (#093/086),Maractus,G,,093,000000000000093,0.0,19.90,28.81,49.99,2025-07-15 16:57:33,0.0,17.0,721.0,0.0,,,,//arquivos/in/pokemon_bkp/cd/721/6883ed9dbf795-x38z6-ewmpi-242a5d9ed087f4675088b8cf56037edf.jpg
https://www.ligapokemon.com.br/?view=cards/search&card=edid=721%20ed=BLK,BLK,28.60,99.90,709.0,Karrablast (#094/086),Karrablast,G,,094,000000000000094,0.0,28.60,41.85,99.90,2025-07-15 16:57:33,0.0,17.0,721.0,0.0,,,,//arquivos/in/pokemon_bkp/cd/721/6883ed9f9f38b-6hzec-vozqy-242a5d9ed087f4675088b8cf56037edf.jpg
https://www.ligapokemon.com.br/?view=cards/search&card=edid=721%20ed=BLK,BLK,30.00,69.99,808.0,Foongus (#095/086),Foongus,G,,095,000000000000095,0.0,30.00,37.12,69.99,2025-07-15 16:57:33,0.0,17.0,721.0,0.0,,,,//arquivos/in/pokemon_bkp/cd/721/6883eda171646-n190j-581yt-242a5d9ed087f4675088b8cf56037edf.jpg
https://www.ligapokemon.com.br/?view=cards/search&card=edid=721%20ed=BLK,BLK,80.98,80.98,809.0,Amoonguss (#096/086),Amoonguss,G,,096,000000000000096,0.0,80.98,89.98,80.98,2025-07-15 16:57:33,0.0,17.0,721.0,0.0,,,,//arquivos/in/pokemon_bkp/cd/721/6883eda32ec17-6h2tq-xylu2-242a5d9ed087f4675088b8cf56037edf.jpg
https://www.ligapokemon.com.br/?view=cards/search&card=edid=721%20ed=BLK,BLK,30.39,70.00,983.0,Darumaka (#097/086),Darumaka,R,,097,000000000000097,0.0,30.39,44.82,70.00,2025-07-15 16:57:34,0.0,17.0,721.0,0.0,,,,//arquivos/in/pokemon_bkp/cd/721/6883eda4ec21d-5mna4-1kr0t-242a5d9ed087f4675088b8cf56037edf.jpg
https://www.ligapokemon.com.br/?view=cards/search&card=edid=721%20ed=BLK,BLK,42.05,69.95,1419.0,Darmanitan (#098/086),Darmanitan,R,,098,000000000000098,0.0,42.05,56.18,69.95,2025-07-15 16:57:34,0.0,17.0,721.0,0.0,,,,//arquivos/in/pokemon_bkp/cd/721/6883eda6a1884-z860o-7mqfw-242a5d9ed087f4675088b8cf56037edf.jpg
https://www.ligapokemon.com.br/?view=cards/search&card=edid=721%20ed=BLK,BLK,24.90,63.75,714.0,Larvesta (#099/086),Larvesta,R,,099,000000000000099,0.0,24.90,38.37,63.75,2025-07-15 16:57:34,0.0,17.0,721.0,0.0,,,,//arquivos/in/pokemon_bkp/cd/721/6883eda83c152-iazvp-90dpr-242a5d9ed087f4675088b8cf56037edf.jpg
https://www.ligapokemon.com.br/?view=cards/search&card=edid=721%20ed=BLK,BLK,75.00,199.99,715.0,Volcarona (#100/086),Volcarona,R,,100,000000000000100,0.0,75.00,99.86,199.99,2025-07-15 16:57:34,2.0,17.0,721.0,0.0,,,,//arquivos/in/pokemon_bkp/cd/721/6883eda9ed9a2-zs76m-p4sr5-242a5d9ed087f4675088b8cf56037edf.jpg
https://www.ligapokemon.com.br/?view=cards/search&card=edid=721%20ed=BLK,BLK,29.87,79.00,586.0,Panpour (#101/086),Panpour,W,,101,000000000000101,0.0,29.87,44.06,79.00,2025-07-15 16:57:35,0.0,17.0,721.0,0.0,,,,//arquivos/in/pokemon_bkp/cd/721/6883edabc6e39-ghto8-2h6pf-242a5d9ed087f4675088b8cf56037edf.jpg
https://www.ligapokemon.com.br/?view=cards/search&card=edid=721%20ed=BLK,BLK,27.90,74.99,587.0,Simipour (#102/086),Simipour,W,,102,000000000000102,0.0,27.90,40.48,74.99,2025-07-15 16:57:36,0.0,17.0,721.0,0.0,,,,//arquivos/in/pokemon_bkp/cd/721/6883edad5ce7f-actq9-ot26h-242a5d9ed087f4675088b8cf56037edf.jpg
https://www.ligapokemon.com.br/?view=cards/search&card=edid=721%20ed=BLK,BLK,18.99,94.90,55.0,Tympole (#103/086),Tympole,W,,103,000000000000103,0.0,18.99,45.57,94.90,2025-07-15 16:57:36,0.0,17.0,721.0,0.0,,,,//arquivos/in/pokemon_bkp/cd/721/6883edaef1e9d-x8tma-2a7oz-242a5d9ed087f4675088b8cf56037edf.jpg
https://www.ligapokemon.com.br/?view=cards/search&card=edid=721%20ed=BLK,BLK,34.99,79.90,56.0,Palpitoad (#104/086),Palpitoad,W,,104,000000000000104,0.0,34.99,60.22,79.90,2025-07-15 16:57:36,0.0,17.0,721.0,0.0,,,,//arquivos/in/pokemon_bkp/cd/721/6883edb094c55-l81w6-qfsg1-242a5d9ed087f4675088b8cf56037edf.jpg
https://www.ligapokemon.com.br/?view=cards/search&card=edid=721%20ed=BLK,BLK,292.75,799.90,57.0,Seismitoad (#105/086),Seismitoad,W,,105,000000000000105,0.0,292.75,439.69,799.90,2025-07-15 16:57:36,1.0,17.0,721.0,0.0,,,,//arquivos/in/pokemon_bkp/cd/721/6883edb259308-noscq-lv18p-242a5d9ed087f4675088b8cf56037edf.jpg
https://www.ligapokemon.com.br/?view=cards/search&card=edid=721%20ed=BLK,BLK,29.88,79.90,810.0,Tirtouga (#106/086),Tirtouga,W,,106,000000000000106,0.0,29.88,40.56,79.90,2025-07-15 16:57:36,0.0,17.0,721.0,0.0,,,,//arquivos/in/pokemon_bkp/cd/721/6883edb3e80d2-ksjn5-ehzsd-242a5d9ed087f4675088b8cf56037edf.jpg
https://www.ligapokemon.com.br/?view=cards/search&card=edid=721%20ed=BLK,BLK,37.90,69.95,811.0,Carracosta (#107/086),Carracosta,W,,107,000000000000107,0.0,37.90,46.69,69.95,2025-07-15 16:57:36,0.0,17.0,721.0,0.0,,,,//arquivos/in/pokemon_bkp/cd/721/6883edb5844b3-zfjx6-wtd70-242a5d9ed087f4675088b8cf56037edf.jpg
https://www.ligapokemon.com.br/?view=cards/search&card=edid=721%20ed=BLK,BLK,34.90,99.90,244.0,Alomomola (#108/086),Alomomola,W,,108,000000000000108,0.0,34.90,59.72,99.90,2025-07-15 16:57:37,0.0,17.0,721.0,0.0,,,,//arquivos/in/pokemon_bkp/cd/721/6883edb71eb10-c6x8y-ducsw-242a5d9ed087f4675088b8cf56037edf.jpg
https://www.ligapokemon.com.br/?view=cards/search&card=edid=721%20ed=BLK,BLK,30.00,99.90,1417.0,Cubchoo (#109/086),Cubchoo,W,,109,000000000000109,0.0,30.00,43.69,99.90,2025-07-15 16:57:37,0.0,17.0,721.0,0.0,,,,//arquivos/in/pokemon_bkp/cd/721/6883edb8ba8b5-gv0a1-r2w9j-242a5d9ed087f4675088b8cf56037edf.jpg
https://www.ligapokemon.com.br/?view=cards/search&card=edid=721%20ed=BLK,BLK,35.00,79.99,1418.0,Beartic (#110/086),Beartic,W,,110,000000000000110,0.0,35.00,64.68,79.99,2025-07-15 16:57:37,0.0,17.0,721.0,0.0,,,,//arquivos/in/pokemon_bkp/cd/721/6883edba60883-pkh7c-f8tch-242a5d9ed087f4675088b8cf56037edf.jpg
https://www.ligapokemon.com.br/?view=cards/search&card=edid=721%20ed=BLK,BLK,15.90,54.90,815.0,Cryogonal (#111/086),Cryogonal,W,,111,000000000000111,0.0,15.90,38.73,54.90,2025-07-15 16:57:38,0.0,17.0,721.0,0.0,,,,//arquivos/in/pokemon_bkp/cd/721/6883edbbe0b61-xvyj8-xfawt-242a5d9ed087f4675088b8cf56037edf.jpg
https://www.ligapokemon.com.br/?view=cards/search&card=edid=721%20ed=BLK,BLK,37.90,119.90,64.0,Emolga (#112/086),Emolga,L,,112,000000000000112,0.0,37.90,58.85,119.90,2025-07-15 16:57:38,1.0,17.0,721.0,0.0,,,,//arquivos/in/pokemon_bkp/cd/721/6883edbd81561-sw70f-7i5n4-242a5d9ed087f4675088b8cf56037edf.jpg
https://www.ligapokemon.com.br/?view=cards/search&card=edid=721%20ed=BLK,BLK,69.80,139.99,724.0,Tynamo (#113/086),Tynamo,L,,113,000000000000113,0.0,69.80,75.46,139.99,2025-07-15 16:57:38,0.0,17.0,721.0,0.0,,,,//arquivos/in/pokemon_bkp/cd/721/6883edbf483fe-y4uo1-hxi7k-242a5d9ed087f4675088b8cf56037edf.jpg
https://www.ligapokemon.com.br/?view=cards/search&card=edid=721%20ed=BLK,BLK,93.10,199.90,5198.0,Eelektrik (#114/086),Eelektrik,L,,114,000000000000114,0.0,93.10,159.59,199.90,2025-07-15 16:57:39,0.0,17.0,721.0,0.0,,,,//arquivos/in/pokemon_bkp/cd/721/6883edc0e5137-mx9c3-koamf-242a5d9ed087f4675088b8cf56037edf.jpg
https://www.ligapokemon.com.br/?view=cards/search&card=edid=721%20ed=BLK,BLK,44.98,159.90,5197.0,Eelektross (#115/086),Eelektross,L,,115,000000000000115,0.0,44.98,95.47,159.90,2025-07-15 16:57:39,0.0,17.0,721.0,0.0,,,,//arquivos/in/pokemon_bkp/cd/721/6883edc2a1f7b-gk8ql-6po5j-242a5d9ed087f4675088b8cf56037edf.jpg
https://www.ligapokemon.com.br/?view=cards/search&card=edid=721%20ed=BLK,BLK,27.00,46.00,4829.0,Munna (#116/086),Munna,P,,116,000000000000116,0.0,27.00,31.72,46.00,2025-07-15 16:57:39,0.0,17.0,721.0,0.0,,,,//arquivos/in/pokemon_bkp/cd/721/6883edc4583ff-xh67k-ms69i-242a5d9ed087f4675088b8cf56037edf.jpg
https://www.ligapokemon.com.br/?view=cards/search&card=edid=721%20ed=BLK,BLK,33.99,59.90,1163.0,Musharna (#117/086),Musharna,P,,117,000000000000117,0.0,33.99,52.31,59.90,2025-07-15 16:57:39,0.0,17.0,721.0,0.0,,,,//arquivos/in/pokemon_bkp/cd/721/6883edc5e3ac6-o6wal-6etya-242a5d9ed087f4675088b8cf56037edf.jpg
https://www.ligapokemon.com.br/?view=cards/search&card=edid=721%20ed=BLK,BLK,76.90,183.90,86.0,Solosis (#118/086),Solosis,P,,118,000000000000118,0.0,76.90,101.89,183.90,2025-07-15 16:57:40,1.0,17.0,721.0,0.0,,,,//arquivos/in/pokemon_bkp/cd/721/6883edc77a4cd-qiumo-iabm4-242a5d9ed087f4675088b8cf56037edf.jpg
https://www.ligapokemon.com.br/?view=cards/search&card=edid=721%20ed=BLK,BLK,38.99,129.90,87.0,Duosion (#119/086),Duosion,P,,119,000000000000119,0.0,38.99,72.57,129.90,2025-07-15 16:57:40,0.0,17.0,721.0,0.0,,,,//arquivos/in/pokemon_bkp/cd/721/6883edc91901c-q8wcn-xl1jt-242a5d9ed087f4675088b8cf56037edf.jpg
https://www.ligapokemon.com.br/?view=cards/search&card=edid=721%20ed=BLK,BLK,27.99,84.90,817.0,Elgyem (#120/086),Elgyem,P,,120,000000000000120,0.0,27.99,53.79,84.90,2025-07-15 16:57:40,0.0,17.0,721.0,0.0,,,,//arquivos/in/pokemon_bkp/cd/721/6883edcac787b-25wzn-wlq0z-242a5d9ed087f4675088b8cf56037edf.jpg
https://www.ligapokemon.com.br/?view=cards/search&card=edid=721%20ed=BLK,BLK,34.88,49.99,818.0,Beheeyem (#121/086),Beheeyem,P,,121,000000000000121,0.0,34.88,45.47,49.99,2025-07-15 16:57:41,0.0,17.0,721.0,0.0,,,,//arquivos/in/pokemon_bkp/cd/721/6883edcc5fe81-h1o4z-yz035-242a5d9ed087f4675088b8cf56037edf.jpg
https://www.ligapokemon.com.br/?view=cards/search&card=edid=721%20ed=BLK,BLK,14.99,79.90,826.0,Golett (#122/086),Golett,P,,122,000000000000122,0.0,14.99,49.27,79.90,2025-07-15 16:57:41,0.0,17.0,721.0,0.0,,,,//arquivos/in/pokemon_bkp/cd/721/6883edcdecad1-zkat5-ki106-242a5d9ed087f4675088b8cf56037edf.jpg
https://www.ligapokemon.com.br/?view=cards/search&card=edid=721%20ed=BLK,BLK,44.85,79.99,827.0,Golurk (#123/086),Golurk,P,,123,000000000000123,0.0,44.85,69.46,79.99,2025-07-15 16:57:41,0.0,17.0,721.0,0.0,,,,//arquivos/in/pokemon_bkp/cd/721/6883edcf7c3fe-74yk1-dmgzj-242a5d9ed087f4675088b8cf56037edf.jpg
https://www.ligapokemon.com.br/?view=cards/search&card=edid=721%20ed=BLK,BLK,14.70,49.90,730.0,Drilbur (#124/086),Drilbur,F,,124,000000000000124,0.0,14.70,30.98,49.90,2025-07-15 16:57:42,0.0,17.0,721.0,0.0,,,,//arquivos/in/pokemon_bkp/cd/721/6883edd1176dd-9vxne-ri3dv-242a5d9ed087f4675088b8cf56037edf.jpg
https://www.ligapokemon.com.br/?view=cards/search&card=edid=721%20ed=BLK,BLK,23.49,39.99,602.0,Timburr (#125/086),Timburr,F,,125,000000000000125,0.0,23.49,30.71,39.99,2025-07-15 16:57:42,0.0,17.0,721.0,0.0,,,,//arquivos/in/pokemon_bkp/cd/721/6883edd33d82f-w519k-2vo6a-242a5d9ed087f4675088b8cf56037edf.jpg
https://www.ligapokemon.com.br/?view=cards/search&card=edid=721%20ed=BLK,BLK,49.90,99.99,603.0,Gurdurr (#126/086),Gurdurr,F,,126,000000000000126,0.0,49.90,63.45,99.99,2025-07-15 16:57:42,0.0,17.0,721.0,0.0,,,,//arquivos/in/pokemon_bkp/cd/721/6883edd4d400e-pwmut-9jd8q-242a5d9ed087f4675088b8cf56037edf.jpg
https://www.ligapokemon.com.br/?view=cards/search&card=edid=721%20ed=BLK,BLK,40.40,199.90,604.0,Conkeldurr (#127/086),Conkeldurr,F,,127,000000000000127,0.0,40.40,84.60,199.90,2025-07-15 16:57:42,0.0,17.0,721.0,0.0,,,,//arquivos/in/pokemon_bkp/cd/721/6883edd68df11-83mxc-iydrn-242a5d9ed087f4675088b8cf56037edf.jpg
https://www.ligapokemon.com.br/?view=cards/search&card=edid=721%20ed=BLK,BLK,39.90,79.80,1452.0,Throh (#128/086),Throh,F,,128,000000000000128,0.0,39.90,55.32,79.80,2025-07-15 16:57:43,0.0,17.0,721.0,0.0,,,,//arquivos/in/pokemon_bkp/cd/721/6883edd83ac48-fc8s7-1xe42-242a5d9ed087f4675088b8cf56037edf.jpg
https://www.ligapokemon.com.br/?view=cards/search&card=edid=721%20ed=BLK,BLK,38.90,299.90,29.0,Dwebble (#129/086),Dwebble,F,,129,000000000000129,0.0,38.90,147.85,299.90,2025-07-15 16:57:43,0.0,17.0,721.0,0.0,,,,//arquivos/in/pokemon_bkp/cd/721/6883edd9c40e6-va7z4-8zgmi-242a5d9ed087f4675088b8cf56037edf.jpg
https://www.ligapokemon.com.br/?view=cards/search&card=edid=721%20ed=BLK,BLK,35.00,69.99,30.0,Crustle (#130/086),Crustle,F,,130,000000000000130,0.0,35.00,58.30,69.99,2025-07-15 16:57:43,0.0,17.0,721.0,0.0,,,,//arquivos/in/pokemon_bkp/cd/721/6883eddb70560-tlwpq-87r1s-242a5d9ed087f4675088b8cf56037edf.jpg
https://www.ligapokemon.com.br/?view=cards/search&card=edid=721%20ed=BLK,BLK,69.40,100.00,97.0,Landorus (#131/086),Landorus,F,,131,000000000000131,0.0,69.40,79.80,100.00,2025-07-15 16:57:44,0.0,17.0,721.0,0.0,,,,//arquivos/in/pokemon_bkp/cd/721/6883eddd4697f-rs8g6-a9d47-242a5d9ed087f4675088b8cf56037edf.jpg
https://www.ligapokemon.com.br/?view=cards/search&card=edid=721%20ed=BLK,BLK,19.90,69.90,594.0,Venipede (#132/086),Venipede,D,,132,000000000000132,0.0,19.90,42.06,69.90,2025-07-15 16:57:44,0.0,17.0,721.0,0.0,,,,//arquivos/in/pokemon_bkp/cd/721/6883eddee27a2-1bopy-yekfx-242a5d9ed087f4675088b8cf56037edf.jpg
https://www.ligapokemon.com.br/?view=cards/search&card=edid=721%20ed=BLK,BLK,29.98,69.99,595.0,Whirlipede (#133/086),Whirlipede,D,,133,000000000000133,0.0,29.98,53.29,69.99,2025-07-15 16:57:44,0.0,17.0,721.0,0.0,,,,//arquivos/in/pokemon_bkp/cd/721/6883ede088d9c-bsd47-5yu40-242a5d9ed087f4675088b8cf56037edf.jpg
https://www.ligapokemon.com.br/?view=cards/search&card=edid=721%20ed=BLK,BLK,43.54,109.95,596.0,Scolipede (#134/086),Scolipede,D,,134,000000000000134,0.0,43.54,58.25,109.95,2025-07-15 16:57:45,0.0,17.0,721.0,0.0,,,,//arquivos/in/pokemon_bkp/cd/721/6883ede226d6f-s98wv-qji4a-242a5d9ed087f4675088b8cf56037edf.jpg
https://www.ligapokemon.com.br/?view=cards/search&card=edid=721%20ed=BLK,BLK,30.85,50.00,247.0,Sandile (#135/086),Sandile,D,,135,000000000000135,0.0,30.85,38.97,50.00,2025-07-15 16:57:45,0.0,17.0,721.0,0.0,,,,//arquivos/in/pokemon_bkp/cd/721/6883ede3cce8c-0fyp8-jiocs-242a5d9ed087f4675088b8cf56037edf.jpg
https://www.ligapokemon.com.br/?view=cards/search&card=edid=721%20ed=BLK,BLK,37.95,59.90,605.0,Krokorok (#136/086),Krokorok,D,,136,000000000000136,0.0,37.95,52.93,59.90,2025-07-15 16:57:45,0.0,17.0,721.0,0.0,,,,//arquivos/in/pokemon_bkp/cd/721/6883ede55d0de-cgw8r-ybmh8-242a5d9ed087f4675088b8cf56037edf.jpg
https://www.ligapokemon.com.br/?view=cards/search&card=edid=721%20ed=BLK,BLK,125.00,199.90,606.0,Krookodile (#137/086),Krookodile,D,,137,000000000000137,0.0,125.00,178.10,199.90,2025-07-15 16:57:45,0.0,17.0,721.0,0.0,,,,//arquivos/in/pokemon_bkp/cd/721/6883ede722cc2-lu3g0-osvtl-242a5d9ed087f4675088b8cf56037edf.jpg
https://www.ligapokemon.com.br/?view=cards/search&card=edid=721%20ed=BLK,BLK,49.80,69.90,735.0,Escavalier (#138/086),Escavalier,M,,138,000000000000138,0.0,49.80,61.30,69.90,2025-07-15 16:57:46,0.0,17.0,721.0,0.0,,,,//arquivos/in/pokemon_bkp/cd/721/6883ede8d1ad5-lwick-f5g7y-242a5d9ed087f4675088b8cf56037edf.jpg
https://www.ligapokemon.com.br/?view=cards/search&card=edid=721%20ed=BLK,BLK,18.99,69.90,248.0,Klink (#139/086),Klink,M,,139,000000000000139,0.0,18.99,32.62,69.90,2025-07-15 16:57:46,1.0,17.0,721.0,0.0,,,,//arquivos/in/pokemon_bkp/cd/721/6883edea64d18-72t40-kjsex-242a5d9ed087f4675088b8cf56037edf.jpg
https://www.ligapokemon.com.br/?view=cards/search&card=edid=721%20ed=BLK,BLK,29.99,55.00,736.0,Klang (#140/086),Klang,M,,140,000000000000140,0.0,29.99,40.83,55.00,2025-07-15 16:57:46,0.0,17.0,721.0,0.0,,,,//arquivos/in/pokemon_bkp/cd/721/6883edec28951-gjyt6-0pz3s-242a5d9ed087f4675088b8cf56037edf.jpg
https://www.ligapokemon.com.br/?view=cards/search&card=edid=721%20ed=BLK,BLK,29.90,70.00,737.0,Klinklang (#141/086),Klinklang,M,,141,000000000000141,0.0,29.90,50.08,70.00,2025-07-15 16:57:47,0.0,17.0,721.0,0.0,,,,//arquivos/in/pokemon_bkp/cd/721/6883ededcab72-whrq3-0ynj4-242a5d9ed087f4675088b8cf56037edf.jpg
https://www.ligapokemon.com.br/?view=cards/search&card=edid=721%20ed=BLK,BLK,20.00,52.90,612.0,Pawniard (#142/086),Pawniard,M,,142,000000000000142,0.0,20.00,31.69,52.90,2025-07-15 16:57:47,0.0,17.0,721.0,0.0,,,,//arquivos/in/pokemon_bkp/cd/721/6883edef7d70a-hxa4u-1znx2-242a5d9ed087f4675088b8cf56037edf.jpg
https://www.ligapokemon.com.br/?view=cards/search&card=edid=721%20ed=BLK,BLK,30.00,69.90,613.0,Bisharp (#143/086),Bisharp,M,,143,000000000000143,0.0,30.00,46.80,69.90,2025-07-15 16:57:48,0.0,17.0,721.0,0.0,,,,//arquivos/in/pokemon_bkp/cd/721/6883edf13f87b-45gm8-mclk2-242a5d9ed087f4675088b8cf56037edf.jpg
https://www.ligapokemon.com.br/?view=cards/search&card=edid=721%20ed=BLK,BLK,65.55,300.00,102.0,Cobalion (#144/086),Cobalion,M,,144,000000000000144,0.0,65.55,90.87,300.00,2025-07-15 16:57:48,1.0,17.0,721.0,0.0,,,,//arquivos/in/pokemon_bkp/cd/721/6883edf2ddf41-plbqz-8tod9-242a5d9ed087f4675088b8cf56037edf.jpg
https://www.ligapokemon.com.br/?view=cards/search&card=edid=721%20ed=BLK,BLK,49.00,81.99,829.0,Axew (#145/086),Axew,O,,145,000000000000145,0.0,49.00,69.55,81.99,2025-07-15 16:57:48,0.0,17.0,721.0,0.0,,,,//arquivos/in/pokemon_bkp/cd/721/6883edf46b205-n2dwj-r8oav-242a5d9ed087f4675088b8cf56037edf.jpg
https://www.ligapokemon.com.br/?view=cards/search&card=edid=721%20ed=BLK,BLK,44.89,69.90,830.0,Fraxure (#146/086),Fraxure,O,,146,000000000000146,0.0,44.89,58.93,69.90,2025-07-15 16:57:48,0.0,17.0,721.0,0.0,,,,//arquivos/in/pokemon_bkp/cd/721/6883edf60ee63-i1bwe-myg72-242a5d9ed087f4675088b8cf56037edf.jpg
https://www.ligapokemon.com.br/?view=cards/search&card=edid=721%20ed=BLK,BLK,75.00,109.99,738.0,Haxorus (#147/086),Haxorus,O,,147,000000000000147,0.0,75.00,90.72,109.99,2025-07-15 16:57:49,0.0,17.0,721.0,0.0,,,,//arquivos/in/pokemon_bkp/cd/721/6883edf7a5573-djm8e-7fx5u-242a5d9ed087f4675088b8cf56037edf.jpg
https://www.ligapokemon.com.br/?view=cards/search&card=edid=721%20ed=BLK,BLK,34.39,109.90,249.0,Pidove (#148/086),Pidove,C,,148,000000000000148,0.0,34.39,67.33,109.90,2025-07-15 16:57:49,0.0,17.0,721.0,0.0,,,,//arquivos/in/pokemon_bkp/cd/721/6883edf973548-453zx-drzs3-242a5d9ed087f4675088b8cf56037edf.jpg
https://www.ligapokemon.com.br/?view=cards/search&card=edid=721%20ed=BLK,BLK,34.49,64.90,1435.0,Tranquill (#149/086),Tranquill,C,,149,000000000000149,0.0,34.49,42.20,64.90,2025-07-15 16:57:49,0.0,17.0,721.0,0.0,,,,//arquivos/in/pokemon_bkp/cd/721/6883edfb28bd8-jybdw-5xf2w-242a5d9ed087f4675088b8cf56037edf.jpg
https://www.ligapokemon.com.br/?view=cards/search&card=edid=721%20ed=BLK,BLK,44.90,85.00,1436.0,Unfezant (#150/086),Unfezant,C,,150,000000000000150,0.0,44.90,54.83,85.00,2025-07-15 16:57:49,0.0,17.0,721.0,0.0,,,,//arquivos/in/pokemon_bkp/cd/721/6883edfcbd91b-6t9ls-c6vx4-242a5d9ed087f4675088b8cf56037edf.jpg
https://www.ligapokemon.com.br/?view=cards/search&card=edid=721%20ed=BLK,BLK,43.00,89.95,130.0,Audino (#151/086),Audino,C,,151,000000000000151,0.0,43.00,58.91,89.95,2025-07-15 16:57:50,0.0,17.0,721.0,0.0,,,,//arquivos/in/pokemon_bkp/cd/721/6883edfe626b4-f5eiu-gue6p-242a5d9ed087f4675088b8cf56037edf.jpg
https://www.ligapokemon.com.br/?view=cards/search&card=edid=721%20ed=BLK,BLK,33.90,90.00,4915.0,Minccino (#152/086),Minccino,C,,152,000000000000152,0.0,33.90,49.16,90.00,2025-07-15 16:57:50,0.0,17.0,721.0,0.0,,,,//arquivos/in/pokemon_bkp/cd/721/6883ee0024871-gtmid-91dm0-242a5d9ed087f4675088b8cf56037edf.jpg
https://www.ligapokemon.com.br/?view=cards/search&card=edid=721%20ed=BLK,BLK,58.99,99.99,113.0,Cinccino (#153/086),Cinccino,C,,153,000000000000153,0.0,58.99,89.95,99.99,2025-07-15 16:57:51,0.0,17.0,721.0,0.0,,,,//arquivos/in/pokemon_bkp/cd/721/6883ee01c5a19-2u4rp-e4ri8-242a5d9ed087f4675088b8cf56037edf.jpg
https://www.ligapokemon.com.br/?view=cards/search&card=edid=721%20ed=BLK,BLK,26.00,79.90,1549.0,Rufflet (#154/086),Rufflet,C,,154,000000000000154,0.0,26.00,46.07,79.90,2025-07-15 16:57:51,0.0,17.0,721.0,0.0,,,,//arquivos/in/pokemon_bkp/cd/721/6883ee037b7c6-1p85k-mcq3b-242a5d9ed087f4675088b8cf56037edf.jpg
https://www.ligapokemon.com.br/?view=cards/search&card=edid=721%20ed=BLK,BLK,38.99,78.90,1550.0,Braviary (#155/086),Braviary,C,,155,000000000000155,0.0,38.99,52.86,78.90,2025-07-15 16:57:51,0.0,17.0,721.0,0.0,,,,//arquivos/in/pokemon_bkp/cd/721/6883ee050b565-6v18o-4snr1-242a5d9ed087f4675088b8cf56037edf.jpg
https://www.ligapokemon.com.br/?view=cards/search&card=edid=721%20ed=BLK,BLK,5.00,69.90,7813.0,Serperior ex (#156/086),Serperior ex,G,,156,000000000000156,0.0,5.00,16.31,69.90,2025-07-15 16:57:52,1.0,7.0,721.0,0.0,,,,//arquivos/in/pokemon_bkp/cd/721/6883ee069ada5-8vhks-palcv-242a5d9ed087f4675088b8cf56037edf.jpg
https://www.ligapokemon.com.br/?view=cards/search&card=edid=721%20ed=BLK,BLK,7.19,55.90,7814.0,Kyurem ex (#157/086),Kyurem ex,W,,157,000000000000157,0.0,7.19,19.22,55.90,2025-07-15 16:57:52,0.0,7.0,721.0,0.0,,,,//arquivos/in/pokemon_bkp/cd/721/6883ee085539e-sbqfn-eakyd-242a5d9ed087f4675088b8cf56037edf.jpg
https://www.ligapokemon.com.br/?view=cards/search&card=edid=721%20ed=BLK,BLK,11.99,64.99,7815.0,Zekrom ex (#158/086),Zekrom ex,L,,158,000000000000158,0.0,11.99,27.02,64.99,2025-07-15 16:57:52,0.0,7.0,721.0,0.0,,,,//arquivos/in/pokemon_bkp/cd/721/6883ee09e56b7-j1nbh-xivbq-242a5d9ed087f4675088b8cf56037edf.jpg
https://www.ligapokemon.com.br/?view=cards/search&card=edid=721%20ed=BLK,BLK,5.89,64.90,7816.0,Meloetta ex (#159/086),Meloetta ex,P,,159,000000000000159,0.0,5.89,14.39,64.90,2025-07-15 16:57:53,0.0,7.0,721.0,0.0,,,,//arquivos/in/pokemon_bkp/cd/721/6883ee0b7f7a1-xu290-6z9wm-242a5d9ed087f4675088b8cf56037edf.jpg
https://www.ligapokemon.com.br/?view=cards/search&card=edid=721%20ed=BLK,BLK,5.00,69.90,7817.0,Excadrill ex (#160/086),Excadrill ex,F,,160,000000000000160,0.0,5.00,12.84,69.90,2025-07-15 16:57:53,0.0,7.0,721.0,0.0,,,,//arquivos/in/pokemon_bkp/cd/721/6883ee0d407a3-5iwtj-vlkfx-242a5d9ed087f4675088b8cf56037edf.jpg
https://www.ligapokemon.com.br/?view=cards/search&card=edid=721%20ed=BLK,BLK,12.75,63.99,7818.0,Genesect ex (#161/086),Genesect ex,M,,161,000000000000161,0.0,12.75,25.71,63.99,2025-07-15 16:57:54,0.0,7.0,721.0,0.0,,,,//arquivos/in/pokemon_bkp/cd/721/6883ee0ed5b97-vtgk3-uyz4n-242a5d9ed087f4675088b8cf56037edf.jpg
https://www.ligapokemon.com.br/?view=cards/search&card=edid=721%20ed=BLK,BLK,7.59,44.99,7821.0,Fennel (#162/086),Fennel,C,,162,000000000000162,0.0,7.59,15.60,44.99,2025-07-15 16:57:54,0.0,7.0,721.0,0.0,,,,//arquivos/in/pokemon_bkp/cd/721/6883ee106abfe-md2wn-4vrin-242a5d9ed087f4675088b8cf56037edf.jpg
https://www.ligapokemon.com.br/?view=cards/search&card=edid=721%20ed=BLK,BLK,31.00,73.00,7823.0,N's Plan (#163/086),Plano do N,C,,163,000000000000163,0.0,31.00,49.15,73.00,2025-07-15 16:57:55,0.0,7.0,721.0,0.0,,,,//arquivos/in/pokemon_bkp/cd/721/6883ee11f01d3-6pakm-osghu-242a5d9ed087f4675088b8cf56037edf.jpg
https://www.ligapokemon.com.br/?view=cards/search&card=edid=721%20ed=BLK,BLK,109.90,499.99,7813.0,Serperior ex (#164/086),Serperior ex,G,,164,000000000000164,0.0,109.90,236.08,499.99,2025-07-15 16:57:55,0.0,18.0,721.0,0.0,,,,//arquivos/in/pokemon_bkp/cd/721/6883ee13a5359-6alup-fkpb4-242a5d9ed087f4675088b8cf56037edf.jpg
https://www.ligapokemon.com.br/?view=cards/search&card=edid=721%20ed=BLK,BLK,193.90,699.90,7814.0,Kyurem ex (#165/086),Kyurem ex,W,,165,000000000000165,0.0,193.90,276.74,699.90,2025-07-15 16:57:55,2.0,18.0,721.0,0.0,,,,//arquivos/in/pokemon_bkp/cd/721/6883ee1548cd2-2jcvg-jp3xl-242a5d9ed087f4675088b8cf56037edf.jpg
https://www.ligapokemon.com.br/?view=cards/search&card=edid=721%20ed=BLK,BLK,519.90,2500.00,7815.0,Zekrom ex (#166/086),Zekrom ex,L,,166,000000000000166,0.0,519.90,1099.16,2500.00,2025-07-15 16:57:55,3.0,18.0,721.0,0.0,,,,//arquivos/in/pokemon_bkp/cd/721/6883ee16d7023-km47i-ap069-242a5d9ed087f4675088b8cf56037edf.jpg
https://www.ligapokemon.com.br/?view=cards/search&card=edid=721%20ed=BLK,BLK,130.67,649.90,7816.0,Meloetta ex (#167/086),Meloetta ex,P,,167,000000000000167,0.0,130.67,316.57,649.90,2025-07-15 16:57:55,0.0,18.0,721.0,0.0,,,,//arquivos/in/pokemon_bkp/cd/721/6883ee1887385-0jwe2-42va8-242a5d9ed087f4675088b8cf56037edf.jpg
https://www.ligapokemon.com.br/?view=cards/search&card=edid=721%20ed=BLK,BLK,97.49,338.90,7817.0,Excadrill ex (#168/086),Excadrill ex,F,,168,000000000000168,0.0,97.49,169.85,338.90,2025-07-15 16:57:56,0.0,18.0,721.0,0.0,,,,//arquivos/in/pokemon_bkp/cd/721/6883ee1a26800-270ih-9b4jr-242a5d9ed087f4675088b8cf56037edf.jpg
https://www.ligapokemon.com.br/?view=cards/search&card=edid=721%20ed=BLK,BLK,159.90,864.90,7818.0,Genesect ex (#169/086),Genesect ex,M,,169,000000000000169,0.0,159.90,345.85,864.90,2025-07-15 16:57:56,0.0,18.0,721.0,0.0,,,,//arquivos/in/pokemon_bkp/cd/721/6883ee1ba76cf-9qrsd-te7j8-242a5d9ed087f4675088b8cf56037edf.jpg
https://www.ligapokemon.com.br/?view=cards/search&card=edid=721%20ed=BLK,BLK,190.00,990.00,7823.0,N's Plan (#170/086),Plano do N,C,,170,000000000000170,0.0,190.00,474.06,990.00,2025-07-15 16:57:56,0.0,18.0,721.0,0.0,,,,//arquivos/in/pokemon_bkp/cd/721/6883ee1d3e798-xoj3f-sxu7y-242a5d9ed087f4675088b8cf56037edf.jpg
https://www.ligapokemon.com.br/?view=cards/search&card=edid=721%20ed=BLK,BLK,1099.99,2000.00,39.0,Victini (#171/086),Victini,R,,171,000000000000171,0.0,1099.99,1570.05,2000.00,2025-07-15 16:57:57,1.0,15.0,721.0,0.0,,,,//arquivos/in/pokemon_bkp/cd/721/6883ee1ec2f9f-bdm3j-0iym6-242a5d9ed087f4675088b8cf56037edf.jpg
https://www.ligapokemon.com.br/?view=cards/search&card=edid=721%20ed=BLK,BLK,899.90,1999.90,7815.0,Zekrom ex (#172/086),Zekrom ex,L,,172,000000000000172,0.0,899.90,1396.79,1999.90,2025-07-15 16:57:57,7.0,15.0,721.0,0.0,,,,//arquivos/in/pokemon_bkp/cd/721/6883ee2076d01-i2tqm-rcev2-242a5d9ed087f4675088b8cf56037edf.jpg
https://www.ligapokemon.com.br/?view=cards/search&card=edid=706%20ed=DRI,DRI,0.17,2.50,7510.0,Ethan's Pinsir (#001/182),Pinsir do Ethan,G,,001,000000000000001,0.0,0.17,0.75,2.50,2025-05-20 17:10:35,1.0,2.0,706.0,0.0,,,,//arquivos/in/pokemon_bkp/cd/706/683a0b19688a6-r2cfa-9pa6t-f67d0c4fb2c68709661fb1ac787983c5.jpg
https://www.ligapokemon.com.br/?view=cards/search&card=edid=706%20ed=DRI,DRI,0.08,2.50,880.0,Yanma (#002/182),Yanma,G,,002,000000000000002,0.0,0.08,0.63,2.50,2025-05-20 17:10:35,1.0,1.0,706.0,0.0,,,,//arquivos/in/pokemon_bkp/cd/706/683a0b1b3c3db-jzf1r-0kafj-f67d0c4fb2c68709661fb1ac787983c5.jpg
https://www.ligapokemon.com.br/?view=cards/search&card=edid=706%20ed=DRI,DRI,3.49,18.99,7511.0,Yanmega ex (#003/182),Yanmega ex,G,,003,000000000000003,0.0,3.49,8.54,18.99,2025-05-20 17:10:35,1.0,20.0,706.0,0.0,,,,//arquivos/in/pokemon_bkp/cd/706/683a0b1d4f20c-znxtc-mze80-f67d0c4fb2c68709661fb1ac787983c5.jpg
https://www.ligapokemon.com.br/?view=cards/search&card=edid=706%20ed=DRI,DRI,0.10,1.75,911.0,Pineco (#004/182),Pineco,G,,004,000000000000004,0.0,0.10,0.60,1.75,2025-05-20 17:10:35,1.0,1.0,706.0,0.0,,,,//arquivos/in/pokemon_bkp/cd/706/683a0b1f1b898-vf4qe-bshr9-f67d0c4fb2c68709661fb1ac787983c5.jpg
https://www.ligapokemon.com.br/?view=cards/search&card=edid=706%20ed=DRI,DRI,0.16,2.00,341.0,Shroomish (#005/182),Shroomish,G,,005,000000000000005,0.0,0.16,0.61,2.00,2025-05-20 17:10:35,1.0,1.0,706.0,0.0,,,,//arquivos/in/pokemon_bkp/cd/706/683a0b20d7e3d-6truj-e5xlg-f67d0c4fb2c68709661fb1ac787983c5.jpg
https://www.ligapokemon.com.br/?view=cards/search&card=edid=706%20ed=DRI,DRI,0.13,2.50,287.0,Breloom (#006/182),Breloom,G,,006,000000000000006,0.0,0.13,0.60,2.50,2025-05-20 17:10:35,1.0,1.0,706.0,0.0,,,,//arquivos/in/pokemon_bkp/cd/706/683a0b22ad7cc-ij4o1-1ydz3-f67d0c4fb2c68709661fb1ac787983c5.jpg
https://www.ligapokemon.com.br/?view=cards/search&card=edid=706%20ed=DRI,DRI,0.16,3.00,7512.0,Cynthia's Roselia (#007/182),Roselia da C&iacute;ntia,G,,007,000000000000007,0.0,0.16,0.65,3.00,2025-05-01 11:43:37,1.0,1.0,706.0,0.0,,,,//arquivos/in/pokemon_bkp/cd/706/683a0b24b1a52-mv61i-q9kac-f67d0c4fb2c68709661fb1ac787983c5.jpg
https://www.ligapokemon.com.br/?view=cards/search&card=edid=706%20ed=DRI,DRI,0.43,6.00,7513.0,Cynthia's Roserade (#008/182),Roserade da C&iacute;ntia,G,,008,000000000000008,0.0,0.43,1.51,6.00,2025-05-01 11:43:37,1.0,3.0,706.0,0.0,,,,//arquivos/in/pokemon_bkp/cd/706/683a0b26b63d2-7gfd4-xhm7o-f67d0c4fb2c68709661fb1ac787983c5.jpg
https://www.ligapokemon.com.br/?view=cards/search&card=edid=706%20ed=DRI,DRI,0.14,2.50,1872.0,Mow Rotom (#009/182),Rotom Corte,G,,009,000000000000009,0.0,0.14,0.51,2.50,2025-05-20 17:10:35,1.0,1.0,706.0,0.0,,,,//arquivos/in/pokemon_bkp/cd/706/683a0b28b32b7-0753c-54ga1-f67d0c4fb2c68709661fb1ac787983c5.jpg
https://www.ligapokemon.com.br/?view=cards/search&card=edid=706%20ed=DRI,DRI,0.19,8.99,1398.0,Shaymin (#010/182),Shaymin,G,,010,000000000000010,0.0,0.19,2.59,8.99,2025-05-20 17:10:35,1.0,2.0,706.0,0.0,,,,//arquivos/in/pokemon_bkp/cd/706/683a0b2ab615b-ejqi2-nofu7-f67d0c4fb2c68709661fb1ac787983c5.jpg
https://www.ligapokemon.com.br/?view=cards/search&card=edid=706%20ed=DRI,DRI,0.18,3.90,29.0,Dwebble (#011/182),Dwebble,G,,011,000000000000011,0.0,0.18,0.74,3.90,2025-05-15 18:21:17,1.0,1.0,706.0,0.0,,,,//arquivos/in/pokemon_bkp/cd/706/683a0b2cb051a-nlz1s-xvr6f-f67d0c4fb2c68709661fb1ac787983c5.jpg
https://www.ligapokemon.com.br/?view=cards/search&card=edid=706%20ed=DRI,DRI,0.21,6.00,30.0,Crustle (#012/182),Crustle,G,,012,000000000000012,0.0,0.21,1.01,6.00,2025-05-20 17:10:36,1.0,3.0,706.0,0.0,,,,//arquivos/in/pokemon_bkp/cd/706/683a0b2eb2e7a-r15m6-1lgvd-f67d0c4fb2c68709661fb1ac787983c5.jpg
https://www.ligapokemon.com.br/?view=cards/search&card=edid=706%20ed=DRI,DRI,0.16,2.50,4252.0,Fomantis (#013/182),Fomantis,G,,013,000000000000013,0.0,0.16,0.87,2.50,2025-05-20 17:10:36,1.0,1.0,706.0,0.0,,,,//arquivos/in/pokemon_bkp/cd/706/683a0b30b1578-15irf-nk5gr-f67d0c4fb2c68709661fb1ac787983c5.jpg
https://www.ligapokemon.com.br/?view=cards/search&card=edid=706%20ed=DRI,DRI,0.13,3.00,4367.0,Lurantis (#014/182),Lurantis,G,,014,000000000000014,0.0,0.13,0.70,3.00,2025-05-20 17:10:37,1.0,2.0,706.0,0.0,,,,//arquivos/in/pokemon_bkp/cd/706/683a0b3a3c7bd-k89hx-rmogc-f67d0c4fb2c68709661fb1ac787983c5.jpg
https://www.ligapokemon.com.br/?view=cards/search&card=edid=706%20ed=DRI,DRI,0.06,3.00,7587.0,Team Rocket's Blipbug (#015/182),Blipbug da Equipe Rocket,G,,015,000000000000015,0.0,0.06,0.68,3.00,2025-05-20 17:10:37,1.0,1.0,706.0,0.0,,,,//arquivos/in/pokemon_bkp/cd/706/683a0b77f2f63-u6rp7-bjimy-f67d0c4fb2c68709661fb1ac787983c5.jpg
https://www.ligapokemon.com.br/?view=cards/search&card=edid=706%20ed=DRI,DRI,0.12,2.50,5000.0,Applin (#016/182),Applin,G,,016,000000000000016,0.0,0.12,0.50,2.50,2025-05-20 17:10:37,1.0,1.0,706.0,0.0,,,,//arquivos/in/pokemon_bkp/cd/706/683a0bb80ad5f-8en1c-qoy2n-f67d0c4fb2c68709661fb1ac787983c5.jpg
https://www.ligapokemon.com.br/?view=cards/search&card=edid=706%20ed=DRI,DRI,0.13,2.50,6964.0,Dipplin (#017/182),Dipplin,G,,017,000000000000017,0.0,0.13,0.61,2.50,2025-05-20 17:10:37,1.0,1.0,706.0,0.0,,,,//arquivos/in/pokemon_bkp/cd/706/683a0c0563175-jo2we-hb5tj-f67d0c4fb2c68709661fb1ac787983c5.jpg
https://www.ligapokemon.com.br/?view=cards/search&card=edid=706%20ed=DRI,DRI,0.17,4.50,7514.0,Hydrapple (#018/182),Hydrapple,G,,018,000000000000018,0.0,0.17,1.05,4.50,2025-05-20 17:10:37,1.0,3.0,706.0,0.0,,,,//arquivos/in/pokemon_bkp/cd/706/683a0c41b8a27-i54s9-3fl1i-f67d0c4fb2c68709661fb1ac787983c5.jpg
https://www.ligapokemon.com.br/?view=cards/search&card=edid=706%20ed=DRI,DRI,0.09,3.90,7588.0,Team Rocket's Tarountula (#019/182),Tarountula da Equipe Rocket,G,,019,000000000000019,0.0,0.09,0.95,3.90,2025-05-20 17:10:37,1.0,1.0,706.0,0.0,,,,//arquivos/in/pokemon_bkp/cd/706/683a0c7ed3d18-t2i67-37cyt-f67d0c4fb2c68709661fb1ac787983c5.jpg
https://www.ligapokemon.com.br/?view=cards/search&card=edid=706%20ed=DRI,DRI,0.30,9.90,7589.0,Team Rocket's Spidops (#020/182),Spidops da Equipe Rocket,G,,020,000000000000020,0.0,0.30,1.25,9.90,2025-05-20 17:10:37,1.0,3.0,706.0,0.0,,,,//arquivos/in/pokemon_bkp/cd/706/683a0c93e4b86-jczpq-ablxi-f67d0c4fb2c68709661fb1ac787983c5.jpg
https://www.ligapokemon.com.br/?view=cards/search&card=edid=706%20ed=DRI,DRI,0.09,1.75,6291.0,Smoliv (#021/182),Smoliv,G,,021,000000000000021,0.0,0.09,0.65,1.75,2025-05-20 17:10:37,1.0,1.0,706.0,0.0,,,,//arquivos/in/pokemon_bkp/cd/706/683a0c95ac643-ekh76-2l7sc-f67d0c4fb2c68709661fb1ac787983c5.jpg
https://www.ligapokemon.com.br/?view=cards/search&card=edid=706%20ed=DRI,DRI,0.16,2.00,6292.0,Dolliv (#022/182),Dolliv,G,,022,000000000000022,0.0,0.16,0.64,2.00,2025-05-20 17:10:37,1.0,1.0,706.0,0.0,,,,//arquivos/in/pokemon_bkp/cd/706/683a0c977b0a2-z1c48-0znqm-f67d0c4fb2c68709661fb1ac787983c5.jpg
https://www.ligapokemon.com.br/?view=cards/search&card=edid=706%20ed=DRI,DRI,4.49,29.90,7590.0,Arboliva ex (#023/182),Arboliva ex,G,,023,000000000000023,0.0,4.49,10.01,29.90,2025-05-20 17:10:38,1.0,20.0,706.0,0.0,,,,//arquivos/in/pokemon_bkp/cd/706/683a0c9958d9b-3sog1-s7oli-f67d0c4fb2c68709661fb1ac787983c5.jpg
https://www.ligapokemon.com.br/?view=cards/search&card=edid=706%20ed=DRI,DRI,0.08,3.00,6434.0,Rellor (#024/182),Rellor,G,,024,000000000000024,0.0,0.08,0.42,3.00,2025-05-20 17:10:39,1.0,1.0,706.0,0.0,,,,//arquivos/in/pokemon_bkp/cd/706/683a0c9b39393-3spzx-qph4t-f67d0c4fb2c68709661fb1ac787983c5.jpg
https://www.ligapokemon.com.br/?view=cards/search&card=edid=706%20ed=DRI,DRI,1.99,14.90,7286.0,Rabsca ex (#025/182),Rabsca ex,G,,025,000000000000025,0.0,1.99,8.47,14.90,2025-05-20 17:10:39,1.0,20.0,706.0,0.0,,,,//arquivos/in/pokemon_bkp/cd/706/683a0c9d0dc7b-p69mu-1s9im-f67d0c4fb2c68709661fb1ac787983c5.jpg
https://www.ligapokemon.com.br/?view=cards/search&card=edid=706%20ed=DRI,DRI,0.15,2.65,6979.0,Teal Mask Ogerpon (#026/182),Ogerpon M&aacute;scara Turquesa,G,,026,000000000000026,0.0,0.15,0.87,2.65,2025-05-15 18:21:17,1.0,2.0,706.0,0.0,,,,//arquivos/in/pokemon_bkp/cd/706/683a0c9ed782e-oy8w7-wyu9c-f67d0c4fb2c68709661fb1ac787983c5.jpg
https://www.ligapokemon.com.br/?view=cards/search&card=edid=706%20ed=DRI,DRI,0.16,3.00,122.0,Growlithe (#027/182),Growlithe,R,,027,000000000000027,0.0,0.16,0.70,3.00,2025-05-20 17:10:39,1.0,1.0,706.0,0.0,,,,//arquivos/in/pokemon_bkp/cd/706/683a0ca0a4382-se3if-kzifl-f67d0c4fb2c68709661fb1ac787983c5.jpg
https://www.ligapokemon.com.br/?view=cards/search&card=edid=706%20ed=DRI,DRI,0.16,2.50,267.0,Arcanine (#028/182),Arcanine,R,,028,000000000000028,0.0,0.16,0.71,2.50,2025-05-20 17:10:39,1.0,2.0,706.0,0.0,,,,//arquivos/in/pokemon_bkp/cd/706/683a0ca26dbd9-sopgh-okwn0-f67d0c4fb2c68709661fb1ac787983c5.jpg
https://www.ligapokemon.com.br/?view=cards/search&card=edid=706%20ed=DRI,DRI,0.19,2.40,694.0,Ponyta (#029/182),Ponyta,R,,029,000000000000029,0.0,0.19,0.59,2.40,2025-05-20 17:10:39,1.0,1.0,706.0,0.0,,,,//arquivos/in/pokemon_bkp/cd/706/683a0ca4577de-cv46j-rc6e0-f67d0c4fb2c68709661fb1ac787983c5.jpg
https://www.ligapokemon.com.br/?view=cards/search&card=edid=706%20ed=DRI,DRI,0.14,2.00,683.0,Rapidash (#030/182),Rapidash,R,,030,000000000000030,0.0,0.14,0.76,2.00,2025-05-20 17:10:39,1.0,2.0,706.0,0.0,,,,//arquivos/in/pokemon_bkp/cd/706/683a0ca62cd19-2v6l7-zv5ks-f67d0c4fb2c68709661fb1ac787983c5.jpg
https://www.ligapokemon.com.br/?view=cards/search&card=edid=706%20ed=DRI,DRI,5.00,30.00,7591.0,Team Rocket's Moltres ex (#031/182),Moltres ex da Equipe Rocket,R,,031,000000000000031,0.0,5.00,13.50,30.00,2025-05-20 17:10:39,1.0,20.0,706.0,0.0,,,,//arquivos/in/pokemon_bkp/cd/706/683a0ca80b215-6bvok-hx92v-f67d0c4fb2c68709661fb1ac787983c5.jpg
https://www.ligapokemon.com.br/?view=cards/search&card=edid=706%20ed=DRI,DRI,0.19,3.90,7515.0,Ethan's Cyndaquil (#032/182),Cyndaquil do Ethan,R,,032,000000000000032,0.0,0.19,0.80,3.90,2025-05-15 18:21:18,1.0,1.0,706.0,0.0,,,,//arquivos/in/pokemon_bkp/cd/706/683a0ca9d1cdc-1adme-xycwt-f67d0c4fb2c68709661fb1ac787983c5.jpg
https://www.ligapokemon.com.br/?view=cards/search&card=edid=706%20ed=DRI,DRI,0.25,4.90,7516.0,Ethan's Quilava (#033/182),Quilava do Ethan,R,,033,000000000000033,0.0,0.25,1.68,4.90,2025-05-20 17:10:39,1.0,1.0,706.0,0.0,,,,//arquivos/in/pokemon_bkp/cd/706/683a0cab9eceb-ksb6g-bkehm-f67d0c4fb2c68709661fb1ac787983c5.jpg
https://www.ligapokemon.com.br/?view=cards/search&card=edid=706%20ed=DRI,DRI,0.50,34.95,7517.0,Ethan's Typhlosion (#034/182),Typhlosion do Ethan,R,,034,000000000000034,0.0,0.50,10.14,34.95,2025-05-20 17:10:39,1.0,3.0,706.0,0.0,,,,//arquivos/in/pokemon_bkp/cd/706/683a0cad7083a-zw1qi-7s0te-f67d0c4fb2c68709661fb1ac787983c5.jpg
https://www.ligapokemon.com.br/?view=cards/search&card=edid=706%20ed=DRI,DRI,0.09,3.50,7518.0,Ethan's Slugma (#035/182),Slugma do Ethan,R,,035,000000000000035,0.0,0.09,0.70,3.50,2025-05-01 11:43:38,1.0,1.0,706.0,0.0,,,,//arquivos/in/pokemon_bkp/cd/706/683a0caf3715a-xce3p-lbak4-f67d0c4fb2c68709661fb1ac787983c5.jpg
https://www.ligapokemon.com.br/?view=cards/search&card=edid=706%20ed=DRI,DRI,0.20,6.00,7519.0,Ethan's Magcargo (#036/182),Magcargo do Ethan,R,,036,000000000000036,0.0,0.20,1.00,6.00,2025-05-01 11:43:38,1.0,3.0,706.0,0.0,,,,//arquivos/in/pokemon_bkp/cd/706/683a0cb10ad4b-y54fi-fva05-f67d0c4fb2c68709661fb1ac787983c5.jpg
https://www.ligapokemon.com.br/?view=cards/search&card=edid=706%20ed=DRI,DRI,0.08,2.50,7592.0,Team Rocket's Houndour (#037/182),Houndour da Equipe Rocket,R,,037,000000000000037,0.0,0.08,0.56,2.50,2025-05-20 17:10:39,1.0,1.0,706.0,0.0,,,,//arquivos/in/pokemon_bkp/cd/706/683a0cb2cda5f-92t6x-jh5vg-f67d0c4fb2c68709661fb1ac787983c5.jpg
https://www.ligapokemon.com.br/?view=cards/search&card=edid=706%20ed=DRI,DRI,0.14,2.90,7593.0,Team Rocket's Houndoom (#038/182),Houndoom da Equipe Rocket,R,,038,000000000000038,0.0,0.14,0.66,2.90,2025-05-20 17:10:40,1.0,2.0,706.0,0.0,,,,//arquivos/in/pokemon_bkp/cd/706/683a0cb497111-ryhvf-fvxz2-f67d0c4fb2c68709661fb1ac787983c5.jpg
https://www.ligapokemon.com.br/?view=cards/search&card=edid=706%20ed=DRI,DRI,4.99,44.90,7339.0,Ethan's Ho-Oh ex (#039/182),Ho-Oh ex do Ethan,R,,039,000000000000039,0.0,4.99,11.11,44.90,2025-05-20 17:10:41,1.0,20.0,706.0,0.0,,,,//arquivos/in/pokemon_bkp/cd/706/683a0cb666338-uomvk-yz2w8-f67d0c4fb2c68709661fb1ac787983c5.jpg
https://www.ligapokemon.com.br/?view=cards/search&card=edid=706%20ed=DRI,DRI,0.13,3.90,123.0,Torchic (#040/182),Torchic,R,,040,000000000000040,0.0,0.13,0.82,3.90,2025-05-20 17:10:41,1.0,1.0,706.0,0.0,,,,//arquivos/in/pokemon_bkp/cd/706/683a0cb841067-zbg8u-e0ot4-f67d0c4fb2c68709661fb1ac787983c5.jpg
https://www.ligapokemon.com.br/?view=cards/search&card=edid=706%20ed=DRI,DRI,0.15,3.90,138.0,Combusken (#041/182),Combusken,R,,041,000000000000041,0.0,0.15,0.93,3.90,2025-05-20 17:10:41,1.0,1.0,706.0,0.0,,,,//arquivos/in/pokemon_bkp/cd/706/683a0cba0d1e9-telxc-ylp41-f67d0c4fb2c68709661fb1ac787983c5.jpg
https://www.ligapokemon.com.br/?view=cards/search&card=edid=706%20ed=DRI,DRI,0.25,4.75,148.0,Blaziken (#042/182),Blaziken,R,,042,000000000000042,0.0,0.25,0.93,4.75,2025-05-20 17:10:41,1.0,3.0,706.0,0.0,,,,//arquivos/in/pokemon_bkp/cd/706/683a0cbc15022-25pma-xjq7m-f67d0c4fb2c68709661fb1ac787983c5.jpg
https://www.ligapokemon.com.br/?view=cards/search&card=edid=706%20ed=DRI,DRI,0.09,2.50,1871.0,Heat Rotom (#043/182),Heat Rotom,R,,043,000000000000043,0.0,0.09,0.46,2.50,2025-05-20 17:10:41,1.0,1.0,706.0,0.0,,,,//arquivos/in/pokemon_bkp/cd/706/683a0cbde0207-21a5h-pwaeh-f67d0c4fb2c68709661fb1ac787983c5.jpg
https://www.ligapokemon.com.br/?view=cards/search&card=edid=706%20ed=DRI,DRI,0.13,2.50,7520.0,Hearthflame Mask Ogerpon (#044/182),Ogerpon M&aacute;scara Fornalha,R,,044,000000000000044,0.0,0.13,0.73,2.50,2025-05-15 18:21:18,1.0,2.0,706.0,0.0,,,,//arquivos/in/pokemon_bkp/cd/706/683a0cbfb0f8c-g7azw-pvmcx-f67d0c4fb2c68709661fb1ac787983c5.jpg
https://www.ligapokemon.com.br/?view=cards/search&card=edid=706%20ed=DRI,DRI,0.20,4.04,4452.0,Misty's Psyduck (#045/182),Psyduck da Misty,W,,045,000000000000045,0.0,0.20,0.62,4.04,2025-05-01 11:43:38,1.0,2.0,706.0,0.0,,,,//arquivos/in/pokemon_bkp/cd/706/683a0cc18e981-epu7o-zp82y-f67d0c4fb2c68709661fb1ac787983c5.jpg
https://www.ligapokemon.com.br/?view=cards/search&card=edid=706%20ed=DRI,DRI,0.10,2.50,1365.0,Misty's Staryu (#046/182),Staryu da Misty,W,,046,000000000000046,0.0,0.10,0.60,2.50,2025-05-01 11:43:38,1.0,1.0,706.0,0.0,,,,//arquivos/in/pokemon_bkp/cd/706/683a0cc3698ae-kf8mx-n61xa-f67d0c4fb2c68709661fb1ac787983c5.jpg
https://www.ligapokemon.com.br/?view=cards/search&card=edid=706%20ed=DRI,DRI,0.17,3.90,1345.0,Misty's Starmie (#047/182),Starmie da Misty,W,,047,000000000000047,0.0,0.17,0.59,3.90,2025-05-01 11:43:38,1.0,2.0,706.0,0.0,,,,//arquivos/in/pokemon_bkp/cd/706/683a0cc534633-e5xvc-q7s6w-f67d0c4fb2c68709661fb1ac787983c5.jpg
https://www.ligapokemon.com.br/?view=cards/search&card=edid=706%20ed=DRI,DRI,0.08,8.00,1753.0,Misty's Magikarp (#048/182),Magikarp da Misty,W,,048,000000000000048,0.0,0.08,0.76,8.00,2025-05-01 11:43:38,1.0,1.0,706.0,0.0,,,,//arquivos/in/pokemon_bkp/cd/706/683a0cc6f1ca7-pb8ge-tqhxo-f67d0c4fb2c68709661fb1ac787983c5.jpg
https://www.ligapokemon.com.br/?view=cards/search&card=edid=706%20ed=DRI,DRI,0.25,30.00,1702.0,Misty's Gyarados (#049/182),Gyarados da Misty,W,,049,000000000000049,0.0,0.25,8.15,30.00,2025-05-01 11:43:38,1.0,3.0,706.0,0.0,,,,//arquivos/in/pokemon_bkp/cd/706/683a0cc8bd987-kdc1p-y8exm-f67d0c4fb2c68709661fb1ac787983c5.jpg
https://www.ligapokemon.com.br/?view=cards/search&card=edid=706%20ed=DRI,DRI,0.11,3.00,5553.0,Misty's Lapras (#050/182),Lapras da Misty,W,,050,000000000000050,0.0,0.11,1.26,3.00,2025-05-20 17:10:41,1.0,1.0,706.0,0.0,,,,//arquivos/in/pokemon_bkp/cd/706/683a0cca908ec-fgde8-y7aud-f67d0c4fb2c68709661fb1ac787983c5.jpg
https://www.ligapokemon.com.br/?view=cards/search&card=edid=706%20ed=DRI,DRI,0.45,12.25,7594.0,Team Rocket's Articuno (#051/182),Articuno da Equipe Rocket,W,,051,000000000000051,0.0,0.45,3.27,12.25,2025-05-20 17:10:42,1.0,3.0,706.0,0.0,,,,//arquivos/in/pokemon_bkp/cd/706/683a0ccc629fd-8z56m-bhjmf-f67d0c4fb2c68709661fb1ac787983c5.jpg
https://www.ligapokemon.com.br/?view=cards/search&card=edid=706%20ed=DRI,DRI,0.13,2.50,7521.0,Cynthia's Feebas (#052/182),Feebas da C&iacute;ntia,W,,052,000000000000052,0.0,0.13,0.72,2.50,2025-05-20 17:10:42,1.0,1.0,706.0,0.0,,,,//arquivos/in/pokemon_bkp/cd/706/683a0cce2ffd4-lgv17-5uwnp-f67d0c4fb2c68709661fb1ac787983c5.jpg
https://www.ligapokemon.com.br/?view=cards/search&card=edid=706%20ed=DRI,DRI,0.17,3.90,7522.0,Cynthia's Milotic (#053/182),Milotic da C&iacute;ntia,W,,053,000000000000053,0.0,0.17,0.96,3.90,2025-05-20 17:10:42,1.0,2.0,706.0,0.0,,,,//arquivos/in/pokemon_bkp/cd/706/683a0ccfee234-ivo4d-qegyz-f67d0c4fb2c68709661fb1ac787983c5.jpg
https://www.ligapokemon.com.br/?view=cards/search&card=edid=706%20ed=DRI,DRI,0.15,3.50,203.0,Clamperl (#054/182),Clamperl,W,,054,000000000000054,0.0,0.15,0.66,3.50,2025-05-20 17:10:43,1.0,1.0,706.0,0.0,,,,//arquivos/in/pokemon_bkp/cd/706/683a0cd1b5ce4-1zrw9-qrdpv-f67d0c4fb2c68709661fb1ac787983c5.jpg
https://www.ligapokemon.com.br/?view=cards/search&card=edid=706%20ed=DRI,DRI,0.14,3.50,182.0,Huntail (#055/182),Huntail,W,,055,000000000000055,0.0,0.14,0.59,3.50,2025-05-20 17:10:43,1.0,2.0,706.0,0.0,,,,//arquivos/in/pokemon_bkp/cd/706/683a0cd38112e-jmt26-pi1o4-f67d0c4fb2c68709661fb1ac787983c5.jpg
https://www.ligapokemon.com.br/?view=cards/search&card=edid=706%20ed=DRI,DRI,0.19,6.00,178.0,Gorebyss (#056/182),Gorebyss,W,,056,000000000000056,0.0,0.19,0.84,6.00,2025-05-20 17:10:43,1.0,3.0,706.0,0.0,,,,//arquivos/in/pokemon_bkp/cd/706/683a0cd54c8a2-91mpn-e3bfp-f67d0c4fb2c68709661fb1ac787983c5.jpg
https://www.ligapokemon.com.br/?view=cards/search&card=edid=706%20ed=DRI,DRI,0.16,2.55,6.0,Buizel (#057/182),Buizel,W,,057,000000000000057,0.0,0.16,0.65,2.55,2025-05-20 17:10:43,1.0,1.0,706.0,0.0,,,,//arquivos/in/pokemon_bkp/cd/706/683a0cd72c6ea-ri0j7-ubd4a-f67d0c4fb2c68709661fb1ac787983c5.jpg
https://www.ligapokemon.com.br/?view=cards/search&card=edid=706%20ed=DRI,DRI,0.10,2.00,177.0,Floatzel (#058/182),Floatzel,W,,058,000000000000058,0.0,0.10,0.61,2.00,2025-05-20 17:10:43,1.0,2.0,706.0,0.0,,,,//arquivos/in/pokemon_bkp/cd/706/683a0cd8e7c90-ct482-btxv1-f67d0c4fb2c68709661fb1ac787983c5.jpg
https://www.ligapokemon.com.br/?view=cards/search&card=edid=706%20ed=DRI,DRI,0.09,2.50,696.0,Snover (#059/182),Snover,W,,059,000000000000059,0.0,0.09,0.60,2.50,2025-05-20 17:10:44,1.0,1.0,706.0,0.0,,,,//arquivos/in/pokemon_bkp/cd/706/683a0cdab2876-zsxgy-ka4tw-f67d0c4fb2c68709661fb1ac787983c5.jpg
https://www.ligapokemon.com.br/?view=cards/search&card=edid=706%20ed=DRI,DRI,0.10,2.50,679.0,Abomasnow (#060/182),Abomasnow,W,,060,000000000000060,0.0,0.10,0.64,2.50,2025-05-20 17:10:44,1.0,2.0,706.0,0.0,,,,//arquivos/in/pokemon_bkp/cd/706/683a0cdc8a7d7-a8ns3-6qtzo-f67d0c4fb2c68709661fb1ac787983c5.jpg
https://www.ligapokemon.com.br/?view=cards/search&card=edid=706%20ed=DRI,DRI,0.12,2.00,1873.0,Wash Rotom (#061/182),Wash Rotom,W,,061,000000000000061,0.0,0.12,0.62,2.00,2025-05-20 17:10:44,1.0,1.0,706.0,0.0,,,,//arquivos/in/pokemon_bkp/cd/706/683a0cde5fb31-uety6-tfp9e-f67d0c4fb2c68709661fb1ac787983c5.jpg
https://www.ligapokemon.com.br/?view=cards/search&card=edid=706%20ed=DRI,DRI,0.09,2.50,5043.0,Arrokuda (#062/182),Arrokuda,W,,062,000000000000062,0.0,0.09,0.63,2.50,2025-05-20 17:10:44,1.0,1.0,706.0,0.0,,,,//arquivos/in/pokemon_bkp/cd/706/683a0ce03c8e8-n7l2y-f3n87-f67d0c4fb2c68709661fb1ac787983c5.jpg
https://www.ligapokemon.com.br/?view=cards/search&card=edid=706%20ed=DRI,DRI,0.09,3.00,5029.0,Barraskewda (#063/182),Barraskewda,W,,063,000000000000063,0.0,0.09,0.73,3.00,2025-05-20 17:10:44,1.0,2.0,706.0,0.0,,,,//arquivos/in/pokemon_bkp/cd/706/683a0ce218a7b-x1osg-dosk0-f67d0c4fb2c68709661fb1ac787983c5.jpg
https://www.ligapokemon.com.br/?view=cards/search&card=edid=706%20ed=DRI,DRI,0.08,2.00,6328.0,Cetoddle (#064/182),Cetoddle,W,,064,000000000000064,0.0,0.08,0.70,2.00,2025-05-20 17:10:45,1.0,1.0,706.0,0.0,,,,//arquivos/in/pokemon_bkp/cd/706/683a0ce3e0451-mk1dt-lx7hj-f67d0c4fb2c68709661fb1ac787983c5.jpg
https://www.ligapokemon.com.br/?view=cards/search&card=edid=706%20ed=DRI,DRI,2.70,14.90,7595.0,Cetitan ex (#065/182),Cetitan ex,W,,065,000000000000065,0.0,2.70,7.30,14.90,2025-05-20 17:10:45,1.0,20.0,706.0,0.0,,,,//arquivos/in/pokemon_bkp/cd/706/683a0ce5aacc5-kjmf1-dexb2-f67d0c4fb2c68709661fb1ac787983c5.jpg
https://www.ligapokemon.com.br/?view=cards/search&card=edid=706%20ed=DRI,DRI,3.15,14.90,7523.0,Dondozo ex (#066/182),Dondozo ex,W,,066,000000000000066,0.0,3.15,7.63,14.90,2025-05-20 17:10:45,1.0,20.0,706.0,0.0,,,,//arquivos/in/pokemon_bkp/cd/706/683a0ce776cb1-2yies-73kyl-f67d0c4fb2c68709661fb1ac787983c5.jpg
https://www.ligapokemon.com.br/?view=cards/search&card=edid=706%20ed=DRI,DRI,0.14,2.00,7524.0,Wellspring Mask Ogerpon (#067/182),Ogerpon M&aacute;scara Nascente,W,,067,000000000000067,0.0,0.14,0.72,2.00,2025-05-15 18:21:18,1.0,2.0,706.0,0.0,,,,//arquivos/in/pokemon_bkp/cd/706/683a0ce93dedb-16u42-3e8vx-f67d0c4fb2c68709661fb1ac787983c5.jpg
https://www.ligapokemon.com.br/?view=cards/search&card=edid=706%20ed=DRI,DRI,0.07,2.50,323.0,Electabuzz (#068/182),Electabuzz,L,,068,000000000000068,0.0,0.07,0.69,2.50,2025-05-20 17:10:46,1.0,1.0,706.0,0.0,,,,//arquivos/in/pokemon_bkp/cd/706/683a0ceb07ade-7vudw-0zlkt-f67d0c4fb2c68709661fb1ac787983c5.jpg
https://www.ligapokemon.com.br/?view=cards/search&card=edid=706%20ed=DRI,DRI,4.00,14.90,7525.0,Electivire ex (#069/182),Electivire ex,L,,069,000000000000069,0.0,4.00,8.19,14.90,2025-05-20 17:10:46,1.0,20.0,706.0,0.0,,,,//arquivos/in/pokemon_bkp/cd/706/683a0cecc15a5-5w4zu-7sqfm-f67d0c4fb2c68709661fb1ac787983c5.jpg
https://www.ligapokemon.com.br/?view=cards/search&card=edid=706%20ed=DRI,DRI,0.24,6.00,7596.0,Team Rocket's Zapdos (#070/182),Zapdos da Equipe Rocket,L,,070,000000000000070,0.0,0.24,0.99,6.00,2025-05-20 17:10:46,1.0,3.0,706.0,0.0,,,,//arquivos/in/pokemon_bkp/cd/706/683a0cee946c8-mha6e-t7ne4-f67d0c4fb2c68709661fb1ac787983c5.jpg
https://www.ligapokemon.com.br/?view=cards/search&card=edid=706%20ed=DRI,DRI,0.16,4.75,7526.0,Ethan's Pichu (#071/182),Pichu do Ethan,L,,071,000000000000071,0.0,0.16,0.93,4.75,2025-05-01 11:43:38,1.0,1.0,706.0,0.0,,,,//arquivos/in/pokemon_bkp/cd/706/683a0cf066cbd-ybhod-ycr29-f67d0c4fb2c68709661fb1ac787983c5.jpg
https://www.ligapokemon.com.br/?view=cards/search&card=edid=706%20ed=DRI,DRI,0.10,3.90,7597.0,Team Rocket's Mareep (#072/182),Mareep da Equipe Rocket,L,,072,000000000000072,0.0,0.10,0.76,3.90,2025-05-01 11:43:39,1.0,1.0,706.0,0.0,,,,//arquivos/in/pokemon_bkp/cd/706/683a0cf234193-i0bvu-cwmn9-f67d0c4fb2c68709661fb1ac787983c5.jpg
https://www.ligapokemon.com.br/?view=cards/search&card=edid=706%20ed=DRI,DRI,0.15,3.90,7598.0,Team Rocket's Flaaffy (#073/182),Flaaffy da Equipe Rocket,L,,073,000000000000073,0.0,0.15,0.71,3.90,2025-05-20 17:10:46,1.0,1.0,706.0,0.0,,,,//arquivos/in/pokemon_bkp/cd/706/683a0cf3f3066-lf793-yojq1-f67d0c4fb2c68709661fb1ac787983c5.jpg
https://www.ligapokemon.com.br/?view=cards/search&card=edid=706%20ed=DRI,DRI,0.14,4.90,7599.0,Team Rocket's Ampharos (#074/182),Ampharos da Equipe Rocket,L,,074,000000000000074,0.0,0.14,0.89,4.90,2025-05-20 17:10:46,1.0,2.0,706.0,0.0,,,,//arquivos/in/pokemon_bkp/cd/706/683a0cf5c28f5-yhosg-p4fkh-f67d0c4fb2c68709661fb1ac787983c5.jpg
https://www.ligapokemon.com.br/?view=cards/search&card=edid=706%20ed=DRI,DRI,0.13,2.50,394.0,Electrike (#075/182),Electrike,L,,075,000000000000075,0.0,0.13,0.67,2.50,2025-05-20 17:10:47,1.0,1.0,706.0,0.0,,,,//arquivos/in/pokemon_bkp/cd/706/683a0cf78aef4-p1n50-k0b5j-f67d0c4fb2c68709661fb1ac787983c5.jpg
https://www.ligapokemon.com.br/?view=cards/search&card=edid=706%20ed=DRI,DRI,0.11,3.00,382.0,Manectric (#076/182),Manectric,L,,076,000000000000076,0.0,0.11,0.62,3.00,2025-05-20 17:10:47,1.0,2.0,706.0,0.0,,,,//arquivos/in/pokemon_bkp/cd/706/683a0cf993099-r28y6-41mbf-f67d0c4fb2c68709661fb1ac787983c5.jpg
https://www.ligapokemon.com.br/?view=cards/search&card=edid=706%20ed=DRI,DRI,0.17,2.50,5.0,Rotom (#077/182),Rotom,L,,077,000000000000077,0.0,0.17,0.66,2.50,2025-05-20 17:10:48,1.0,1.0,706.0,0.0,,,,//arquivos/in/pokemon_bkp/cd/706/683a0cfb64b99-fdcwz-jz80v-f67d0c4fb2c68709661fb1ac787983c5.jpg
https://www.ligapokemon.com.br/?view=cards/search&card=edid=706%20ed=DRI,DRI,0.25,6.00,4737.0,Zeraora (#078/182),Zeraora,L,,078,000000000000078,0.0,0.25,1.17,6.00,2025-05-20 17:10:48,1.0,3.0,706.0,0.0,,,,//arquivos/in/pokemon_bkp/cd/706/683a0cfd38622-1tynq-v7wcy-f67d0c4fb2c68709661fb1ac787983c5.jpg
https://www.ligapokemon.com.br/?view=cards/search&card=edid=706%20ed=DRI,DRI,0.09,2.50,7600.0,Team Rocket's Drowzee (#079/182),Drowzee da Equipe Rocket,P,,079,000000000000079,0.0,0.09,0.62,2.50,2025-05-20 17:10:48,1.0,1.0,706.0,0.0,,,,//arquivos/in/pokemon_bkp/cd/706/683a0cff0e96a-2qmd6-evdm2-f67d0c4fb2c68709661fb1ac787983c5.jpg
https://www.ligapokemon.com.br/?view=cards/search&card=edid=706%20ed=DRI,DRI,0.16,3.00,7601.0,Team Rocket's Hypno (#080/182),Hypno da Equipe Rocket,P,,080,000000000000080,0.0,0.16,0.68,3.00,2025-05-20 17:10:48,1.0,2.0,706.0,0.0,,,,//arquivos/in/pokemon_bkp/cd/706/683a0d00d51b6-b4itp-nxica-f67d0c4fb2c68709661fb1ac787983c5.jpg
https://www.ligapokemon.com.br/?view=cards/search&card=edid=706%20ed=DRI,DRI,8.90,89.90,7586.0,Team Rocket's Mewtwo ex (#081/182),Mewtwo ex da Equipe Rocket,P,,081,000000000000081,0.0,8.90,23.73,89.90,2025-05-20 17:10:48,3.0,20.0,706.0,0.0,,,,//arquivos/in/pokemon_bkp/cd/706/683a0d02aa461-9udiy-i94jz-f67d0c4fb2c68709661fb1ac787983c5.jpg
https://www.ligapokemon.com.br/?view=cards/search&card=edid=706%20ed=DRI,DRI,0.25,6.00,7584.0,Team Rocket's Wobbuffet (#082/182),Wobbuffet da Equipe Rocket,P,,082,000000000000082,0.0,0.25,1.03,6.00,2025-05-20 17:10:48,1.0,3.0,706.0,0.0,,,,//arquivos/in/pokemon_bkp/cd/706/683a0d046fd19-7cde1-pwq6j-f67d0c4fb2c68709661fb1ac787983c5.jpg
https://www.ligapokemon.com.br/?view=cards/search&card=edid=706%20ed=DRI,DRI,0.14,3.00,7568.0,Steven's Baltoy (#083/182),Baltoy do Steven,P,,083,000000000000083,0.0,0.14,0.98,3.00,2025-05-20 17:10:48,1.0,1.0,706.0,0.0,,,,//arquivos/in/pokemon_bkp/cd/706/683a0d0633950-gn0wc-e3ro2-f67d0c4fb2c68709661fb1ac787983c5.jpg
https://www.ligapokemon.com.br/?view=cards/search&card=edid=706%20ed=DRI,DRI,0.13,3.00,7569.0,Steven's Claydol (#084/182),Claydol do Steven,P,,084,000000000000084,0.0,0.13,0.57,3.00,2025-05-20 17:10:48,1.0,2.0,706.0,0.0,,,,//arquivos/in/pokemon_bkp/cd/706/683a0d07f20cd-a01l6-rip2m-f67d0c4fb2c68709661fb1ac787983c5.jpg
https://www.ligapokemon.com.br/?view=cards/search&card=edid=706%20ed=DRI,DRI,0.08,3.00,7602.0,Team Rocket's Chingling (#085/182),Chingling da Equipe Rocket,P,,085,000000000000085,0.0,0.08,0.69,3.00,2025-05-20 17:10:49,1.0,1.0,706.0,0.0,,,,//arquivos/in/pokemon_bkp/cd/706/683a0d09c86b4-tux4g-bsjm4-f67d0c4fb2c68709661fb1ac787983c5.jpg
https://www.ligapokemon.com.br/?view=cards/search&card=edid=706%20ed=DRI,DRI,0.16,2.90,7570.0,Steven's Carbink (#086/182),Carbink do Steven,P,,086,000000000000086,0.0,0.16,0.71,2.90,2025-05-20 17:10:49,1.0,1.0,706.0,0.0,,,,//arquivos/in/pokemon_bkp/cd/706/683a0d0b8f447-6rbd0-fnd6s-f67d0c4fb2c68709661fb1ac787983c5.jpg
https://www.ligapokemon.com.br/?view=cards/search&card=edid=706%20ed=DRI,DRI,0.20,80.00,7603.0,Team Rocket's Mimikyu (#087/182),Mimikyu da Equipe Rocket,P,,087,000000000000087,0.0,0.20,14.12,80.00,2025-05-20 17:10:50,1.0,2.0,706.0,0.0,,,,//arquivos/in/pokemon_bkp/cd/706/683a0d0d52ad7-cfeoy-i2o4z-f67d0c4fb2c68709661fb1ac787983c5.jpg
https://www.ligapokemon.com.br/?view=cards/search&card=edid=706%20ed=DRI,DRI,0.13,3.00,7604.0,Team Rocket's Dottler (#088/182),Dottler da Equipe Rocket,P,,088,000000000000088,0.0,0.13,0.77,3.00,2025-05-20 17:10:50,1.0,1.0,706.0,0.0,,,,//arquivos/in/pokemon_bkp/cd/706/683a0d0f1b847-z51fn-92die-f67d0c4fb2c68709661fb1ac787983c5.jpg
https://www.ligapokemon.com.br/?view=cards/search&card=edid=706%20ed=DRI,DRI,0.16,2.50,7605.0,Team Rocket's Orbeetle (#089/182),Orbeetle da Equipe Rocket,P,,089,000000000000089,0.0,0.16,0.70,2.50,2025-05-20 17:10:50,1.0,2.0,706.0,0.0,,,,//arquivos/in/pokemon_bkp/cd/706/683a0d10d876a-sw2ia-gn6ts-f67d0c4fb2c68709661fb1ac787983c5.jpg
https://www.ligapokemon.com.br/?view=cards/search&card=edid=706%20ed=DRI,DRI,0.12,3.00,218.0,Mankey (#090/182),Mankey,F,,090,000000000000090,0.0,0.12,0.92,3.00,2025-05-20 17:10:50,1.0,1.0,706.0,0.0,,,,//arquivos/in/pokemon_bkp/cd/706/683a0d129d3cd-e4y9f-6wopn-f67d0c4fb2c68709661fb1ac787983c5.jpg
https://www.ligapokemon.com.br/?view=cards/search&card=edid=706%20ed=DRI,DRI,0.13,3.00,169.0,Primeape (#091/182),Primeape,F,,091,000000000000091,0.0,0.13,0.61,3.00,2025-05-20 17:10:50,1.0,1.0,706.0,0.0,,,,//arquivos/in/pokemon_bkp/cd/706/683a0d14757e7-bgsvr-20l96-f67d0c4fb2c68709661fb1ac787983c5.jpg
https://www.ligapokemon.com.br/?view=cards/search&card=edid=706%20ed=DRI,DRI,0.21,6.12,6337.0,Annihilape (#092/182),Annihilape,F,,092,000000000000092,0.0,0.21,0.83,6.12,2025-05-20 17:10:50,1.0,3.0,706.0,0.0,,,,//arquivos/in/pokemon_bkp/cd/706/683a0d1647513-q5u3s-hzlr9-f67d0c4fb2c68709661fb1ac787983c5.jpg
https://www.ligapokemon.com.br/?view=cards/search&card=edid=706%20ed=DRI,DRI,0.08,3.90,7527.0,Ethan's Sudowoodo (#093/182),Sudowoodo do Ethan,F,,093,000000000000093,0.0,0.08,0.78,3.90,2025-05-20 17:10:50,1.0,1.0,706.0,0.0,,,,//arquivos/in/pokemon_bkp/cd/706/683a0d1836f5a-ps3qb-t2o4f-f67d0c4fb2c68709661fb1ac787983c5.jpg
https://www.ligapokemon.com.br/?view=cards/search&card=edid=706%20ed=DRI,DRI,0.07,2.90,7606.0,Team Rocket's Larvitar (#094/182),Larvitar da Equipe Rocket,F,,094,000000000000094,0.0,0.07,0.70,2.90,2025-05-20 17:10:50,1.0,1.0,706.0,0.0,,,,//arquivos/in/pokemon_bkp/cd/706/683a0d1a16c61-rcgbi-l9wjv-f67d0c4fb2c68709661fb1ac787983c5.jpg
https://www.ligapokemon.com.br/?view=cards/search&card=edid=706%20ed=DRI,DRI,0.14,3.90,7607.0,Team Rocket's Pupitar (#095/182),Pupitar da Equipe Rocket,F,,095,000000000000095,0.0,0.14,0.64,3.90,2025-05-20 17:10:50,1.0,1.0,706.0,0.0,,,,//arquivos/in/pokemon_bkp/cd/706/683a0d1be0e23-l5w6j-iy9lx-f67d0c4fb2c68709661fb1ac787983c5.jpg
https://www.ligapokemon.com.br/?view=cards/search&card=edid=706%20ed=DRI,DRI,0.20,70.00,7608.0,Team Rocket's Tyranitar (#096/182),Tyranitar da Equipe Rocket,F,,096,000000000000096,0.0,0.20,12.65,70.00,2025-05-20 17:10:51,1.0,3.0,706.0,0.0,,,,//arquivos/in/pokemon_bkp/cd/706/683a0d1db8206-xpcqb-4a8st-f67d0c4fb2c68709661fb1ac787983c5.jpg
https://www.ligapokemon.com.br/?view=cards/search&card=edid=706%20ed=DRI,DRI,0.14,2.50,931.0,Nosepass (#097/182),Nosepass,F,,097,000000000000097,0.0,0.14,0.73,2.50,2025-05-20 17:10:52,1.0,1.0,706.0,0.0,,,,//arquivos/in/pokemon_bkp/cd/706/683a0d1f86223-ie07k-eid7k-f67d0c4fb2c68709661fb1ac787983c5.jpg
https://www.ligapokemon.com.br/?view=cards/search&card=edid=706%20ed=DRI,DRI,0.11,2.50,1002.0,Probopass (#098/182),Probopass,F,,098,000000000000098,0.0,0.11,0.73,2.50,2025-05-20 17:10:52,1.0,2.0,706.0,0.0,,,,//arquivos/in/pokemon_bkp/cd/706/683a0d21674ca-i8gux-cg3wq-f67d0c4fb2c68709661fb1ac787983c5.jpg
https://www.ligapokemon.com.br/?view=cards/search&card=edid=706%20ed=DRI,DRI,0.15,2.50,761.0,Meditite (#099/182),Meditite,F,,099,000000000000099,0.0,0.15,0.70,2.50,2025-05-20 17:10:52,1.0,1.0,706.0,0.0,,,,//arquivos/in/pokemon_bkp/cd/706/683a0d236e882-por5b-md19r-f67d0c4fb2c68709661fb1ac787983c5.jpg
https://www.ligapokemon.com.br/?view=cards/search&card=edid=706%20ed=DRI,DRI,0.12,2.50,5069.0,Medicham (#100/182),Medicham,F,,100,000000000000100,0.0,0.12,0.60,2.50,2025-05-20 17:10:52,1.0,2.0,706.0,0.0,,,,//arquivos/in/pokemon_bkp/cd/706/683a0d2543633-nkc74-gp9o2-f67d0c4fb2c68709661fb1ac787983c5.jpg
https://www.ligapokemon.com.br/?view=cards/search&card=edid=706%20ed=DRI,DRI,3.20,16.20,1633.0,Regirock ex (#101/182),Regirock ex,F,,101,000000000000101,0.0,3.20,9.11,16.20,2025-05-20 17:10:52,1.0,20.0,706.0,0.0,,,,//arquivos/in/pokemon_bkp/cd/706/683a0d271b416-gyrdl-lohc6-f67d0c4fb2c68709661fb1ac787983c5.jpg
https://www.ligapokemon.com.br/?view=cards/search&card=edid=706%20ed=DRI,DRI,0.14,5.00,7528.0,Cynthia's Gible (#102/182),Gible da C&iacute;ntia,F,,102,000000000000102,0.0,0.14,1.68,5.00,2025-05-20 17:10:52,1.0,1.0,706.0,0.0,,,,//arquivos/in/pokemon_bkp/cd/706/683a0d28e2181-n6q7b-a72yq-f67d0c4fb2c68709661fb1ac787983c5.jpg
https://www.ligapokemon.com.br/?view=cards/search&card=edid=706%20ed=DRI,DRI,0.20,6.90,7529.0,Cynthia's Gabite (#103/182),Gabite da C&iacute;ntia,F,,103,000000000000103,0.0,0.20,3.21,6.90,2025-05-20 17:10:52,1.0,1.0,706.0,0.0,,,,//arquivos/in/pokemon_bkp/cd/706/683a0d2aaaa11-nv89x-aj3xk-f67d0c4fb2c68709661fb1ac787983c5.jpg
https://www.ligapokemon.com.br/?view=cards/search&card=edid=706%20ed=DRI,DRI,9.00,51.00,7340.0,Cynthia's Garchomp ex (#104/182),Garchomp ex da C&iacute;ntia,F,,104,000000000000104,0.0,9.00,22.73,51.00,2025-05-20 17:10:52,2.0,20.0,706.0,0.0,,,,//arquivos/in/pokemon_bkp/cd/706/683a0d2c84b09-tdxrh-r9b17-f67d0c4fb2c68709661fb1ac787983c5.jpg
https://www.ligapokemon.com.br/?view=cards/search&card=edid=706%20ed=DRI,DRI,0.09,2.50,395.0,Hippopotas (#105/182),Hippopotas,F,,105,000000000000105,0.0,0.09,0.44,2.50,2025-05-20 17:10:53,1.0,1.0,706.0,0.0,,,,//arquivos/in/pokemon_bkp/cd/706/683a0d2e57c47-73wau-f8pqn-f67d0c4fb2c68709661fb1ac787983c5.jpg
https://www.ligapokemon.com.br/?view=cards/search&card=edid=706%20ed=DRI,DRI,0.11,2.50,371.0,Hippowdon (#106/182),Hippowdon,F,,106,000000000000106,0.0,0.11,0.68,2.50,2025-05-20 17:10:53,1.0,2.0,706.0,0.0,,,,//arquivos/in/pokemon_bkp/cd/706/683a0d303150d-j2zm9-lti2g-f67d0c4fb2c68709661fb1ac787983c5.jpg
https://www.ligapokemon.com.br/?view=cards/search&card=edid=706%20ed=DRI,DRI,0.13,2.50,4357.0,Mudbray (#107/182),Mudbray,F,,107,000000000000107,0.0,0.13,0.54,2.50,2025-05-20 17:10:54,1.0,1.0,706.0,0.0,,,,//arquivos/in/pokemon_bkp/cd/706/683a0d31f25bc-k8xip-g5nco-f67d0c4fb2c68709661fb1ac787983c5.jpg
https://www.ligapokemon.com.br/?view=cards/search&card=edid=706%20ed=DRI,DRI,0.11,2.50,4358.0,Mudsdale (#108/182),Mudsdale,F,,108,000000000000108,0.0,0.11,0.71,2.50,2025-05-20 17:10:54,1.0,2.0,706.0,0.0,,,,//arquivos/in/pokemon_bkp/cd/706/683a0d33ca174-mafh1-s07r5-f67d0c4fb2c68709661fb1ac787983c5.jpg
https://www.ligapokemon.com.br/?view=cards/search&card=edid=706%20ed=DRI,DRI,0.06,2.50,7530.0,Arven's Toedscool (#109/182),Toedscool do Arven,F,,109,000000000000109,0.0,0.06,0.61,2.50,2025-05-20 17:10:54,1.0,1.0,706.0,0.0,,,,//arquivos/in/pokemon_bkp/cd/706/683a0d35d371c-wno43-zaxy8-f67d0c4fb2c68709661fb1ac787983c5.jpg
https://www.ligapokemon.com.br/?view=cards/search&card=edid=706%20ed=DRI,DRI,0.14,3.00,7531.0,Arven's Toedscruel (#110/182),Toedscruel do Arven,F,,110,000000000000110,0.0,0.14,0.62,3.00,2025-05-20 17:10:54,1.0,2.0,706.0,0.0,,,,//arquivos/in/pokemon_bkp/cd/706/683a0d37a8da1-03px6-5atn9-f67d0c4fb2c68709661fb1ac787983c5.jpg
https://www.ligapokemon.com.br/?view=cards/search&card=edid=706%20ed=DRI,DRI,0.11,2.50,7532.0,Cornerstone Mask Ogerpon (#111/182),Ogerpon M&aacute;scara Alicerce,F,,111,000000000000111,0.0,0.11,0.70,2.50,2025-05-15 18:21:18,1.0,2.0,706.0,0.0,,,,//arquivos/in/pokemon_bkp/cd/706/683a0d3986993-cbout-tdqeh-f67d0c4fb2c68709661fb1ac787983c5.jpg
https://www.ligapokemon.com.br/?view=cards/search&card=edid=706%20ed=DRI,DRI,0.15,3.00,7609.0,Team Rocket's Ekans (#112/182),Ekans da Equipe Rocket,D,,112,000000000000112,0.0,0.15,0.87,3.00,2025-05-20 17:10:54,0.0,1.0,706.0,0.0,,,,//arquivos/in/pokemon_bkp/cd/706/683a0d3b545a2-tsr9g-gjc9u-f67d0c4fb2c68709661fb1ac787983c5.jpg
https://www.ligapokemon.com.br/?view=cards/search&card=edid=706%20ed=DRI,DRI,0.17,3.90,7610.0,Team Rocket's Arbok (#113/182),Arbok da Equipe Rocket,D,,113,000000000000113,0.0,0.17,0.93,3.90,2025-05-20 17:10:54,0.0,2.0,706.0,0.0,,,,//arquivos/in/pokemon_bkp/cd/706/683a0d3d1d808-7bd0o-cvbp1-f67d0c4fb2c68709661fb1ac787983c5.jpg
https://www.ligapokemon.com.br/?view=cards/search&card=edid=706%20ed=DRI,DRI,0.09,2.50,7611.0,Team Rocket's Nidoran Female (#114/182),Nidoran F&ecirc;mea da Equipe Rocket,D,,114,000000000000114,0.0,0.09,0.72,2.50,2025-05-20 17:10:55,0.0,1.0,706.0,0.0,,,,//arquivos/in/pokemon_bkp/cd/706/683a0d3edf8df-vc06t-35zpe-f67d0c4fb2c68709661fb1ac787983c5.jpg
https://www.ligapokemon.com.br/?view=cards/search&card=edid=706%20ed=DRI,DRI,0.17,2.50,7612.0,Team Rocket's Nidorina (#115/182),Nidorina da Equipe Rocket,D,,115,000000000000115,0.0,0.17,0.80,2.50,2025-05-20 17:10:55,0.0,1.0,706.0,0.0,,,,//arquivos/in/pokemon_bkp/cd/706/683a0d40bd687-14fly-mh8xw-f67d0c4fb2c68709661fb1ac787983c5.jpg
https://www.ligapokemon.com.br/?view=cards/search&card=edid=706%20ed=DRI,DRI,0.16,3.00,7613.0,Team Rocket's Nidoqueen (#116/182),Nidoqueen da Equipe Rocket,D,,116,000000000000116,0.0,0.16,0.92,3.00,2025-05-20 17:10:55,1.0,2.0,706.0,0.0,,,,//arquivos/in/pokemon_bkp/cd/706/683a0d428a651-gn5jk-qnhi6-f67d0c4fb2c68709661fb1ac787983c5.jpg
https://www.ligapokemon.com.br/?view=cards/search&card=edid=706%20ed=DRI,DRI,0.09,2.64,7614.0,Team Rocket's Nidoran Male (#117/182),Nidoran Macho da Equipe Rocket,D,,117,000000000000117,0.0,0.09,0.56,2.64,2025-05-20 17:10:55,1.0,1.0,706.0,0.0,,,,//arquivos/in/pokemon_bkp/cd/706/683a0d446b62c-3wmqn-7it21-f67d0c4fb2c68709661fb1ac787983c5.jpg
https://www.ligapokemon.com.br/?view=cards/search&card=edid=706%20ed=DRI,DRI,0.20,2.50,7615.0,Team Rocket's Nidorino (#118/182),Nidorino da Equipe Rocket,D,,118,000000000000118,0.0,0.20,0.77,2.50,2025-05-20 17:10:56,1.0,1.0,706.0,0.0,,,,//arquivos/in/pokemon_bkp/cd/706/683a0d463ede4-xorz4-1zw5k-f67d0c4fb2c68709661fb1ac787983c5.jpg
https://www.ligapokemon.com.br/?view=cards/search&card=edid=706%20ed=DRI,DRI,4.50,22.50,7616.0,Team Rocket's Nidoking ex (#119/182),Nidoking ex da Equipe Rocket,D,,119,000000000000119,0.0,4.50,10.26,22.50,2025-05-20 17:10:57,1.0,20.0,706.0,0.0,,,,//arquivos/in/pokemon_bkp/cd/706/683a0d480de9c-acyr5-i1n2s-f67d0c4fb2c68709661fb1ac787983c5.jpg
https://www.ligapokemon.com.br/?view=cards/search&card=edid=706%20ed=DRI,DRI,0.09,3.90,7617.0,Team Rocket's Zubat (#120/182),Zubat da Equipe Rocket,D,,120,000000000000120,0.0,0.09,0.64,3.90,2025-05-20 17:10:57,1.0,1.0,706.0,0.0,,,,//arquivos/in/pokemon_bkp/cd/706/683a0d49d47f6-5ea9c-xapv6-f67d0c4fb2c68709661fb1ac787983c5.jpg
https://www.ligapokemon.com.br/?view=cards/search&card=edid=706%20ed=DRI,DRI,0.15,6.90,7618.0,Team Rocket's Golbat (#121/182),Golbat da Equipe Rocket,D,,121,000000000000121,0.0,0.15,1.12,6.90,2025-05-20 17:10:57,1.0,2.0,706.0,0.0,,,,//arquivos/in/pokemon_bkp/cd/706/683a0d4ba2db9-ntefp-q2sm4-f67d0c4fb2c68709661fb1ac787983c5.jpg
https://www.ligapokemon.com.br/?view=cards/search&card=edid=706%20ed=DRI,DRI,3.00,54.00,7619.0,Team Rocket's Crobat ex (#122/182),Crobat ex da Equipe Rocket,D,,122,000000000000122,0.0,3.00,8.48,54.00,2025-05-20 17:10:57,1.0,20.0,706.0,0.0,,,,//arquivos/in/pokemon_bkp/cd/706/683a0d4d76d86-482sj-reto6-f67d0c4fb2c68709661fb1ac787983c5.jpg
https://www.ligapokemon.com.br/?view=cards/search&card=edid=706%20ed=DRI,DRI,0.07,3.00,7620.0,Team Rocket's Grimer (#123/182),Grimer da Equipe Rocket,D,,123,000000000000123,0.0,0.07,0.66,3.00,2025-05-20 17:10:57,1.0,1.0,706.0,0.0,,,,//arquivos/in/pokemon_bkp/cd/706/683a0d4f40b97-ys8aj-2haqz-f67d0c4fb2c68709661fb1ac787983c5.jpg
https://www.ligapokemon.com.br/?view=cards/search&card=edid=706%20ed=DRI,DRI,0.14,2.90,7621.0,Team Rocket's Muk (#124/182),Muk da Equipe Rocket,D,,124,000000000000124,0.0,0.14,0.73,2.90,2025-05-20 17:10:57,1.0,2.0,706.0,0.0,,,,//arquivos/in/pokemon_bkp/cd/706/683a0d5110bf9-eq260-nymk7-f67d0c4fb2c68709661fb1ac787983c5.jpg
https://www.ligapokemon.com.br/?view=cards/search&card=edid=706%20ed=DRI,DRI,0.07,2.50,7622.0,Team Rocket's Koffing (#125/182),Koffing da Equipe Rocket,D,,125,000000000000125,0.0,0.07,0.74,2.50,2025-05-20 17:10:58,1.0,1.0,706.0,0.0,,,,//arquivos/in/pokemon_bkp/cd/706/683a0d52d0aaa-7fl6w-zvdat-f67d0c4fb2c68709661fb1ac787983c5.jpg
https://www.ligapokemon.com.br/?view=cards/search&card=edid=706%20ed=DRI,DRI,0.17,2.50,7623.0,Team Rocket's Weezing (#126/182),Weezing da Equipe Rocket,D,,126,000000000000126,0.0,0.17,0.85,2.50,2025-05-20 17:10:58,1.0,2.0,706.0,0.0,,,,//arquivos/in/pokemon_bkp/cd/706/683a0d54be896-z1vbh-epg1z-f67d0c4fb2c68709661fb1ac787983c5.jpg
https://www.ligapokemon.com.br/?view=cards/search&card=edid=706%20ed=DRI,DRI,0.10,3.90,7624.0,Team Rocket's Murkrow (#127/182),Murkrow da Equipe Rocket,D,,127,000000000000127,0.0,0.10,0.83,3.90,2025-05-20 17:10:58,1.0,2.0,706.0,0.0,,,,//arquivos/in/pokemon_bkp/cd/706/683a0d56922c4-ctu9o-3ad9y-f67d0c4fb2c68709661fb1ac787983c5.jpg
https://www.ligapokemon.com.br/?view=cards/search&card=edid=706%20ed=DRI,DRI,0.20,4.75,7625.0,Team Rocket's Sneasel (#128/182),Sneasel da Equipe Rocket,D,,128,000000000000128,0.0,0.20,1.36,4.75,2025-05-20 17:10:59,1.0,3.0,706.0,0.0,,,,//arquivos/in/pokemon_bkp/cd/706/683a0d5872433-qmft2-vq2bj-f67d0c4fb2c68709661fb1ac787983c5.jpg
https://www.ligapokemon.com.br/?view=cards/search&card=edid=706%20ed=DRI,DRI,0.15,2.90,7533.0,Cynthia's Spiritomb (#129/182),Spiritomb da C&iacute;ntia,D,,129,000000000000129,0.0,0.15,0.88,2.90,2025-05-20 17:10:59,1.0,2.0,706.0,0.0,,,,//arquivos/in/pokemon_bkp/cd/706/683a0d5a48859-h3fdp-a9yt6-f67d0c4fb2c68709661fb1ac787983c5.jpg
https://www.ligapokemon.com.br/?view=cards/search&card=edid=706%20ed=DRI,DRI,0.14,2.50,7559.0,Marnie's Purrloin (#130/182),Purrloin da Marine,D,,130,000000000000130,0.0,0.14,0.68,2.50,2025-05-20 17:11:00,1.0,1.0,706.0,0.0,,,,//arquivos/in/pokemon_bkp/cd/706/683a0d5c16d38-h6f0l-bpsat-f67d0c4fb2c68709661fb1ac787983c5.jpg
https://www.ligapokemon.com.br/?view=cards/search&card=edid=706%20ed=DRI,DRI,0.15,3.00,7560.0,Marnie's Liepard (#131/182),Liepard da Marine,D,,131,000000000000131,0.0,0.15,0.73,3.00,2025-05-20 17:11:00,1.0,2.0,706.0,0.0,,,,//arquivos/in/pokemon_bkp/cd/706/683a0d5e0fd3d-z0jwr-b59tz-f67d0c4fb2c68709661fb1ac787983c5.jpg
https://www.ligapokemon.com.br/?view=cards/search&card=edid=706%20ed=DRI,DRI,0.15,2.50,7561.0,Marnie's Scraggy (#132/182),Scraggy da Marine,D,,132,000000000000132,0.0,0.15,0.67,2.50,2025-05-20 17:11:00,1.0,1.0,706.0,0.0,,,,//arquivos/in/pokemon_bkp/cd/706/683a0d5fe20e4-wp0qf-6dz1p-f67d0c4fb2c68709661fb1ac787983c5.jpg
https://www.ligapokemon.com.br/?view=cards/search&card=edid=706%20ed=DRI,DRI,0.11,2.00,7562.0,Marnie's Scrafty (#133/182),Scrafty da Marine,D,,133,000000000000133,0.0,0.11,0.70,2.00,2025-05-06 15:43:46,1.0,2.0,706.0,0.0,,,,//arquivos/in/pokemon_bkp/cd/706/683a0d61aa07c-57b43-iey25-f67d0c4fb2c68709661fb1ac787983c5.jpg
https://www.ligapokemon.com.br/?view=cards/search&card=edid=706%20ed=DRI,DRI,0.10,2.50,7563.0,Marnie's Impidimp (#134/182),Impidimp da Marine,D,,134,000000000000134,0.0,0.10,0.90,2.50,2025-05-20 17:11:00,1.0,1.0,706.0,0.0,,,,//arquivos/in/pokemon_bkp/cd/706/683a0d6374312-6wkmy-skjy3-f67d0c4fb2c68709661fb1ac787983c5.jpg
https://www.ligapokemon.com.br/?view=cards/search&card=edid=706%20ed=DRI,DRI,0.14,3.00,7564.0,Marnie's Morgrem (#135/182),Morgrem da Marine,D,,135,000000000000135,0.0,0.14,0.95,3.00,2025-05-20 17:11:00,1.0,2.0,706.0,0.0,,,,//arquivos/in/pokemon_bkp/cd/706/683a0d654bcce-l349d-xr6yb-f67d0c4fb2c68709661fb1ac787983c5.jpg
https://www.ligapokemon.com.br/?view=cards/search&card=edid=706%20ed=DRI,DRI,7.00,84.99,7565.0,Marnie's Grimmsnarl ex (#136/182),Grimmsnarl ex da Marine,D,,136,000000000000136,0.0,7.00,15.77,84.99,2025-05-01 11:43:39,2.0,20.0,706.0,0.0,,,,//arquivos/in/pokemon_bkp/cd/706/683a0d674872d-c9xp1-28pwg-f67d0c4fb2c68709661fb1ac787983c5.jpg
https://www.ligapokemon.com.br/?view=cards/search&card=edid=706%20ed=DRI,DRI,0.16,2.00,7566.0,Marnie's Morpeko (#137/182),Morpeko da Marine,D,,137,000000000000137,0.0,0.16,0.71,2.00,2025-05-20 17:11:01,1.0,1.0,706.0,0.0,,,,//arquivos/in/pokemon_bkp/cd/706/683a0d6912ee7-0w7kv-mqz89-f67d0c4fb2c68709661fb1ac787983c5.jpg
https://www.ligapokemon.com.br/?view=cards/search&card=edid=706%20ed=DRI,DRI,0.09,2.50,7534.0,Arven's Maschiff (#138/182),Maschiff do Arven,D,,138,000000000000138,0.0,0.09,0.72,2.50,2025-05-20 17:11:01,1.0,1.0,706.0,0.0,,,,//arquivos/in/pokemon_bkp/cd/706/683a0d6abb7cb-p4une-31jmz-f67d0c4fb2c68709661fb1ac787983c5.jpg
https://www.ligapokemon.com.br/?view=cards/search&card=edid=706%20ed=DRI,DRI,1.99,20.00,7341.0,Arven's Mabosstiff ex (#139/182),Mabosstiff ex do Arven,D,,139,000000000000139,0.0,1.99,8.40,20.00,2025-05-20 17:11:01,1.0,20.0,706.0,0.0,,,,//arquivos/in/pokemon_bkp/cd/706/683a0d6c8901f-20tqa-5xqr7-f67d0c4fb2c68709661fb1ac787983c5.jpg
https://www.ligapokemon.com.br/?view=cards/search&card=edid=706%20ed=DRI,DRI,0.09,2.50,140.0,Forretress (#140/182),Forretress,M,,140,000000000000140,0.0,0.09,0.59,2.50,2025-05-20 17:11:02,1.0,2.0,706.0,0.0,,,,//arquivos/in/pokemon_bkp/cd/706/683a0d6e7432c-19ikl-21hwu-f67d0c4fb2c68709661fb1ac787983c5.jpg
https://www.ligapokemon.com.br/?view=cards/search&card=edid=706%20ed=DRI,DRI,0.13,2.50,192.0,Skarmory (#141/182),Skarmory,M,,141,000000000000141,0.0,0.13,0.58,2.50,2025-05-20 17:11:02,1.0,1.0,706.0,0.0,,,,//arquivos/in/pokemon_bkp/cd/706/683a0d704be23-ord59-6eka4-f67d0c4fb2c68709661fb1ac787983c5.jpg
https://www.ligapokemon.com.br/?view=cards/search&card=edid=706%20ed=DRI,DRI,0.11,3.00,7571.0,Steven's Skarmory (#142/182),Skarmory do Steven,M,,142,000000000000142,0.0,0.11,0.74,3.00,2025-05-20 17:11:02,1.0,1.0,706.0,0.0,,,,//arquivos/in/pokemon_bkp/cd/706/683a0d722492c-9fwu5-b79aq-f67d0c4fb2c68709661fb1ac787983c5.jpg
https://www.ligapokemon.com.br/?view=cards/search&card=edid=706%20ed=DRI,DRI,0.12,2.50,7572.0,Steven's Beldum (#143/182),Beldum do Steven,M,,143,000000000000143,0.0,0.12,0.86,2.50,2025-05-20 17:11:03,1.0,1.0,706.0,0.0,,,,//arquivos/in/pokemon_bkp/cd/706/683a0d73dda99-1dyc2-v2yqm-f67d0c4fb2c68709661fb1ac787983c5.jpg
https://www.ligapokemon.com.br/?view=cards/search&card=edid=706%20ed=DRI,DRI,0.13,2.90,7573.0,Steven's Metang (#144/182),Metang do Steven,M,,144,000000000000144,0.0,0.13,0.92,2.90,2025-05-20 17:11:03,1.0,2.0,706.0,0.0,,,,//arquivos/in/pokemon_bkp/cd/706/683a0d75a1c64-z7pc2-fk0il-f67d0c4fb2c68709661fb1ac787983c5.jpg
https://www.ligapokemon.com.br/?view=cards/search&card=edid=706%20ed=DRI,DRI,4.90,19.99,7574.0,Steven's Metagross ex (#145/182),Metagross ex do Steven,M,,145,000000000000145,0.0,4.90,8.88,19.99,2025-05-01 11:43:40,1.0,20.0,706.0,0.0,,,,//arquivos/in/pokemon_bkp/cd/706/683a0d77717a2-t3jw4-ysw1l-f67d0c4fb2c68709661fb1ac787983c5.jpg
https://www.ligapokemon.com.br/?view=cards/search&card=edid=706%20ed=DRI,DRI,0.20,3.99,5059.0,Zamazenta (#146/182),Zamazenta,M,,146,000000000000146,0.0,0.20,0.88,3.99,2025-05-20 17:11:03,1.0,3.0,706.0,0.0,,,,//arquivos/in/pokemon_bkp/cd/706/683a0d7941db4-ejpyc-twmr3-f67d0c4fb2c68709661fb1ac787983c5.jpg
https://www.ligapokemon.com.br/?view=cards/search&card=edid=706%20ed=DRI,DRI,0.09,3.00,7626.0,Team Rocket's Rattata (#147/182),Rattata da Equipe Rocket,C,,147,000000000000147,0.0,0.09,0.72,3.00,2025-05-20 17:11:03,1.0,1.0,706.0,0.0,,,,//arquivos/in/pokemon_bkp/cd/706/683a0d7b0bec4-eim05-870gr-f67d0c4fb2c68709661fb1ac787983c5.jpg
https://www.ligapokemon.com.br/?view=cards/search&card=edid=706%20ed=DRI,DRI,0.17,3.00,7627.0,Team Rocket's Raticate (#148/182),Raticate da Equipe Rocket,C,,148,000000000000148,0.0,0.17,0.62,3.00,2025-05-20 17:11:04,1.0,1.0,706.0,0.0,,,,//arquivos/in/pokemon_bkp/cd/706/683a0d7cccbaa-wqtzr-uhae1-f67d0c4fb2c68709661fb1ac787983c5.jpg
https://www.ligapokemon.com.br/?view=cards/search&card=edid=706%20ed=DRI,DRI,0.10,10.80,1877.0,Team Rocket's Meowth (#149/182),Meowth da Equipe Rocket,C,,149,000000000000149,0.0,0.10,1.71,10.80,2025-05-20 17:11:04,1.0,1.0,706.0,0.0,,,,//arquivos/in/pokemon_bkp/cd/706/683a0d7e9f9f7-hb3y5-9fe5l-f67d0c4fb2c68709661fb1ac787983c5.jpg
https://www.ligapokemon.com.br/?view=cards/search&card=edid=706%20ed=DRI,DRI,3.77,18.00,7628.0,Team Rocket's Persian ex (#150/182),Persian ex da Equipe Rocket,C,,150,000000000000150,0.0,3.77,7.75,18.00,2025-05-20 17:11:04,1.0,20.0,706.0,0.0,,,,//arquivos/in/pokemon_bkp/cd/706/683a0d807d7cb-ut7oc-fa9el-f67d0c4fb2c68709661fb1ac787983c5.jpg
https://www.ligapokemon.com.br/?view=cards/search&card=edid=706%20ed=DRI,DRI,0.17,2.50,381.0,Kangaskhan (#151/182),Kangaskhan,C,,151,000000000000151,0.0,0.17,0.87,2.50,2025-05-20 17:11:06,1.0,1.0,706.0,0.0,,,,//arquivos/in/pokemon_bkp/cd/706/683a0d8253ac2-gtjai-ctf8y-f67d0c4fb2c68709661fb1ac787983c5.jpg
https://www.ligapokemon.com.br/?view=cards/search&card=edid=706%20ed=DRI,DRI,0.20,2.00,527.0,Tauros (#152/182),Tauros,C,,152,000000000000152,0.0,0.20,0.72,2.00,2025-05-20 17:11:06,1.0,1.0,706.0,0.0,,,,//arquivos/in/pokemon_bkp/cd/706/683a0d8428688-ikx0p-rnmlf-f67d0c4fb2c68709661fb1ac787983c5.jpg
https://www.ligapokemon.com.br/?view=cards/search&card=edid=706%20ed=DRI,DRI,0.12,3.90,7629.0,Team Rocket's Porygon (#153/182),Porygon da Equipe Rocket,C,,153,000000000000153,0.0,0.12,0.86,3.90,2025-05-01 11:43:40,1.0,1.0,706.0,0.0,,,,//arquivos/in/pokemon_bkp/cd/706/683a0d85ebfc6-wt18i-gyihe-f67d0c4fb2c68709661fb1ac787983c5.jpg
https://www.ligapokemon.com.br/?view=cards/search&card=edid=706%20ed=DRI,DRI,0.15,3.90,7630.0,Team Rocket's Porygon2 (#154/182),Porygon2 da Equipe Rocket,C,,154,000000000000154,0.0,0.15,1.23,3.90,2025-05-01 11:43:40,1.0,1.0,706.0,0.0,,,,//arquivos/in/pokemon_bkp/cd/706/683a0d87c5d8e-8z2dq-17xh6-f67d0c4fb2c68709661fb1ac787983c5.jpg
https://www.ligapokemon.com.br/?view=cards/search&card=edid=706%20ed=DRI,DRI,0.15,3.00,7631.0,Team Rocket's Porygon-Z (#155/182),Porygon-Z da Equipe Rocket,C,,155,000000000000155,0.0,0.15,1.29,3.00,2025-05-01 11:43:40,1.0,2.0,706.0,0.0,,,,//arquivos/in/pokemon_bkp/cd/706/683a0d8995c6c-g978m-1x2vs-f67d0c4fb2c68709661fb1ac787983c5.jpg
https://www.ligapokemon.com.br/?view=cards/search&card=edid=706%20ed=DRI,DRI,0.20,2.50,623.0,Taillow (#156/182),Taillow,C,,156,000000000000156,0.0,0.20,0.65,2.50,2025-05-20 17:11:06,1.0,1.0,706.0,0.0,,,,//arquivos/in/pokemon_bkp/cd/706/683a0d8b6301f-lgn2e-4mw89-f67d0c4fb2c68709661fb1ac787983c5.jpg
https://www.ligapokemon.com.br/?view=cards/search&card=edid=706%20ed=DRI,DRI,0.15,2.50,624.0,Swellow (#157/182),Swellow,C,,157,000000000000157,0.0,0.15,0.55,2.50,2025-05-20 17:11:06,1.0,1.0,706.0,0.0,,,,//arquivos/in/pokemon_bkp/cd/706/683a0d8d2b11c-jku8l-03r4p-f67d0c4fb2c68709661fb1ac787983c5.jpg
https://www.ligapokemon.com.br/?view=cards/search&card=edid=706%20ed=DRI,DRI,0.09,2.50,7535.0,Arven's Skwovet (#158/182),Skwovet do Arven,C,,158,000000000000158,0.0,0.09,0.47,2.50,2025-05-20 17:11:06,1.0,1.0,706.0,0.0,,,,//arquivos/in/pokemon_bkp/cd/706/683a0d8f01077-efv96-fw8qh-f67d0c4fb2c68709661fb1ac787983c5.jpg
https://www.ligapokemon.com.br/?view=cards/search&card=edid=706%20ed=DRI,DRI,0.15,4.75,7536.0,Arven's Greedent (#159/182),Greedent do Arven,C,,159,000000000000159,0.0,0.15,0.95,4.75,2025-05-20 17:11:07,1.0,3.0,706.0,0.0,,,,//arquivos/in/pokemon_bkp/cd/706/683a0d90d38d3-h3pj4-y1jhf-f67d0c4fb2c68709661fb1ac787983c5.jpg
https://www.ligapokemon.com.br/?view=cards/search&card=edid=706%20ed=DRI,DRI,0.14,2.50,6344.0,Squawkabilly (#160/182),Squawkabilly,C,,160,000000000000160,0.0,0.14,0.93,2.50,2025-05-20 17:11:07,1.0,1.0,706.0,0.0,,,,//arquivos/in/pokemon_bkp/cd/706/683a0d92af841-7lgj6-ystfq-f67d0c4fb2c68709661fb1ac787983c5.jpg
https://www.ligapokemon.com.br/?view=cards/search&card=edid=706%20ed=DRI,DRI,0.09,2.99,7537.0,Arven's Sandwich (#161/182),Sandu&iacute;che do Arven,C,,161,000000000000161,0.0,0.09,0.94,2.99,2025-05-06 15:43:46,1.0,2.0,706.0,0.0,,,,//arquivos/in/pokemon_bkp/cd/706/683a0d9483590-gvdwk-2tx65-f67d0c4fb2c68709661fb1ac787983c5.jpg
https://www.ligapokemon.com.br/?view=cards/search&card=edid=706%20ed=DRI,DRI,0.17,4.90,7538.0,Cynthia's Power Weight (#162/182),Peso de Poder da C&iacute;ntia,C,,162,000000000000162,0.0,0.17,1.12,4.90,2025-05-20 17:11:07,1.0,2.0,706.0,0.0,,,,//arquivos/in/pokemon_bkp/cd/706/683a0d9654505-u21ec-ifq52-f67d0c4fb2c68709661fb1ac787983c5.jpg
https://www.ligapokemon.com.br/?view=cards/search&card=edid=706%20ed=DRI,DRI,0.07,2.50,7769.0,Emcee's Hype (#163/182),Hype da Emcee,C,,163,000000000000163,0.0,0.07,0.91,2.50,2025-05-20 17:11:08,1.0,1.0,706.0,0.0,,,,//arquivos/in/pokemon_bkp/cd/706/683a0d981aa10-2u8z5-ed6b1-f67d0c4fb2c68709661fb1ac787983c5.jpg
https://www.ligapokemon.com.br/?view=cards/search&card=edid=706%20ed=DRI,DRI,0.17,4.90,2133.0,Energy Recycler (#164/182),Reciclador de Energia,C,,164,000000000000164,0.0,0.17,1.11,4.90,2025-05-20 17:11:08,1.0,2.0,706.0,0.0,,,,//arquivos/in/pokemon_bkp/cd/706/683a0d99db010-ibshj-dwzom-f67d0c4fb2c68709661fb1ac787983c5.jpg
https://www.ligapokemon.com.br/?view=cards/search&card=edid=706%20ed=DRI,DRI,0.19,7.99,7540.0,Ethan's Adventure (#165/182),Aventura do Ethan,C,,165,000000000000165,0.0,0.19,1.64,7.99,2025-05-20 17:11:09,1.0,2.0,706.0,0.0,,,,//arquivos/in/pokemon_bkp/cd/706/683a0d9ba308f-0spqo-1e6i0-f67d0c4fb2c68709661fb1ac787983c5.jpg
https://www.ligapokemon.com.br/?view=cards/search&card=edid=706%20ed=DRI,DRI,0.12,4.90,7575.0,Granite Cave (#166/182),Caverna de Granito,C,,166,000000000000166,0.0,0.12,0.64,4.90,2025-05-20 17:11:10,1.0,2.0,706.0,0.0,,,,//arquivos/in/pokemon_bkp/cd/706/683a0d9d74974-r927b-hevx8-f67d0c4fb2c68709661fb1ac787983c5.jpg
https://www.ligapokemon.com.br/?view=cards/search&card=edid=706%20ed=DRI,DRI,0.15,5.00,1405.0,Judge (#167/182),Juiz,C,,167,000000000000167,0.0,0.15,3.23,5.00,2025-05-20 17:11:10,1.0,2.0,706.0,0.0,,,,//arquivos/in/pokemon_bkp/cd/706/683a0d9f4e661-h89r2-mya65-f67d0c4fb2c68709661fb1ac787983c5.jpg
https://www.ligapokemon.com.br/?view=cards/search&card=edid=706%20ed=DRI,DRI,0.15,4.90,1971.0,Sacred Ash (#168/182),Cinza Sagrada,C,,168,000000000000168,0.0,0.15,1.25,4.90,2025-05-20 17:11:10,1.0,2.0,706.0,0.0,,,,//arquivos/in/pokemon_bkp/cd/706/683a0da1170aa-0sadq-duiep-f67d0c4fb2c68709661fb1ac787983c5.jpg
https://www.ligapokemon.com.br/?view=cards/search&card=edid=706%20ed=DRI,DRI,0.12,2.99,7567.0,Spikemuth Gym (#169/182),Gin&aacute;sio de Spikemuth,C,,169,000000000000169,0.0,0.12,0.81,2.99,2025-05-20 17:11:10,1.0,2.0,706.0,0.0,,,,//arquivos/in/pokemon_bkp/cd/706/683a0da347ca7-8bxli-7i0oe-f67d0c4fb2c68709661fb1ac787983c5.jpg
https://www.ligapokemon.com.br/?view=cards/search&card=edid=706%20ed=DRI,DRI,0.18,3.00,7637.0,Team Rocket's Archer (#170/182),Apollo da Equipe Rocket,C,,170,000000000000170,0.0,0.18,1.08,3.00,2025-05-20 17:11:11,1.0,2.0,706.0,0.0,,,,//arquivos/in/pokemon_bkp/cd/706/683a0da515ccf-6n3hx-mrxqn-f67d0c4fb2c68709661fb1ac787983c5.jpg
https://www.ligapokemon.com.br/?view=cards/search&card=edid=706%20ed=DRI,DRI,0.25,6.39,7636.0,Team Rocket's Ariana (#171/182),Athena da Equipe Rocket,C,,171,000000000000171,0.0,0.25,1.44,6.39,2025-05-20 17:11:11,1.0,2.0,706.0,0.0,,,,//arquivos/in/pokemon_bkp/cd/706/683a0da6d3aa7-zu68g-a4scq-f67d0c4fb2c68709661fb1ac787983c5.jpg
https://www.ligapokemon.com.br/?view=cards/search&card=edid=706%20ed=DRI,DRI,0.13,4.90,7770.0,Team Rocket's Bother-Bot (#172/182),Azucrinabot da Equipe Rocket,C,,172,000000000000172,0.0,0.13,0.75,4.90,2025-05-20 17:11:11,1.0,2.0,706.0,0.0,,,,//arquivos/in/pokemon_bkp/cd/706/683a0da89e9fd-ekjbu-ky8hf-f67d0c4fb2c68709661fb1ac787983c5.jpg
https://www.ligapokemon.com.br/?view=cards/search&card=edid=706%20ed=DRI,DRI,0.20,5.90,7642.0,Team Rocket's Factory (#173/182),F&aacute;brica da Equipe Rocket,C,,173,000000000000173,0.0,0.20,1.53,5.90,2025-05-20 17:11:11,0.0,2.0,706.0,0.0,,,,//arquivos/in/pokemon_bkp/cd/706/683a0daa6392a-04p1i-1o3tf-f67d0c4fb2c68709661fb1ac787983c5.jpg
https://www.ligapokemon.com.br/?view=cards/search&card=edid=706%20ed=DRI,DRI,0.22,9.90,7638.0,Team Rocket's Giovanni (#174/182),Giovanni da Equipe Rocket,C,,174,000000000000174,0.0,0.22,2.27,9.90,2025-05-20 17:11:11,1.0,2.0,706.0,0.0,,,,//arquivos/in/pokemon_bkp/cd/706/683a0dac258ba-0de9i-ag3mn-f67d0c4fb2c68709661fb1ac787983c5.jpg
https://www.ligapokemon.com.br/?view=cards/search&card=edid=706%20ed=DRI,DRI,0.14,4.90,7633.0,Team Rocket's Great Ball (#175/182),Grande Bola da Equipe Rocket,C,,175,000000000000175,0.0,0.14,0.95,4.90,2025-05-20 17:11:13,1.0,2.0,706.0,0.0,,,,//arquivos/in/pokemon_bkp/cd/706/683a0dade47cb-nv37y-fopvw-f67d0c4fb2c68709661fb1ac787983c5.jpg
https://www.ligapokemon.com.br/?view=cards/search&card=edid=706%20ed=DRI,DRI,0.99,10.00,7639.0,Team Rocket's Petrel (#176/182),Petrel da Equipe Rocket,C,,176,000000000000176,0.0,0.99,5.33,10.00,2025-05-20 17:11:13,2.0,2.0,706.0,0.0,,,,//arquivos/in/pokemon_bkp/cd/706/683a0dafb27c9-jks91-wf67m-f67d0c4fb2c68709661fb1ac787983c5.jpg
https://www.ligapokemon.com.br/?view=cards/search&card=edid=706%20ed=DRI,DRI,0.14,3.91,7640.0,Team Rocket's Proton (#177/182),Pr&oacute;ton da Equipe Rocket,C,,177,000000000000177,0.0,0.14,1.34,3.91,2025-05-20 17:11:13,1.0,2.0,706.0,0.0,,,,//arquivos/in/pokemon_bkp/cd/706/683a0db18bb93-d89ni-sn382-f67d0c4fb2c68709661fb1ac787983c5.jpg
https://www.ligapokemon.com.br/?view=cards/search&card=edid=706%20ed=DRI,DRI,0.14,8.00,7771.0,Team Rocket's Transceiver (#178/182),Transmissor da Equipe Rocket,C,,178,000000000000178,0.0,0.14,2.05,8.00,2025-05-20 17:11:13,1.0,2.0,706.0,0.0,,,,//arquivos/in/pokemon_bkp/cd/706/683a0db380924-19tw5-grfak-f67d0c4fb2c68709661fb1ac787983c5.jpg
https://www.ligapokemon.com.br/?view=cards/search&card=edid=706%20ed=DRI,DRI,0.15,5.00,7772.0,Team Rocket's Venture Bomb (#179/182),Bomba de Risco da Equipe Rocket,C,,179,000000000000179,0.0,0.15,1.43,5.00,2025-05-20 17:11:14,1.0,2.0,706.0,0.0,,,,//arquivos/in/pokemon_bkp/cd/706/683a0db549b4b-jnge1-ap7cb-f67d0c4fb2c68709661fb1ac787983c5.jpg
https://www.ligapokemon.com.br/?view=cards/search&card=edid=706%20ed=DRI,DRI,0.23,8.00,7641.0,Team Rocket's Watchtower (#180/182),Torre de Vigia da Equipe Rocket,C,,180,000000000000180,0.0,0.23,2.56,8.00,2025-05-20 17:11:14,1.0,2.0,706.0,0.0,,,,//arquivos/in/pokemon_bkp/cd/706/683a0db71c37f-hf5v1-3arzl-f67d0c4fb2c68709661fb1ac787983c5.jpg
https://www.ligapokemon.com.br/?view=cards/search&card=edid=706%20ed=DRI,DRI,0.20,3.90,7773.0,TM Machine (#181/182),M&aacute;quina de MT,C,,181,000000000000181,0.0,0.20,0.62,3.90,2025-05-20 17:11:14,1.0,2.0,706.0,0.0,,,,//arquivos/in/pokemon_bkp/cd/706/683a0db8d6795-9mxdg-x3syw-f67d0c4fb2c68709661fb1ac787983c5.jpg
https://www.ligapokemon.com.br/?view=cards/search&card=edid=706%20ed=DRI,DRI,0.50,19.90,7774.0,Team Rocket's Energy (#182/182),Energia da Equipe Rocket,E,,182,000000000000182,0.0,0.50,4.33,19.90,2025-05-20 17:11:15,1.0,2.0,706.0,0.0,,,,//arquivos/in/pokemon_bkp/cd/706/683a0dba9484f-970c6-yaku5-f67d0c4fb2c68709661fb1ac787983c5.jpg
https://www.ligapokemon.com.br/?view=cards/search&card=edid=706%20ed=DRI,DRI,15.90,39.95,880.0,Yanma (#183/182),Yanma,G,,183,000000000000183,0.0,15.90,24.61,39.95,2025-05-20 17:11:15,1.0,17.0,706.0,0.0,,,,//arquivos/in/pokemon_bkp/cd/706/683a0dbc5a521-zmf4e-aucm6-f67d0c4fb2c68709661fb1ac787983c5.jpg
https://www.ligapokemon.com.br/?view=cards/search&card=edid=706%20ed=DRI,DRI,69.59,214.99,7513.0,Cynthia's Roserade (#184/182),Roserade da C&iacute;ntia,G,,184,000000000000184,0.0,69.59,95.22,214.99,2025-05-01 11:43:40,2.0,17.0,706.0,0.0,,,,//arquivos/in/pokemon_bkp/cd/706/683a0dbe3891f-hu6no-xrpyl-f67d0c4fb2c68709661fb1ac787983c5.jpg
https://www.ligapokemon.com.br/?view=cards/search&card=edid=706%20ed=DRI,DRI,43.50,99.90,1398.0,Shaymin (#185/182),Shaymin,G,,185,000000000000185,0.0,43.50,54.20,99.90,2025-05-20 17:11:15,1.0,17.0,706.0,0.0,,,,//arquivos/in/pokemon_bkp/cd/706/683a0dc006fd7-nep8c-0i6ty-f67d0c4fb2c68709661fb1ac787983c5.jpg
https://www.ligapokemon.com.br/?view=cards/search&card=edid=706%20ed=DRI,DRI,23.00,49.99,30.0,Crustle (#186/182),Crustle,G,,186,000000000000186,0.0,23.00,31.34,49.99,2025-05-20 17:11:16,1.0,17.0,706.0,0.0,,,,//arquivos/in/pokemon_bkp/cd/706/683a0dc1d9abb-1axh3-b1cqs-f67d0c4fb2c68709661fb1ac787983c5.jpg
https://www.ligapokemon.com.br/?view=cards/search&card=edid=706%20ed=DRI,DRI,34.50,84.99,7589.0,Team Rocket's Spidops (#187/182),Spidops da Equipe Rocket,G,,187,000000000000187,0.0,34.50,48.44,84.99,2025-05-20 17:11:17,1.0,17.0,706.0,0.0,,,,//arquivos/in/pokemon_bkp/cd/706/683a0dc3a0d1a-u7xfp-c9j6d-f67d0c4fb2c68709661fb1ac787983c5.jpg
https://www.ligapokemon.com.br/?view=cards/search&card=edid=706%20ed=DRI,DRI,13.80,89.99,7514.0,Hydrapple (#188/182),Hydrapple,G,,188,000000000000188,0.0,13.80,31.16,89.99,2025-05-20 17:11:16,3.0,17.0,706.0,0.0,,,,//arquivos/in/pokemon_bkp/cd/706/683a0dc56b0ae-5ayoz-gmkly-f67d0c4fb2c68709661fb1ac787983c5.jpg
https://www.ligapokemon.com.br/?view=cards/search&card=edid=706%20ed=DRI,DRI,30.00,89.99,683.0,Rapidash (#189/182),Rapidash,R,,189,000000000000189,0.0,30.00,44.86,89.99,2025-05-20 17:11:17,3.0,17.0,706.0,0.0,,,,//arquivos/in/pokemon_bkp/cd/706/683a0dc7409a9-fg8lc-rg6l7-f67d0c4fb2c68709661fb1ac787983c5.jpg
https://www.ligapokemon.com.br/?view=cards/search&card=edid=706%20ed=DRI,DRI,95.00,275.00,7517.0,Ethan's Typhlosion (#190/182),Typhlosion do Ethan,R,,190,000000000000190,0.0,95.00,150.41,275.00,2025-05-20 17:11:17,2.0,17.0,706.0,0.0,,,,//arquivos/in/pokemon_bkp/cd/706/683a0dc930876-ahkoy-7qa10-f67d0c4fb2c68709661fb1ac787983c5.jpg
https://www.ligapokemon.com.br/?view=cards/search&card=edid=706%20ed=DRI,DRI,34.75,180.00,7593.0,Team Rocket's Houndoom (#191/182),Houndoom da Equipe Rocket,R,,191,000000000000191,0.0,34.75,50.13,180.00,2025-05-20 17:11:17,1.0,17.0,706.0,0.0,,,,//arquivos/in/pokemon_bkp/cd/706/683a0dcb1316c-fz8mn-lkr36-f67d0c4fb2c68709661fb1ac787983c5.jpg
https://www.ligapokemon.com.br/?view=cards/search&card=edid=706%20ed=DRI,DRI,34.99,149.90,148.0,Blaziken (#192/182),Blaziken,R,,192,000000000000192,0.0,34.99,55.76,149.90,2025-05-20 17:11:17,1.0,17.0,706.0,0.0,,,,//arquivos/in/pokemon_bkp/cd/706/683a0dccdbfcd-e49ku-q5cjw-f67d0c4fb2c68709661fb1ac787983c5.jpg
https://www.ligapokemon.com.br/?view=cards/search&card=edid=706%20ed=DRI,DRI,189.90,3119.90,4452.0,Misty's Psyduck (#193/182),Psyduck da Misty,W,,193,000000000000193,0.0,189.90,291.59,3119.90,2025-05-01 11:43:40,5.0,17.0,706.0,0.0,,,,//arquivos/in/pokemon_bkp/cd/706/683a0dceb620c-xzypv-oe26f-f67d0c4fb2c68709661fb1ac787983c5.jpg
https://www.ligapokemon.com.br/?view=cards/search&card=edid=706%20ed=DRI,DRI,110.00,269.90,5553.0,Misty's Lapras (#194/182),Lapras da Misty,W,,194,000000000000194,0.0,110.00,139.93,269.90,2025-05-20 17:11:17,1.0,17.0,706.0,0.0,,,,//arquivos/in/pokemon_bkp/cd/706/683a0dd0a8894-f97qm-9jrxb-f67d0c4fb2c68709661fb1ac787983c5.jpg
https://www.ligapokemon.com.br/?view=cards/search&card=edid=706%20ed=DRI,DRI,16.90,55.00,203.0,Clamperl (#195/182),Clamperl,W,,195,000000000000195,0.0,16.90,26.88,55.00,2025-05-20 17:11:18,1.0,17.0,706.0,0.0,,,,//arquivos/in/pokemon_bkp/cd/706/683a0dd294008-zu7fx-2xnwj-f67d0c4fb2c68709661fb1ac787983c5.jpg
https://www.ligapokemon.com.br/?view=cards/search&card=edid=706%20ed=DRI,DRI,15.90,34.99,394.0,Electrike (#196/182),Electrike,L,,196,000000000000196,0.0,15.90,24.73,34.99,2025-05-20 17:11:18,1.0,17.0,706.0,0.0,,,,//arquivos/in/pokemon_bkp/cd/706/683a0dd481e8b-u5v4a-6w9xk-f67d0c4fb2c68709661fb1ac787983c5.jpg
https://www.ligapokemon.com.br/?view=cards/search&card=edid=706%20ed=DRI,DRI,15.90,69.99,5.0,Rotom (#197/182),Rotom,L,,197,000000000000197,0.0,15.90,25.49,69.99,2025-05-20 17:11:19,1.0,17.0,706.0,0.0,,,,//arquivos/in/pokemon_bkp/cd/706/683a0dd64cee2-6n0bq-35bfp-f67d0c4fb2c68709661fb1ac787983c5.jpg
https://www.ligapokemon.com.br/?view=cards/search&card=edid=706%20ed=DRI,DRI,9.90,39.90,7605.0,Team Rocket's Orbeetle (#198/182),Orbeetle da Equipe Rocket,P,,198,000000000000198,0.0,9.90,24.37,39.90,2025-05-15 18:21:18,1.0,17.0,706.0,0.0,,,,//arquivos/in/pokemon_bkp/cd/706/683a0dd812ac4-t16xz-fvju5-f67d0c4fb2c68709661fb1ac787983c5.jpg
https://www.ligapokemon.com.br/?view=cards/search&card=edid=706%20ed=DRI,DRI,34.80,85.00,7623.0,Team Rocket's Weezing (#199/182),Weezing da Equipe Rocket,D,,199,000000000000199,0.0,34.80,46.80,85.00,2025-05-20 17:11:19,1.0,17.0,706.0,0.0,,,,//arquivos/in/pokemon_bkp/cd/706/683a0dda05264-gtlh2-zvyk4-f67d0c4fb2c68709661fb1ac787983c5.jpg
https://www.ligapokemon.com.br/?view=cards/search&card=edid=706%20ed=DRI,DRI,39.90,80.00,7624.0,Team Rocket's Murkrow (#200/182),Murkrow da Equipe Rocket,D,,200,000000000000200,0.0,39.90,49.37,80.00,2025-05-20 17:11:19,1.0,17.0,706.0,0.0,,,,//arquivos/in/pokemon_bkp/cd/706/683a0ddbd29bb-fiz47-98pn0-f67d0c4fb2c68709661fb1ac787983c5.jpg
https://www.ligapokemon.com.br/?view=cards/search&card=edid=706%20ed=DRI,DRI,19.90,49.80,5059.0,Zamazenta (#201/182),Zamazenta,M,,201,000000000000201,0.0,19.90,32.32,49.80,2025-05-20 17:11:19,1.0,17.0,706.0,0.0,,,,//arquivos/in/pokemon_bkp/cd/706/683a0ddd9814d-fwvd0-5jrph-f67d0c4fb2c68709661fb1ac787983c5.jpg
https://www.ligapokemon.com.br/?view=cards/search&card=edid=706%20ed=DRI,DRI,38.00,60.00,7627.0,Team Rocket's Raticate (#202/182),Raticate da Equipe Rocket,C,,202,000000000000202,0.0,38.00,45.67,60.00,2025-05-20 17:11:19,1.0,17.0,706.0,0.0,,,,//arquivos/in/pokemon_bkp/cd/706/683a0ddf613b0-fxldo-6envh-f67d0c4fb2c68709661fb1ac787983c5.jpg
https://www.ligapokemon.com.br/?view=cards/search&card=edid=706%20ed=DRI,DRI,69.90,199.99,1877.0,Team Rocket's Meowth (#203/182),Meowth da Equipe Rocket,C,,203,000000000000203,0.0,69.90,108.16,199.99,2025-05-08 18:11:32,2.0,17.0,706.0,0.0,,,,//arquivos/in/pokemon_bkp/cd/706/683a0de12a1d2-159kf-ztsnb-f67d0c4fb2c68709661fb1ac787983c5.jpg
https://www.ligapokemon.com.br/?view=cards/search&card=edid=706%20ed=DRI,DRI,28.90,99.99,381.0,Kangaskhan (#204/182),Kangaskhan,C,,204,000000000000204,0.0,28.90,51.92,99.99,2025-05-01 11:43:40,1.0,17.0,706.0,0.0,,,,//arquivos/in/pokemon_bkp/cd/706/683a0de2eac5c-ckguv-3yp7z-f67d0c4fb2c68709661fb1ac787983c5.jpg
https://www.ligapokemon.com.br/?view=cards/search&card=edid=706%20ed=DRI,DRI,19.90,79.99,7536.0,Arven's Greedent (#205/182),Greedent do Arven,C,,205,000000000000205,0.0,19.90,26.89,79.99,2025-05-20 17:11:20,1.0,17.0,706.0,0.0,,,,//arquivos/in/pokemon_bkp/cd/706/683a0de4e5769-954id-rkegb-f67d0c4fb2c68709661fb1ac787983c5.jpg
https://www.ligapokemon.com.br/?view=cards/search&card=edid=706%20ed=DRI,DRI,8.00,39.90,7511.0,Yanmega ex (#206/182),Yanmega ex,G,,206,000000000000206,0.0,8.00,21.28,39.90,2025-05-20 17:11:20,1.0,7.0,706.0,0.0,,,,//arquivos/in/pokemon_bkp/cd/706/683a0de6b1d06-vchkf-yh2xu-f67d0c4fb2c68709661fb1ac787983c5.jpg
https://www.ligapokemon.com.br/?view=cards/search&card=edid=706%20ed=DRI,DRI,9.50,39.99,7590.0,Arboliva ex (#207/182),Arboliva ex,G,,207,000000000000207,0.0,9.50,17.91,39.99,2025-05-20 17:11:20,1.0,7.0,706.0,0.0,,,,//arquivos/in/pokemon_bkp/cd/706/683a0de87c0ad-rlqpi-qifxh-f67d0c4fb2c68709661fb1ac787983c5.jpg
https://www.ligapokemon.com.br/?view=cards/search&card=edid=706%20ed=DRI,DRI,24.90,139.95,7591.0,Team Rocket's Moltres ex (#208/182),Moltres ex da Equipe Rocket,R,,208,000000000000208,0.0,24.90,40.69,139.95,2025-05-20 17:11:20,1.0,7.0,706.0,0.0,,,,//arquivos/in/pokemon_bkp/cd/706/683a0dea5677f-iuzlq-caq64-f67d0c4fb2c68709661fb1ac787983c5.jpg
https://www.ligapokemon.com.br/?view=cards/search&card=edid=706%20ed=DRI,DRI,28.70,94.99,7339.0,Ethan's Ho-Oh ex (#209/182),Ho-Oh ex do Ethan,R,,209,000000000000209,0.0,28.70,43.76,94.99,2025-05-06 15:43:46,1.0,17.0,706.0,0.0,,,,//arquivos/in/pokemon_bkp/cd/706/683a0dec24319-6ztm4-tg8er-f67d0c4fb2c68709661fb1ac787983c5.jpg
https://www.ligapokemon.com.br/?view=cards/search&card=edid=706%20ed=DRI,DRI,9.90,44.99,7595.0,Cetitan ex (#210/182),Cetitan ex,W,,210,000000000000210,0.0,9.90,16.39,44.99,2025-05-20 17:11:20,1.0,7.0,706.0,0.0,,,,//arquivos/in/pokemon_bkp/cd/706/683a0dede29e5-zvnmd-ya4bg-f67d0c4fb2c68709661fb1ac787983c5.jpg
https://www.ligapokemon.com.br/?view=cards/search&card=edid=706%20ed=DRI,DRI,8.00,22.50,7523.0,Dondozo ex (#211/182),Dondozo ex,W,,211,000000000000211,0.0,8.00,13.16,22.50,2025-05-20 17:11:21,1.0,7.0,706.0,0.0,,,,//arquivos/in/pokemon_bkp/cd/706/683a0defe8b16-qgfln-28fkp-f67d0c4fb2c68709661fb1ac787983c5.jpg
https://www.ligapokemon.com.br/?view=cards/search&card=edid=706%20ed=DRI,DRI,7.99,34.20,7525.0,Electivire ex (#212/182),Electivire ex,L,,212,000000000000212,0.0,7.99,18.34,34.20,2025-05-20 17:11:21,1.0,7.0,706.0,0.0,,,,//arquivos/in/pokemon_bkp/cd/706/683a0df1b5bf4-qlbxp-16we7-f67d0c4fb2c68709661fb1ac787983c5.jpg
https://www.ligapokemon.com.br/?view=cards/search&card=edid=706%20ed=DRI,DRI,54.90,329.90,7586.0,Team Rocket's Mewtwo ex (#213/182),Mewtwo ex da Equipe Rocket,P,,213,000000000000213,0.0,54.90,75.51,329.90,2025-05-20 17:11:22,2.0,7.0,706.0,0.0,,,,//arquivos/in/pokemon_bkp/cd/706/683a0df382844-23iu1-k1qxl-f67d0c4fb2c68709661fb1ac787983c5.jpg
https://www.ligapokemon.com.br/?view=cards/search&card=edid=706%20ed=DRI,DRI,3.90,49.99,1633.0,Regirock ex (#214/182),Regirock ex,F,,214,000000000000214,0.0,3.90,14.45,49.99,2025-05-20 17:11:22,1.0,7.0,706.0,0.0,,,,//arquivos/in/pokemon_bkp/cd/706/683a0df65be42-gu7tx-grbhc-f67d0c4fb2c68709661fb1ac787983c5.jpg
https://www.ligapokemon.com.br/?view=cards/search&card=edid=706%20ed=DRI,DRI,25.50,319.99,7340.0,Cynthia's Garchomp ex (#215/182),Garchomp ex da C&iacute;ntia,F,,215,000000000000215,0.0,25.50,54.15,319.99,2025-05-20 17:11:22,1.0,7.0,706.0,0.0,,,,//arquivos/in/pokemon_bkp/cd/706/683a0df833eec-q29yj-x6kj4-f67d0c4fb2c68709661fb1ac787983c5.jpg
https://www.ligapokemon.com.br/?view=cards/search&card=edid=706%20ed=DRI,DRI,15.42,99.00,7616.0,Team Rocket's Nidoking ex (#216/182),Nidoking ex da Equipe Rocket,D,,216,000000000000216,0.0,15.42,28.12,99.00,2025-05-20 17:11:22,1.0,7.0,706.0,0.0,,,,//arquivos/in/pokemon_bkp/cd/706/683a0dfa14487-0eh2r-u46j9-f67d0c4fb2c68709661fb1ac787983c5.jpg
https://www.ligapokemon.com.br/?view=cards/search&card=edid=706%20ed=DRI,DRI,14.90,149.99,7619.0,Team Rocket's Crobat ex (#217/182),Crobat ex da Equipe Rocket,D,,217,000000000000217,0.0,14.90,30.01,149.99,2025-05-20 17:11:22,1.0,7.0,706.0,0.0,,,,//arquivos/in/pokemon_bkp/cd/706/683a0dfbcfb8b-g8uz1-t0iye-f67d0c4fb2c68709661fb1ac787983c5.jpg
https://www.ligapokemon.com.br/?view=cards/search&card=edid=706%20ed=DRI,DRI,9.50,119.99,7341.0,Arven's Mabosstiff ex (#218/182),Mabosstiff ex do Arven,D,,218,000000000000218,0.0,9.50,18.63,119.99,2025-05-20 17:11:23,1.0,7.0,706.0,0.0,,,,//arquivos/in/pokemon_bkp/cd/706/683a0dfd95d34-oiqbt-khfq9-f67d0c4fb2c68709661fb1ac787983c5.jpg
https://www.ligapokemon.com.br/?view=cards/search&card=edid=706%20ed=DRI,DRI,15.50,90.00,7628.0,Team Rocket's Persian ex (#219/182),Persian ex da Equipe Rocket,C,,219,000000000000219,0.0,15.50,25.33,90.00,2025-05-20 17:11:23,1.0,7.0,706.0,0.0,,,,//arquivos/in/pokemon_bkp/cd/706/683a0dff73b71-plzhk-0r6qb-f67d0c4fb2c68709661fb1ac787983c5.jpg
https://www.ligapokemon.com.br/?view=cards/search&card=edid=706%20ed=DRI,DRI,13.90,81.00,7769.0,Emcee's Hype (#220/182),Hype da Emcee,C,,220,000000000000220,0.0,13.90,27.06,81.00,2025-05-20 17:11:23,1.0,7.0,706.0,0.0,,,,//arquivos/in/pokemon_bkp/cd/706/683a0e014c114-vg7a6-ughqw-f67d0c4fb2c68709661fb1ac787983c5.jpg
https://www.ligapokemon.com.br/?view=cards/search&card=edid=706%20ed=DRI,DRI,37.90,94.99,7540.0,Ethan's Adventure (#221/182),Aventura do Ethan,C,,221,000000000000221,0.0,37.90,61.56,94.99,2025-05-01 11:43:40,1.0,7.0,706.0,0.0,,,,//arquivos/in/pokemon_bkp/cd/706/683a0e0315e90-0hfxq-8isg5-f67d0c4fb2c68709661fb1ac787983c5.jpg
https://www.ligapokemon.com.br/?view=cards/search&card=edid=706%20ed=DRI,DRI,69.99,104.41,1405.0,Judge (#222/182),Juiz,C,,222,000000000000222,0.0,69.99,77.05,104.41,2025-05-20 17:11:24,1.0,7.0,706.0,0.0,,,,//arquivos/in/pokemon_bkp/cd/706/683a0e04d36e0-16pgq-qf5nt-f67d0c4fb2c68709661fb1ac787983c5.jpg
https://www.ligapokemon.com.br/?view=cards/search&card=edid=706%20ed=DRI,DRI,29.89,74.99,7637.0,Team Rocket's Archer (#223/182),Apollo da Equipe Rocket,C,,223,000000000000223,0.0,29.89,58.97,74.99,2025-05-20 17:11:24,1.0,7.0,706.0,0.0,,,,//arquivos/in/pokemon_bkp/cd/706/683a0e069dd24-s3o4x-t6avi-f67d0c4fb2c68709661fb1ac787983c5.jpg
https://www.ligapokemon.com.br/?view=cards/search&card=edid=706%20ed=DRI,DRI,41.80,174.99,7636.0,Team Rocket's Ariana (#224/182),Athena da Equipe Rocket,C,,224,000000000000224,0.0,41.80,54.91,174.99,2025-05-20 17:11:25,2.0,7.0,706.0,0.0,,,,//arquivos/in/pokemon_bkp/cd/706/683a0e0884230-9prae-ot12q-f67d0c4fb2c68709661fb1ac787983c5.jpg
https://www.ligapokemon.com.br/?view=cards/search&card=edid=706%20ed=DRI,DRI,50.00,249.99,7638.0,Team Rocket's Giovanni (#225/182),Giovanni da Equipe Rocket,C,,225,000000000000225,0.0,50.00,75.06,249.99,2025-05-20 17:11:25,1.0,7.0,706.0,0.0,,,,//arquivos/in/pokemon_bkp/cd/706/683a0e0a551a5-0ef91-jladf-f67d0c4fb2c68709661fb1ac787983c5.jpg
https://www.ligapokemon.com.br/?view=cards/search&card=edid=706%20ed=DRI,DRI,110.00,179.99,7639.0,Team Rocket's Petrel (#226/182),Petrel da Equipe Rocket,C,,226,000000000000226,0.0,110.00,131.21,179.99,2025-05-20 17:11:25,0.0,7.0,706.0,0.0,,,,//arquivos/in/pokemon_bkp/cd/706/683a0e0c309d0-9cdge-pxviz-f67d0c4fb2c68709661fb1ac787983c5.jpg
https://www.ligapokemon.com.br/?view=cards/search&card=edid=706%20ed=DRI,DRI,99.99,249.90,7640.0,Team Rocket's Proton (#227/182),Pr&oacute;ton da Equipe Rocket,C,,227,000000000000227,0.0,99.99,120.98,249.90,2025-05-20 17:11:25,1.0,7.0,706.0,0.0,,,,//arquivos/in/pokemon_bkp/cd/706/683a0e0def969-9i4ne-jcdre-f67d0c4fb2c68709661fb1ac787983c5.jpg
https://www.ligapokemon.com.br/?view=cards/search&card=edid=706%20ed=DRI,DRI,79.90,199.99,7511.0,Yanmega ex (#228/182),Yanmega ex,G,,228,000000000000228,0.0,79.90,129.84,199.99,2025-05-20 17:11:26,2.0,18.0,706.0,0.0,,,,//arquivos/in/pokemon_bkp/cd/706/683a0e0fd2d6e-wvshi-htzla-f67d0c4fb2c68709661fb1ac787983c5.jpg
https://www.ligapokemon.com.br/?view=cards/search&card=edid=706%20ed=DRI,DRI,199.90,1850.00,7591.0,Team Rocket's Moltres ex (#229/182),Moltres ex da Equipe Rocket,R,,229,000000000000229,0.0,199.90,416.09,1850.00,2025-05-20 17:11:26,6.0,18.0,706.0,0.0,,,,//arquivos/in/pokemon_bkp/cd/706/683a0e11bac14-k5m6b-qak3e-f67d0c4fb2c68709661fb1ac787983c5.jpg
https://www.ligapokemon.com.br/?view=cards/search&card=edid=706%20ed=DRI,DRI,469.90,3798.00,7339.0,Ethan's Ho-Oh ex (#230/182),Ho-Oh ex do Ethan,R,,230,000000000000230,0.0,469.90,640.90,3798.00,2025-05-01 11:43:41,7.0,18.0,706.0,0.0,,,,//arquivos/in/pokemon_bkp/cd/706/683a0e138c9bd-u35wt-bh2pm-f67d0c4fb2c68709661fb1ac787983c5.jpg
https://www.ligapokemon.com.br/?view=cards/search&card=edid=706%20ed=DRI,DRI,899.90,2400.00,7586.0,Team Rocket's Mewtwo ex (#231/182),Mewtwo ex da Equipe Rocket,P,,231,000000000000231,0.0,899.90,1173.11,2400.00,2025-05-15 18:21:19,35.0,18.0,706.0,0.0,,,,//arquivos/in/pokemon_bkp/cd/706/683a0e155f6e6-ax3dp-58jlp-f67d0c4fb2c68709661fb1ac787983c5.jpg
https://www.ligapokemon.com.br/?view=cards/search&card=edid=706%20ed=DRI,DRI,550.00,1648.80,7340.0,Cynthia's Garchomp ex (#232/182),Garchomp ex da C&iacute;ntia,F,,232,000000000000232,0.0,550.00,705.17,1648.80,2025-05-05 18:06:35,10.0,18.0,706.0,0.0,,,,//arquivos/in/pokemon_bkp/cd/706/683a0e1753811-nd89a-oziv5-f67d0c4fb2c68709661fb1ac787983c5.jpg
https://www.ligapokemon.com.br/?view=cards/search&card=edid=706%20ed=DRI,DRI,259.90,1020.00,7616.0,Team Rocket's Nidoking ex (#233/182),Nidoking ex da Equipe Rocket,D,,233,000000000000233,0.0,259.90,425.26,1020.00,2025-05-20 17:11:26,6.0,18.0,706.0,0.0,,,,//arquivos/in/pokemon_bkp/cd/706/683a0e1939b6d-hsokm-edfk2-f67d0c4fb2c68709661fb1ac787983c5.jpg
https://www.ligapokemon.com.br/?view=cards/search&card=edid=706%20ed=DRI,DRI,350.00,699.90,7619.0,Team Rocket's Crobat ex (#234/182),Crobat ex da Equipe Rocket,D,,234,000000000000234,0.0,350.00,436.24,699.90,2025-05-15 18:21:19,3.0,18.0,706.0,0.0,,,,//arquivos/in/pokemon_bkp/cd/706/683a0e1b0701d-bpolg-9dfvs-f67d0c4fb2c68709661fb1ac787983c5.jpg
https://www.ligapokemon.com.br/?view=cards/search&card=edid=706%20ed=DRI,DRI,76.50,599.99,7341.0,Arven's Mabosstiff ex (#235/182),Mabosstiff ex do Arven,D,,235,000000000000235,0.0,76.50,120.66,599.99,2025-05-20 17:11:26,1.0,18.0,706.0,0.0,,,,//arquivos/in/pokemon_bkp/cd/706/683a0e1d0ee63-rfuka-8cof3-f67d0c4fb2c68709661fb1ac787983c5.jpg
https://www.ligapokemon.com.br/?view=cards/search&card=edid=706%20ed=DRI,DRI,144.42,349.99,7540.0,Ethan's Adventure (#236/182),Aventura do Ethan,C,,236,000000000000236,0.0,144.42,219.37,349.99,2025-05-20 17:11:27,2.0,18.0,706.0,0.0,,,,//arquivos/in/pokemon_bkp/cd/706/683a0e1ee8975-1v0qb-zm73v-f67d0c4fb2c68709661fb1ac787983c5.jpg
https://www.ligapokemon.com.br/?view=cards/search&card=edid=706%20ed=DRI,DRI,148.90,419.99,7636.0,Team Rocket's Ariana (#237/182),Athena da Equipe Rocket,C,,237,000000000000237,0.0,148.90,213.09,419.99,2025-05-20 17:11:27,4.0,18.0,706.0,0.0,,,,//arquivos/in/pokemon_bkp/cd/706/683a0e20af1b8-c3lqt-c9m7h-f67d0c4fb2c68709661fb1ac787983c5.jpg
https://www.ligapokemon.com.br/?view=cards/search&card=edid=706%20ed=DRI,DRI,139.90,220.00,7638.0,Team Rocket's Giovanni (#238/182),Giovanni da Equipe Rocket,C,,238,000000000000238,0.0,139.90,157.64,220.00,2025-05-20 17:11:28,1.0,18.0,706.0,0.0,,,,//arquivos/in/pokemon_bkp/cd/706/683a0e227a931-13rmv-5yixa-f67d0c4fb2c68709661fb1ac787983c5.jpg
https://www.ligapokemon.com.br/?view=cards/search&card=edid=706%20ed=DRI,DRI,119.90,339.99,7339.0,Ethan's Ho-Oh ex (#239/182),Ho-Oh ex do Ethan,R,,239,000000000000239,0.0,119.90,166.08,339.99,2025-05-20 17:11:28,1.0,14.0,706.0,0.0,,,,//arquivos/in/pokemon_bkp/cd/706/683a0e245a4e1-d9mp1-i41p3-f67d0c4fb2c68709661fb1ac787983c5.jpg
https://www.ligapokemon.com.br/?view=cards/search&card=edid=706%20ed=DRI,DRI,149.90,579.90,7586.0,Team Rocket's Mewtwo ex (#240/182),Mewtwo ex da Equipe Rocket,P,,240,000000000000240,0.0,149.90,214.25,579.90,2025-05-20 17:11:28,1.0,14.0,706.0,0.0,,,,//arquivos/in/pokemon_bkp/cd/706/683a0e26230a5-qz1l7-oreyg-f67d0c4fb2c68709661fb1ac787983c5.jpg
https://www.ligapokemon.com.br/?view=cards/search&card=edid=706%20ed=DRI,DRI,98.10,489.99,7340.0,Cynthia's Garchomp ex (#241/182),Garchomp ex da C&iacute;ntia,F,,241,000000000000241,0.0,98.10,176.02,489.99,2025-05-20 17:11:28,1.0,14.0,706.0,0.0,,,,//arquivos/in/pokemon_bkp/cd/706/683a0e27e06e6-pvhnm-9bpzj-f67d0c4fb2c68709661fb1ac787983c5.jpg
https://www.ligapokemon.com.br/?view=cards/search&card=edid=706%20ed=DRI,DRI,69.90,234.87,7619.0,Team Rocket's Crobat ex (#242/182),Crobat ex da Equipe Rocket,D,,242,000000000000242,0.0,69.90,115.90,234.87,2025-05-20 17:11:29,2.0,14.0,706.0,0.0,,,,//arquivos/in/pokemon_bkp/cd/706/683a0e29a3c52-gy3rh-nsz1m-f67d0c4fb2c68709661fb1ac787983c5.jpg
https://www.ligapokemon.com.br/?view=cards/search&card=edid=706%20ed=DRI,DRI,89.99,217.82,7002.0,Jamming Tower (#243/182),Torre de Interfer&ecirc;ncia,C,,243,000000000000243,0.0,89.99,132.76,217.82,2025-05-28 14:22:55,3.0,14.0,706.0,0.0,,,,//arquivos/in/pokemon_bkp/cd/706/683a0e2b9d6a6-s6vbz-0e6bg-f67d0c4fb2c68709661fb1ac787983c5.jpg
https://www.ligapokemon.com.br/?view=cards/search&card=edid=706%20ed=DRI,DRI,69.90,139.99,7335.0,Levincia (#244/182),Levincia,C,,244,000000000000244,0.0,69.90,92.59,139.99,2025-05-20 17:11:29,1.0,14.0,706.0,0.0,,,,//arquivos/in/pokemon_bkp/cd/706/683a0e2d6916d-g9hcq-xy5wo-f67d0c4fb2c68709661fb1ac787983c5.jpg
https://www.ligapokemon.com.br/?view=cards/search&card=edid=654%20ed=JTG,JTG,0.09,3.00,201.0,Caterpie (#001/159),Caterpie,G,,001,000000000000001,0.0,0.09,0.53,3.00,2025-03-24 18:10:35,0.0,1.0,654.0,0.0,,,,//arquivos/in/pokemon_bkp/cd/654/67e5a8a41f6c7-wf7xz-uzg1w-040edb458cc4e3c466bcacfea9a6defb.jpg
https://www.ligapokemon.com.br/?view=cards/search&card=edid=654%20ed=JTG,JTG,0.15,2.50,186.0,Metapod (#002/159),Metapod,G,,002,000000000000002,0.0,0.15,0.63,2.50,2025-03-24 18:10:35,2.0,1.0,654.0,0.0,,,,//arquivos/in/pokemon_bkp/cd/654/67e5a8a5f3c7a-jext5-fk9qw-040edb458cc4e3c466bcacfea9a6defb.jpg
https://www.ligapokemon.com.br/?view=cards/search&card=edid=654%20ed=JTG,JTG,0.22,3.90,156.0,Butterfree (#003/159),Butterfree,G,,003,000000000000003,0.0,0.22,1.05,3.90,2025-03-24 18:10:35,0.0,4.0,654.0,0.0,,,,//arquivos/in/pokemon_bkp/cd/654/67e5a8a7bb7cb-krvzy-bcy7l-040edb458cc4e3c466bcacfea9a6defb.jpg
https://www.ligapokemon.com.br/?view=cards/search&card=edid=654%20ed=JTG,JTG,0.08,2.50,495.0,Paras (#004/159),Paras,G,,004,000000000000004,0.0,0.08,0.49,2.50,2025-03-24 18:10:35,0.0,1.0,654.0,0.0,,,,//arquivos/in/pokemon_bkp/cd/654/67e5a8a99b285-ei2wt-t79pl-040edb458cc4e3c466bcacfea9a6defb.jpg
https://www.ligapokemon.com.br/?view=cards/search&card=edid=654%20ed=JTG,JTG,0.14,2.50,489.0,Parasect (#005/159),Parasect,G,,005,000000000000005,0.0,0.14,0.66,2.50,2025-03-24 18:10:35,0.0,1.0,654.0,0.0,,,,//arquivos/in/pokemon_bkp/cd/654/67e5a8ab69aa9-j7zq9-n4x2g-040edb458cc4e3c466bcacfea9a6defb.jpg
https://www.ligapokemon.com.br/?view=cards/search&card=edid=654%20ed=JTG,JTG,0.11,2.50,806.0,Petilil (#006/159),Petilil,G,,006,000000000000006,0.0,0.11,0.65,2.50,2025-03-24 18:10:35,0.0,1.0,654.0,0.0,,,,//arquivos/in/pokemon_bkp/cd/654/67e5a8ad3cf7d-jkpic-xbf5h-040edb458cc4e3c466bcacfea9a6defb.jpg
https://www.ligapokemon.com.br/?view=cards/search&card=edid=654%20ed=JTG,JTG,0.15,3.00,807.0,Lilligant (#007/159),Lilligant,G,,007,000000000000007,0.0,0.15,0.88,3.00,2025-03-24 18:10:35,0.0,1.0,654.0,0.0,,,,//arquivos/in/pokemon_bkp/cd/654/67e5a8af0f86b-7temu-hdar5-040edb458cc4e3c466bcacfea9a6defb.jpg
https://www.ligapokemon.com.br/?view=cards/search&card=edid=654%20ed=JTG,JTG,0.12,4.00,243.0,Maractus (#008/159),Maractus,G,,008,000000000000008,0.0,0.12,0.76,4.00,2025-03-24 18:10:35,0.0,2.0,654.0,0.0,,,,//arquivos/in/pokemon_bkp/cd/654/67e5a8b0cda09-h46y2-mi8v9-040edb458cc4e3c466bcacfea9a6defb.jpg
https://www.ligapokemon.com.br/?view=cards/search&card=edid=654%20ed=JTG,JTG,0.08,3.00,709.0,Karrablast (#009/159),Karrablast,G,,009,000000000000009,0.0,0.08,0.56,3.00,2025-03-24 18:10:36,0.0,1.0,654.0,0.0,,,,//arquivos/in/pokemon_bkp/cd/654/67e5a8b2a1701-ham9n-olrtp-040edb458cc4e3c466bcacfea9a6defb.jpg
https://www.ligapokemon.com.br/?view=cards/search&card=edid=654%20ed=JTG,JTG,0.08,2.50,808.0,Foongus (#010/159),Foongus,G,,010,000000000000010,0.0,0.08,0.85,2.50,2025-03-24 18:10:36,0.0,1.0,654.0,0.0,,,,//arquivos/in/pokemon_bkp/cd/654/67e5a8b4594f8-9fud4-ay9gp-040edb458cc4e3c466bcacfea9a6defb.jpg
https://www.ligapokemon.com.br/?view=cards/search&card=edid=654%20ed=JTG,JTG,3.00,14.90,7211.0,Amoonguss ex (#011/159),Amoonguss ex,G,,011,000000000000011,0.0,3.00,8.86,14.90,2025-03-24 18:10:37,0.0,20.0,654.0,0.0,,,,//arquivos/in/pokemon_bkp/cd/654/67e5a8b61dbb6-cjfmw-wydzi-040edb458cc4e3c466bcacfea9a6defb.jpg
https://www.ligapokemon.com.br/?view=cards/search&card=edid=654%20ed=JTG,JTG,0.07,2.50,710.0,Shelmet (#012/159),Shelmet,G,,012,000000000000012,0.0,0.07,0.55,2.50,2025-03-24 18:10:37,0.0,1.0,654.0,0.0,,,,//arquivos/in/pokemon_bkp/cd/654/67e5a8b7dcc9b-160vn-8gpvx-040edb458cc4e3c466bcacfea9a6defb.jpg
https://www.ligapokemon.com.br/?view=cards/search&card=edid=654%20ed=JTG,JTG,0.08,2.50,711.0,Accelgor (#013/159),Accelgor,G,,013,000000000000013,0.0,0.08,0.56,2.50,2025-03-24 18:10:37,0.0,2.0,654.0,0.0,,,,//arquivos/in/pokemon_bkp/cd/654/67e5a8b99ae0e-kpic8-vup9o-040edb458cc4e3c466bcacfea9a6defb.jpg
https://www.ligapokemon.com.br/?view=cards/search&card=edid=654%20ed=JTG,JTG,0.09,2.50,828.0,Durant (#014/159),Durant,G,,014,000000000000014,0.0,0.09,0.45,2.50,2025-03-24 18:10:37,0.0,1.0,654.0,0.0,,,,//arquivos/in/pokemon_bkp/cd/654/67e5a8bb5eccc-q83dr-23k7y-040edb458cc4e3c466bcacfea9a6defb.jpg
https://www.ligapokemon.com.br/?view=cards/search&card=edid=654%20ed=JTG,JTG,0.09,2.50,31.0,Virizion (#015/159),Virizion,G,,015,000000000000015,0.0,0.09,0.68,2.50,2025-03-24 18:10:37,0.0,2.0,654.0,0.0,,,,//arquivos/in/pokemon_bkp/cd/654/67e5a8bd20e0a-c5ymp-vbd1q-040edb458cc4e3c466bcacfea9a6defb.jpg
https://www.ligapokemon.com.br/?view=cards/search&card=edid=654%20ed=JTG,JTG,0.08,2.50,6353.0,Sprigatito (#016/159),Sprigatito,G,,016,000000000000016,0.0,0.08,0.84,2.50,2025-03-24 18:10:37,0.0,1.0,654.0,0.0,,,,//arquivos/in/pokemon_bkp/cd/654/67e5a8bedd4fd-05wat-5bvnt-040edb458cc4e3c466bcacfea9a6defb.jpg
https://www.ligapokemon.com.br/?view=cards/search&card=edid=654%20ed=JTG,JTG,0.14,2.50,6382.0,Floragato (#017/159),Floragato,G,,017,000000000000017,0.0,0.14,0.56,2.50,2025-03-24 18:10:38,0.0,1.0,654.0,0.0,,,,//arquivos/in/pokemon_bkp/cd/654/67e5a8c0a525c-zulcf-hokzv-040edb458cc4e3c466bcacfea9a6defb.jpg
https://www.ligapokemon.com.br/?view=cards/search&card=edid=654%20ed=JTG,JTG,0.23,6.00,6416.0,Meowscarada (#018/159),Meowscarada,G,,018,000000000000018,0.0,0.23,1.04,6.00,2025-03-24 18:10:38,0.0,4.0,654.0,0.0,,,,//arquivos/in/pokemon_bkp/cd/654/67e5a8c279e38-orb35-80mku-040edb458cc4e3c466bcacfea9a6defb.jpg
https://www.ligapokemon.com.br/?view=cards/search&card=edid=654%20ed=JTG,JTG,0.12,2.50,6384.0,Nymble (#019/159),Nymble,G,,019,000000000000019,0.0,0.12,0.66,2.50,2025-03-24 18:10:38,0.0,1.0,654.0,0.0,,,,//arquivos/in/pokemon_bkp/cd/654/67e5a8c4381f3-uib4z-4vjr0-040edb458cc4e3c466bcacfea9a6defb.jpg
https://www.ligapokemon.com.br/?view=cards/search&card=edid=654%20ed=JTG,JTG,0.10,2.00,328.0,Magmar (#020/159),Magmar,R,,020,000000000000020,0.0,0.10,0.52,2.00,2025-03-24 18:10:38,0.0,1.0,654.0,0.0,,,,//arquivos/in/pokemon_bkp/cd/654/67e5a8c5d6e88-20owp-c1zuo-040edb458cc4e3c466bcacfea9a6defb.jpg
https://www.ligapokemon.com.br/?view=cards/search&card=edid=654%20ed=JTG,JTG,0.30,5.99,276.0,Magmortar (#021/159),Magmortar,R,,021,000000000000021,0.0,0.30,1.25,5.99,2025-03-24 18:10:39,0.0,4.0,654.0,0.0,,,,//arquivos/in/pokemon_bkp/cd/654/67e5a8c79b90b-83b9c-me83p-040edb458cc4e3c466bcacfea9a6defb.jpg
https://www.ligapokemon.com.br/?view=cards/search&card=edid=654%20ed=JTG,JTG,0.09,3.00,123.0,Torchic (#022/159),Torchic,R,,022,000000000000022,0.0,0.09,0.63,3.00,2025-03-24 18:10:39,0.0,1.0,654.0,0.0,,,,//arquivos/in/pokemon_bkp/cd/654/67e5a8c971f3c-nycg0-6fdwo-040edb458cc4e3c466bcacfea9a6defb.jpg
https://www.ligapokemon.com.br/?view=cards/search&card=edid=654%20ed=JTG,JTG,0.14,3.00,138.0,Combusken (#023/159),Combusken,R,,023,000000000000023,0.0,0.14,0.69,3.00,2025-03-24 18:10:39,0.0,2.0,654.0,0.0,,,,//arquivos/in/pokemon_bkp/cd/654/67e5a8cb3102d-l62bj-9hls3-040edb458cc4e3c466bcacfea9a6defb.jpg
https://www.ligapokemon.com.br/?view=cards/search&card=edid=654%20ed=JTG,JTG,9.96,29.90,1243.0,Blaziken ex (#024/159),Blaziken ex,R,,024,000000000000024,0.0,9.96,17.88,29.90,2025-03-24 18:10:39,0.0,20.0,654.0,0.0,,,,//arquivos/in/pokemon_bkp/cd/654/67e5a8cd2ae30-dquj4-sxfrt-040edb458cc4e3c466bcacfea9a6defb.jpg
https://www.ligapokemon.com.br/?view=cards/search&card=edid=654%20ed=JTG,JTG,0.14,2.00,432.0,Torkoal (#025/159),Torkoal,R,,025,000000000000025,0.0,0.14,0.63,2.00,2025-03-24 18:10:40,0.0,1.0,654.0,0.0,,,,//arquivos/in/pokemon_bkp/cd/654/67e5a8cee308e-kid23-wcnfy-040edb458cc4e3c466bcacfea9a6defb.jpg
https://www.ligapokemon.com.br/?view=cards/search&card=edid=654%20ed=JTG,JTG,0.14,3.50,7292.0,N's Darumaka (#026/159),Darumaka do N,R,,026,000000000000026,0.0,0.14,0.80,3.50,2025-03-24 18:10:40,0.0,1.0,654.0,0.0,,,,//arquivos/in/pokemon_bkp/cd/654/67e5a8d0a700d-pfagr-o392u-040edb458cc4e3c466bcacfea9a6defb.jpg
https://www.ligapokemon.com.br/?view=cards/search&card=edid=654%20ed=JTG,JTG,0.15,99.00,7293.0,N's Darmanitan (#027/159),Darmanitan do N,R,,027,000000000000027,0.0,0.15,8.66,99.00,2025-03-24 18:10:40,0.0,2.0,654.0,0.0,,,,//arquivos/in/pokemon_bkp/cd/654/67e5a8d2731bb-s7xkz-qsv1w-040edb458cc4e3c466bcacfea9a6defb.jpg
https://www.ligapokemon.com.br/?view=cards/search&card=edid=654%20ed=JTG,JTG,0.09,2.50,714.0,Larvesta (#028/159),Larvesta,R,,028,000000000000028,0.0,0.09,0.62,2.50,2025-03-24 18:10:40,0.0,1.0,654.0,0.0,,,,//arquivos/in/pokemon_bkp/cd/654/67e5a8d43fdfc-ztmh3-j5lvn-040edb458cc4e3c466bcacfea9a6defb.jpg
https://www.ligapokemon.com.br/?view=cards/search&card=edid=654%20ed=JTG,JTG,0.12,3.00,715.0,Volcarona (#029/159),Volcarona,R,,029,000000000000029,0.0,0.12,0.64,3.00,2025-03-11 18:51:51,0.0,2.0,654.0,0.0,,,,//arquivos/in/pokemon_bkp/cd/654/67e5a8d6040ae-873gy-tnpwr-040edb458cc4e3c466bcacfea9a6defb.jpg
https://www.ligapokemon.com.br/?view=cards/search&card=edid=654%20ed=JTG,JTG,2.90,39.90,7212.0,Reshiram ex (#030/159),Reshiram ex,R,,030,000000000000030,0.0,2.90,15.83,39.90,2025-03-24 18:10:40,0.0,20.0,654.0,0.0,,,,//arquivos/in/pokemon_bkp/cd/654/67e5a8d7c6ff8-bpoyc-h3dfy-040edb458cc4e3c466bcacfea9a6defb.jpg
https://www.ligapokemon.com.br/?view=cards/search&card=edid=654%20ed=JTG,JTG,4.90,14.99,7294.0,Volcanion ex (#031/159),Volcanion ex,R,,031,000000000000031,0.0,4.90,7.71,14.99,2025-03-24 18:10:40,0.0,20.0,654.0,0.0,,,,//arquivos/in/pokemon_bkp/cd/654/67e5a8d992614-tbhid-gtwdf-040edb458cc4e3c466bcacfea9a6defb.jpg
https://www.ligapokemon.com.br/?view=cards/search&card=edid=654%20ed=JTG,JTG,0.15,2.00,48.0,Articuno (#032/159),Articuno,W,,032,000000000000032,0.0,0.15,0.87,2.00,2025-03-24 18:10:41,0.0,2.0,654.0,0.0,,,,//arquivos/in/pokemon_bkp/cd/654/67e5a8db58acd-e6hcs-dahcg-040edb458cc4e3c466bcacfea9a6defb.jpg
https://www.ligapokemon.com.br/?view=cards/search&card=edid=654%20ed=JTG,JTG,0.08,2.50,496.0,Remoraid (#033/159),Remoraid,W,,033,000000000000033,0.0,0.08,0.55,2.50,2025-03-24 18:10:41,0.0,1.0,654.0,0.0,,,,//arquivos/in/pokemon_bkp/cd/654/67e5a8dd2225e-z279k-z30u7-040edb458cc4e3c466bcacfea9a6defb.jpg
https://www.ligapokemon.com.br/?view=cards/search&card=edid=654%20ed=JTG,JTG,0.09,4.00,488.0,Octillery (#034/159),Octillery,W,,034,000000000000034,0.0,0.09,0.70,4.00,2025-03-24 18:10:42,0.0,2.0,654.0,0.0,,,,//arquivos/in/pokemon_bkp/cd/654/67e5a8dee2ac7-axr3h-dfkzx-040edb458cc4e3c466bcacfea9a6defb.jpg
https://www.ligapokemon.com.br/?view=cards/search&card=edid=654%20ed=JTG,JTG,0.12,2.00,327.0,Lotad (#035/159),Lotad,W,,035,000000000000035,0.0,0.12,0.64,2.00,2025-03-24 18:10:42,0.0,1.0,654.0,0.0,,,,//arquivos/in/pokemon_bkp/cd/654/67e5a8e0a5212-l9iq7-x5u6r-040edb458cc4e3c466bcacfea9a6defb.jpg
https://www.ligapokemon.com.br/?view=cards/search&card=edid=654%20ed=JTG,JTG,0.12,2.50,292.0,Lombre (#036/159),Lombre,W,,036,000000000000036,0.0,0.12,0.51,2.50,2025-03-24 18:10:42,0.0,1.0,654.0,0.0,,,,//arquivos/in/pokemon_bkp/cd/654/67e5a8e277ae1-or2fs-x3zqg-040edb458cc4e3c466bcacfea9a6defb.jpg
https://www.ligapokemon.com.br/?view=cards/search&card=edid=654%20ed=JTG,JTG,0.23,4.00,258.0,Ludicolo (#037/159),Ludicolo,W,,037,000000000000037,0.0,0.23,0.93,4.00,2025-03-24 18:10:42,0.0,4.0,654.0,0.0,,,,//arquivos/in/pokemon_bkp/cd/654/67e5a8e455675-15m4c-92j6q-040edb458cc4e3c466bcacfea9a6defb.jpg
https://www.ligapokemon.com.br/?view=cards/search&card=edid=654%20ed=JTG,JTG,0.08,2.50,231.0,Wingull (#038/159),Wingull,W,,038,000000000000038,0.0,0.08,0.52,2.50,2025-03-24 18:10:42,0.0,1.0,654.0,0.0,,,,//arquivos/in/pokemon_bkp/cd/654/67e5a8e60f873-k2tle-omxbv-040edb458cc4e3c466bcacfea9a6defb.jpg
https://www.ligapokemon.com.br/?view=cards/search&card=edid=654%20ed=JTG,JTG,0.10,2.50,187.0,Pelipper (#039/159),Pelipper,W,,039,000000000000039,0.0,0.10,0.60,2.50,2025-03-24 18:10:42,0.0,2.0,654.0,0.0,,,,//arquivos/in/pokemon_bkp/cd/654/67e5a8e7c608e-7jmw0-ir9x8-040edb458cc4e3c466bcacfea9a6defb.jpg
https://www.ligapokemon.com.br/?view=cards/search&card=edid=654%20ed=JTG,JTG,0.09,3.00,197.0,Wailmer (#040/159),Wailmer,W,,040,000000000000040,0.0,0.09,0.52,3.00,2025-03-24 18:10:43,0.0,1.0,654.0,0.0,,,,//arquivos/in/pokemon_bkp/cd/654/67e5a8e995015-zif54-xal85-040edb458cc4e3c466bcacfea9a6defb.jpg
https://www.ligapokemon.com.br/?view=cards/search&card=edid=654%20ed=JTG,JTG,0.24,4.75,172.0,Wailord (#041/159),Wailord,W,,041,000000000000041,0.0,0.24,1.42,4.75,2025-03-11 18:51:51,0.0,3.0,654.0,0.0,,,,//arquivos/in/pokemon_bkp/cd/654/67e5a8eb667d0-gr2o6-fojnd-040edb458cc4e3c466bcacfea9a6defb.jpg
https://www.ligapokemon.com.br/?view=cards/search&card=edid=654%20ed=JTG,JTG,0.15,3.00,1593.0,Regice (#042/159),Regice,W,,042,000000000000042,0.0,0.15,0.70,3.00,2025-03-11 18:51:51,0.0,2.0,654.0,0.0,,,,//arquivos/in/pokemon_bkp/cd/654/67e5a8ed2bf5e-aqfel-6mg9c-040edb458cc4e3c466bcacfea9a6defb.jpg
https://www.ligapokemon.com.br/?view=cards/search&card=edid=654%20ed=JTG,JTG,2.85,12.90,7284.0,Veluza ex (#043/159),Veluza ex,W,,043,000000000000043,0.0,2.85,8.36,12.90,2025-03-24 18:10:43,0.0,20.0,654.0,0.0,,,,//arquivos/in/pokemon_bkp/cd/654/67e5a8eee68c4-fcumg-upnsb-040edb458cc4e3c466bcacfea9a6defb.jpg
https://www.ligapokemon.com.br/?view=cards/search&card=edid=654%20ed=JTG,JTG,0.09,2.00,4365.0,Alolan Geodude (#044/159),Geodude de Alola,L,,044,000000000000044,0.0,0.09,0.60,2.00,2025-03-24 18:10:44,0.0,1.0,654.0,0.0,,,,//arquivos/in/pokemon_bkp/cd/654/67e5a8f0af2db-pjmle-umn0k-040edb458cc4e3c466bcacfea9a6defb.jpg
https://www.ligapokemon.com.br/?view=cards/search&card=edid=654%20ed=JTG,JTG,0.09,2.50,4340.0,Alolan Graveler (#045/159),Graveler de Alola,L,,045,000000000000045,0.0,0.09,0.55,2.50,2025-03-24 18:10:44,0.0,1.0,654.0,0.0,,,,//arquivos/in/pokemon_bkp/cd/654/67e5a8f27823b-dqbpw-b4xdg-040edb458cc4e3c466bcacfea9a6defb.jpg
https://www.ligapokemon.com.br/?view=cards/search&card=edid=654%20ed=JTG,JTG,0.15,2.00,4339.0,Alolan Golem (#046/159),Golem de Alola,L,,046,000000000000046,0.0,0.15,0.68,2.00,2025-03-24 18:10:44,0.0,2.0,654.0,0.0,,,,//arquivos/in/pokemon_bkp/cd/654/67e5a8f4417e2-p2qe3-ng6bh-040edb458cc4e3c466bcacfea9a6defb.jpg
https://www.ligapokemon.com.br/?view=cards/search&card=edid=654%20ed=JTG,JTG,0.14,3.90,7295.0,Iono's Voltorb (#047/159),Voltorb da Kissera,L,,047,000000000000047,0.0,0.14,1.28,3.90,2025-03-24 18:10:44,0.0,1.0,654.0,0.0,,,,//arquivos/in/pokemon_bkp/cd/654/67e5a8f606377-qowix-0me18-040edb458cc4e3c466bcacfea9a6defb.jpg
https://www.ligapokemon.com.br/?view=cards/search&card=edid=654%20ed=JTG,JTG,0.17,2.50,7296.0,Iono's Electrode (#048/159),Electrode da Kissera,L,,048,000000000000048,0.0,0.17,0.70,2.50,2025-03-24 18:10:44,0.0,2.0,654.0,0.0,,,,//arquivos/in/pokemon_bkp/cd/654/67e5a8f7c816e-2eiul-stvg4-040edb458cc4e3c466bcacfea9a6defb.jpg
https://www.ligapokemon.com.br/?view=cards/search&card=edid=654%20ed=JTG,JTG,0.07,3.90,7297.0,N's Joltik (#049/159),Joltik do N,L,,049,000000000000049,0.0,0.07,0.62,3.90,2025-03-24 18:10:44,0.0,1.0,654.0,0.0,,,,//arquivos/in/pokemon_bkp/cd/654/67e5a8f99e870-o9s5t-p84lj-040edb458cc4e3c466bcacfea9a6defb.jpg
https://www.ligapokemon.com.br/?view=cards/search&card=edid=654%20ed=JTG,JTG,0.14,2.50,4288.0,Togedemaru (#050/159),Togedemaru,L,,050,000000000000050,0.0,0.14,0.64,2.50,2025-03-24 18:10:44,0.0,1.0,654.0,0.0,,,,//arquivos/in/pokemon_bkp/cd/654/67e5a8fb67f0b-yzrsk-tng68-040edb458cc4e3c466bcacfea9a6defb.jpg
https://www.ligapokemon.com.br/?view=cards/search&card=edid=654%20ed=JTG,JTG,3.95,29.90,6631.0,Tapu Koko ex (#051/159),Tapu Koko ex,L,,051,000000000000051,0.0,3.95,8.69,29.90,2025-03-24 18:10:44,0.0,20.0,654.0,0.0,,,,//arquivos/in/pokemon_bkp/cd/654/67e5a8fd2fb52-2z0lu-wz4rx-040edb458cc4e3c466bcacfea9a6defb.jpg
https://www.ligapokemon.com.br/?view=cards/search&card=edid=654%20ed=JTG,JTG,0.12,5.00,7298.0,Iono's Tadbulb (#052/159),Tadbulb da Kissera,L,,052,000000000000052,0.0,0.12,1.16,5.00,2025-03-24 18:10:44,0.0,1.0,654.0,0.0,,,,//arquivos/in/pokemon_bkp/cd/654/67e5a8fee3112-ha2pe-kf54i-040edb458cc4e3c466bcacfea9a6defb.jpg
https://www.ligapokemon.com.br/?view=cards/search&card=edid=654%20ed=JTG,JTG,4.90,20.00,7299.0,Iono's Bellibolt ex (#053/159),Bellibolt ex da Kissera,L,,053,000000000000053,0.0,4.90,9.17,20.00,2025-03-24 18:10:45,0.0,20.0,654.0,0.0,,,,//arquivos/in/pokemon_bkp/cd/654/67e5a900a670e-buh7x-icrx7-040edb458cc4e3c466bcacfea9a6defb.jpg
https://www.ligapokemon.com.br/?view=cards/search&card=edid=654%20ed=JTG,JTG,0.15,3.90,7300.0,Iono's Wattrel (#054/159),Wattrel da Kissera,L,,054,000000000000054,0.0,0.15,0.67,3.90,2025-03-24 18:10:46,0.0,1.0,654.0,0.0,,,,//arquivos/in/pokemon_bkp/cd/654/67e5a90272526-5zf93-d6m4h-040edb458cc4e3c466bcacfea9a6defb.jpg
https://www.ligapokemon.com.br/?view=cards/search&card=edid=654%20ed=JTG,JTG,0.15,4.90,7301.0,Iono's Kilowattrel (#055/159),Kilowattrel da Kissera,L,,055,000000000000055,0.0,0.15,1.25,4.90,2025-03-24 18:10:46,0.0,4.0,654.0,0.0,,,,//arquivos/in/pokemon_bkp/cd/654/67e5a9043abfa-bm74a-3c8fu-040edb458cc4e3c466bcacfea9a6defb.jpg
https://www.ligapokemon.com.br/?view=cards/search&card=edid=654%20ed=JTG,JTG,9.80,64.75,7302.0,Lillie's Clefairy ex (#056/159),Clefairy ex da L&iacute;lian,P,,056,000000000000056,0.0,9.80,18.32,64.75,2025-03-11 18:51:51,7.0,20.0,654.0,0.0,,,,//arquivos/in/pokemon_bkp/cd/654/67e5a9060acbd-ho18g-90v5w-040edb458cc4e3c466bcacfea9a6defb.jpg
https://www.ligapokemon.com.br/?view=cards/search&card=edid=654%20ed=JTG,JTG,0.14,2.50,4427.0,Alolan Marowak (#057/159),Marowak de Alola,P,,057,000000000000057,0.0,0.14,0.63,2.50,2025-03-24 18:10:46,0.0,2.0,654.0,0.0,,,,//arquivos/in/pokemon_bkp/cd/654/67e5a907cac63-hugxs-50jht-040edb458cc4e3c466bcacfea9a6defb.jpg
https://www.ligapokemon.com.br/?view=cards/search&card=edid=654%20ed=JTG,JTG,0.10,2.50,514.0,Mr. Mime (#058/159),Mr. Mime,P,,058,000000000000058,0.0,0.10,0.59,2.50,2025-03-24 18:10:46,0.0,1.0,654.0,0.0,,,,//arquivos/in/pokemon_bkp/cd/654/67e5a909b40fa-gi2th-bson9-040edb458cc4e3c466bcacfea9a6defb.jpg
https://www.ligapokemon.com.br/?view=cards/search&card=edid=654%20ed=JTG,JTG,0.10,2.00,342.0,Shuppet (#059/159),Shuppet,P,,059,000000000000059,0.0,0.10,0.68,2.00,2025-03-24 18:10:46,0.0,1.0,654.0,0.0,,,,//arquivos/in/pokemon_bkp/cd/654/67e5a90b75c1d-dvj8f-o69ud-040edb458cc4e3c466bcacfea9a6defb.jpg
https://www.ligapokemon.com.br/?view=cards/search&card=edid=654%20ed=JTG,JTG,0.14,2.50,268.0,Banette (#060/159),Banette,P,,060,000000000000060,0.0,0.14,0.68,2.50,2025-03-24 18:10:46,0.0,2.0,654.0,0.0,,,,//arquivos/in/pokemon_bkp/cd/654/67e5a90d4c8f1-mrp4d-k4cwu-040edb458cc4e3c466bcacfea9a6defb.jpg
https://www.ligapokemon.com.br/?view=cards/search&card=edid=654%20ed=JTG,JTG,0.08,2.50,760.0,Beldum (#061/159),Beldum,P,,061,000000000000061,0.0,0.08,0.47,2.50,2025-03-24 18:10:46,0.0,1.0,654.0,0.0,,,,//arquivos/in/pokemon_bkp/cd/654/67e5a90f0d357-wbo4n-qmu24-040edb458cc4e3c466bcacfea9a6defb.jpg
https://www.ligapokemon.com.br/?view=cards/search&card=edid=654%20ed=JTG,JTG,0.14,2.50,758.0,Metang (#062/159),Metang,P,,062,000000000000062,0.0,0.14,0.75,2.50,2025-03-24 18:10:46,0.0,1.0,654.0,0.0,,,,//arquivos/in/pokemon_bkp/cd/654/67e5a910c98e9-mfe9o-wmsqb-040edb458cc4e3c466bcacfea9a6defb.jpg
https://www.ligapokemon.com.br/?view=cards/search&card=edid=654%20ed=JTG,JTG,0.23,3.00,925.0,Metagross (#063/159),Metagross,P,,063,000000000000063,0.0,0.23,1.07,3.00,2025-03-11 18:51:52,0.0,3.0,654.0,0.0,,,,//arquivos/in/pokemon_bkp/cd/654/67e5a91288d20-607uf-uxgs2-040edb458cc4e3c466bcacfea9a6defb.jpg
https://www.ligapokemon.com.br/?view=cards/search&card=edid=654%20ed=JTG,JTG,0.10,2.50,7303.0,N's Sigilyph (#064/159),Sigilyph do N,P,,064,000000000000064,0.0,0.10,0.96,2.50,2025-03-24 18:10:46,0.0,1.0,654.0,0.0,,,,//arquivos/in/pokemon_bkp/cd/654/67e5a91449a8b-g6lkj-2oey4-040edb458cc4e3c466bcacfea9a6defb.jpg
https://www.ligapokemon.com.br/?view=cards/search&card=edid=654%20ed=JTG,JTG,0.17,2.50,4317.0,Oricorio (#065/159),Oricorio,P,,065,000000000000065,0.0,0.17,0.67,2.50,2025-03-24 18:10:46,0.0,1.0,654.0,0.0,,,,//arquivos/in/pokemon_bkp/cd/654/67e5a9160ab9f-nqrs7-hlqty-040edb458cc4e3c466bcacfea9a6defb.jpg
https://www.ligapokemon.com.br/?view=cards/search&card=edid=654%20ed=JTG,JTG,0.14,2.50,7304.0,Lillie's Cutiefly (#066/159),Cutiefly da L&iacute;lian,P,,066,000000000000066,0.0,0.14,0.74,2.50,2025-03-24 18:10:47,0.0,1.0,654.0,0.0,,,,//arquivos/in/pokemon_bkp/cd/654/67e5a917c3bb9-284pw-xh527-040edb458cc4e3c466bcacfea9a6defb.jpg
https://www.ligapokemon.com.br/?view=cards/search&card=edid=654%20ed=JTG,JTG,0.21,3.99,7305.0,Lillie's Ribombee (#067/159),Ribombee da L&iacute;lian,P,,067,000000000000067,0.0,0.21,1.02,3.99,2025-03-11 18:51:52,1.0,3.0,654.0,0.0,,,,//arquivos/in/pokemon_bkp/cd/654/67e5a9199195f-40rfd-xl4n6-040edb458cc4e3c466bcacfea9a6defb.jpg
https://www.ligapokemon.com.br/?view=cards/search&card=edid=654%20ed=JTG,JTG,0.15,2.50,7306.0,Lillie's Comfey (#068/159),Comfey da L&iacute;lian,P,,068,000000000000068,0.0,0.15,0.62,2.50,2025-03-24 18:10:47,0.0,1.0,654.0,0.0,,,,//arquivos/in/pokemon_bkp/cd/654/67e5a91b63e55-7wo9p-7f1uh-040edb458cc4e3c466bcacfea9a6defb.jpg
https://www.ligapokemon.com.br/?view=cards/search&card=edid=654%20ed=JTG,JTG,4.56,15.00,6405.0,Mimikyu ex (#069/159),Mimikyu ex,P,,069,000000000000069,0.0,4.56,8.75,15.00,2025-03-24 18:10:47,0.0,20.0,654.0,0.0,,,,//arquivos/in/pokemon_bkp/cd/654/67e5a91d2daff-v7xph-3jq0h-040edb458cc4e3c466bcacfea9a6defb.jpg
https://www.ligapokemon.com.br/?view=cards/search&card=edid=654%20ed=JTG,JTG,0.13,2.50,4346.0,Dhelmise (#070/159),Dhelmise,P,,070,000000000000070,0.0,0.13,0.53,2.50,2025-03-11 18:51:52,0.0,1.0,654.0,0.0,,,,//arquivos/in/pokemon_bkp/cd/654/67e5a91f0ddce-7nfdi-3z9y7-040edb458cc4e3c466bcacfea9a6defb.jpg
https://www.ligapokemon.com.br/?view=cards/search&card=edid=654%20ed=JTG,JTG,0.09,3.50,5040.0,Impidimp (#071/159),Impidimp,P,,071,000000000000071,0.0,0.09,1.04,3.50,2025-03-24 18:10:48,0.0,1.0,654.0,0.0,,,,//arquivos/in/pokemon_bkp/cd/654/67e5a920f40e8-mp6tg-tecv4-040edb458cc4e3c466bcacfea9a6defb.jpg
https://www.ligapokemon.com.br/?view=cards/search&card=edid=654%20ed=JTG,JTG,0.13,2.50,5025.0,Morgrem (#072/159),Morgrem,P,,072,000000000000072,0.0,0.13,0.64,2.50,2025-03-24 18:10:48,0.0,1.0,654.0,0.0,,,,//arquivos/in/pokemon_bkp/cd/654/67e5a922bfab9-jce0o-f319t-040edb458cc4e3c466bcacfea9a6defb.jpg
https://www.ligapokemon.com.br/?view=cards/search&card=edid=654%20ed=JTG,JTG,0.14,3.00,5026.0,Grimmsnarl (#073/159),Grimmsnarl,P,,073,000000000000073,0.0,0.14,0.76,3.00,2025-03-24 18:10:48,0.0,2.0,654.0,0.0,,,,//arquivos/in/pokemon_bkp/cd/654/67e5a9248620c-xl38s-8hg79-040edb458cc4e3c466bcacfea9a6defb.jpg
https://www.ligapokemon.com.br/?view=cards/search&card=edid=654%20ed=JTG,JTG,0.08,2.50,5023.0,Milcery (#074/159),Milcery,P,,074,000000000000074,0.0,0.08,0.54,2.50,2025-03-24 18:10:48,0.0,1.0,654.0,0.0,,,,//arquivos/in/pokemon_bkp/cd/654/67e5a926511bf-d964f-4u2ob-040edb458cc4e3c466bcacfea9a6defb.jpg
https://www.ligapokemon.com.br/?view=cards/search&card=edid=654%20ed=JTG,JTG,4.10,19.99,7214.0,Alcremie ex (#075/159),Alcremie ex,P,,075,000000000000075,0.0,4.10,11.99,19.99,2025-03-24 18:10:48,0.0,20.0,654.0,0.0,,,,//arquivos/in/pokemon_bkp/cd/654/67e5a9286e889-7t1iz-fe9ql-040edb458cc4e3c466bcacfea9a6defb.jpg
https://www.ligapokemon.com.br/?view=cards/search&card=edid=654%20ed=JTG,JTG,0.10,3.30,529.0,Cubone (#076/159),Cubone,F,,076,000000000000076,0.0,0.10,1.10,3.30,2025-03-24 18:10:48,0.0,1.0,654.0,0.0,,,,//arquivos/in/pokemon_bkp/cd/654/67e5a92a46414-gh8f1-dvhi8-040edb458cc4e3c466bcacfea9a6defb.jpg
https://www.ligapokemon.com.br/?view=cards/search&card=edid=654%20ed=JTG,JTG,0.09,2.50,498.0,Swinub (#077/159),Swinub,F,,077,000000000000077,0.0,0.09,0.57,2.50,2025-03-24 18:10:48,0.0,1.0,654.0,0.0,,,,//arquivos/in/pokemon_bkp/cd/654/67e5a92c0e99a-0cr4w-n72dc-040edb458cc4e3c466bcacfea9a6defb.jpg
https://www.ligapokemon.com.br/?view=cards/search&card=edid=654%20ed=JTG,JTG,0.10,2.50,490.0,Piloswine (#078/159),Piloswine,F,,078,000000000000078,0.0,0.10,0.72,2.50,2025-03-24 18:10:49,0.0,1.0,654.0,0.0,,,,//arquivos/in/pokemon_bkp/cd/654/67e5a92dc93f2-pnj75-5qr89-040edb458cc4e3c466bcacfea9a6defb.jpg
https://www.ligapokemon.com.br/?view=cards/search&card=edid=654%20ed=JTG,JTG,4.90,30.00,7307.0,Mamoswine ex (#079/159),Mamoswine ex,F,,079,000000000000079,0.0,4.90,13.84,30.00,2025-03-24 18:10:49,1.0,20.0,654.0,0.0,,,,//arquivos/in/pokemon_bkp/cd/654/67e5a92f8ad7f-lw0s4-o3tqb-040edb458cc4e3c466bcacfea9a6defb.jpg
https://www.ligapokemon.com.br/?view=cards/search&card=edid=654%20ed=JTG,JTG,0.10,4.50,693.0,Larvitar (#080/159),Larvitar,F,,080,000000000000080,0.0,0.10,0.65,4.50,2025-03-24 18:10:49,0.0,1.0,654.0,0.0,,,,//arquivos/in/pokemon_bkp/cd/654/67e5a9315461b-7uvr0-2hu5z-040edb458cc4e3c466bcacfea9a6defb.jpg
https://www.ligapokemon.com.br/?view=cards/search&card=edid=654%20ed=JTG,JTG,0.13,2.50,691.0,Pupitar (#081/159),Pupitar,F,,081,000000000000081,0.0,0.13,0.69,2.50,2025-03-24 18:10:49,0.0,1.0,654.0,0.0,,,,//arquivos/in/pokemon_bkp/cd/654/67e5a93328534-nrp5z-xvz7h-040edb458cc4e3c466bcacfea9a6defb.jpg
https://www.ligapokemon.com.br/?view=cards/search&card=edid=654%20ed=JTG,JTG,0.18,3.99,1594.0,Regirock (#082/159),Regirock,F,,082,000000000000082,0.0,0.18,1.40,3.99,2025-03-24 18:10:49,0.0,4.0,654.0,0.0,,,,//arquivos/in/pokemon_bkp/cd/654/67e5a934eba26-grcdx-h1l6f-040edb458cc4e3c466bcacfea9a6defb.jpg
https://www.ligapokemon.com.br/?view=cards/search&card=edid=654%20ed=JTG,JTG,0.13,3.00,1654.0,Pancham (#083/159),Pancham,F,,083,000000000000083,0.0,0.13,0.76,3.00,2025-03-24 18:10:49,0.0,1.0,654.0,0.0,,,,//arquivos/in/pokemon_bkp/cd/654/67e5a936d3cba-fgokl-lgpd7-040edb458cc4e3c466bcacfea9a6defb.jpg
https://www.ligapokemon.com.br/?view=cards/search&card=edid=654%20ed=JTG,JTG,0.08,2.50,4314.0,Rockruff (#084/159),Rockruff,F,,084,000000000000084,0.0,0.08,0.65,2.50,2025-03-24 18:10:49,0.0,1.0,654.0,0.0,,,,//arquivos/in/pokemon_bkp/cd/654/67e5a9389efda-d32ea-69u01-040edb458cc4e3c466bcacfea9a6defb.jpg
https://www.ligapokemon.com.br/?view=cards/search&card=edid=654%20ed=JTG,JTG,0.25,4.00,4383.0,Lycanroc (#085/159),Lycanroc,F,,085,000000000000085,0.0,0.25,1.33,4.00,2025-03-24 18:10:50,0.0,4.0,654.0,0.0,,,,//arquivos/in/pokemon_bkp/cd/654/67e5a93a76344-qf7jk-89pol-040edb458cc4e3c466bcacfea9a6defb.jpg
https://www.ligapokemon.com.br/?view=cards/search&card=edid=654%20ed=JTG,JTG,0.14,2.50,7308.0,Hop's Silicobra (#086/159),Silicobra do Lupo,F,,086,000000000000086,0.0,0.14,0.73,2.50,2025-03-24 18:10:50,0.0,1.0,654.0,0.0,,,,//arquivos/in/pokemon_bkp/cd/654/67e5a93c4625c-8wyil-ezsqu-040edb458cc4e3c466bcacfea9a6defb.jpg
https://www.ligapokemon.com.br/?view=cards/search&card=edid=654%20ed=JTG,JTG,0.14,2.00,7309.0,Hop's Sandaconda (#087/159),Sandaconda do Lupo,F,,087,000000000000087,0.0,0.14,0.76,2.00,2025-03-24 18:10:50,0.0,2.0,654.0,0.0,,,,//arquivos/in/pokemon_bkp/cd/654/67e5a93e14cae-xakzp-byqov-040edb458cc4e3c466bcacfea9a6defb.jpg
https://www.ligapokemon.com.br/?view=cards/search&card=edid=654%20ed=JTG,JTG,0.14,2.50,6324.0,Toedscool (#088/159),Toedscool,F,,088,000000000000088,0.0,0.14,0.58,2.50,2025-03-24 18:10:51,0.0,1.0,654.0,0.0,,,,//arquivos/in/pokemon_bkp/cd/654/67e5a93fe05d4-zgm8n-7fxpd-040edb458cc4e3c466bcacfea9a6defb.jpg
https://www.ligapokemon.com.br/?view=cards/search&card=edid=654%20ed=JTG,JTG,0.15,3.00,6325.0,Toedscruel (#089/159),Toedscruel,F,,089,000000000000089,0.0,0.15,0.73,3.00,2025-03-24 18:10:51,0.0,2.0,654.0,0.0,,,,//arquivos/in/pokemon_bkp/cd/654/67e5a94223a6e-q2rfe-x7o34-040edb458cc4e3c466bcacfea9a6defb.jpg
https://www.ligapokemon.com.br/?view=cards/search&card=edid=654%20ed=JTG,JTG,0.07,3.00,6306.0,Klawf (#090/159),Klawf,F,,090,000000000000090,0.0,0.07,0.54,3.00,2025-03-24 18:10:51,0.0,2.0,654.0,0.0,,,,//arquivos/in/pokemon_bkp/cd/654/67e5a94423505-ae021-mlztj-040edb458cc4e3c466bcacfea9a6defb.jpg
https://www.ligapokemon.com.br/?view=cards/search&card=edid=654%20ed=JTG,JTG,0.15,2.50,213.0,Koffing (#091/159),Koffing,D,,091,000000000000091,0.0,0.15,0.71,2.50,2025-03-24 18:10:51,0.0,1.0,654.0,0.0,,,,//arquivos/in/pokemon_bkp/cd/654/67e5a9461f92f-ltduy-oct0v-040edb458cc4e3c466bcacfea9a6defb.jpg
https://www.ligapokemon.com.br/?view=cards/search&card=edid=654%20ed=JTG,JTG,0.15,2.50,173.0,Weezing (#092/159),Weezing,D,,092,000000000000092,0.0,0.15,0.68,2.50,2025-03-24 18:10:51,0.0,2.0,654.0,0.0,,,,//arquivos/in/pokemon_bkp/cd/654/67e5a947d1fd3-5k23g-ynjkc-040edb458cc4e3c466bcacfea9a6defb.jpg
https://www.ligapokemon.com.br/?view=cards/search&card=edid=654%20ed=JTG,JTG,0.08,2.00,6395.0,Paldean Wooper (#093/159),Wooper de Paldea,D,,093,000000000000093,0.0,0.08,0.59,2.00,2025-03-24 18:10:51,0.0,1.0,654.0,0.0,,,,//arquivos/in/pokemon_bkp/cd/654/67e5a94993774-s6hdf-6lze9-040edb458cc4e3c466bcacfea9a6defb.jpg
https://www.ligapokemon.com.br/?view=cards/search&card=edid=654%20ed=JTG,JTG,2.90,14.90,6396.0,Paldean Clodsire ex (#094/159),Clodsire de Paldea ex,D,,094,000000000000094,0.0,2.90,7.10,14.90,2025-03-24 18:10:51,0.0,20.0,654.0,0.0,,,,//arquivos/in/pokemon_bkp/cd/654/67e5a94b6aef9-7wa8v-j1nxp-040edb458cc4e3c466bcacfea9a6defb.jpg
https://www.ligapokemon.com.br/?view=cards/search&card=edid=654%20ed=JTG,JTG,0.25,4.90,687.0,Tyranitar (#095/159),Tyranitar,D,,095,000000000000095,0.0,0.25,1.67,4.90,2025-03-24 18:10:51,0.0,4.0,654.0,0.0,,,,//arquivos/in/pokemon_bkp/cd/654/67e5a94d31a47-7jrxa-qh80l-040edb458cc4e3c466bcacfea9a6defb.jpg
https://www.ligapokemon.com.br/?view=cards/search&card=edid=654%20ed=JTG,JTG,0.12,2.90,7310.0,N's Purrloin (#096/159),Purrloin do N,D,,096,000000000000096,0.0,0.12,0.55,2.90,2025-03-24 18:10:51,0.0,1.0,654.0,0.0,,,,//arquivos/in/pokemon_bkp/cd/654/67e5a94ef154e-vk26a-52ui3-040edb458cc4e3c466bcacfea9a6defb.jpg
https://www.ligapokemon.com.br/?view=cards/search&card=edid=654%20ed=JTG,JTG,0.18,4.00,7311.0,N's Zorua (#097/159),Zorua do N,D,,097,000000000000097,0.0,0.18,1.00,4.00,2025-03-24 18:10:51,0.0,1.0,654.0,0.0,,,,//arquivos/in/pokemon_bkp/cd/654/67e5a950b385b-1rl2g-k8hda-040edb458cc4e3c466bcacfea9a6defb.jpg
https://www.ligapokemon.com.br/?view=cards/search&card=edid=654%20ed=JTG,JTG,31.99,99.99,7312.0,N's Zoroark ex (#098/159),Zoroark ex do N,D,,098,000000000000098,0.0,31.99,66.19,99.99,2025-03-24 18:10:53,6.0,20.0,654.0,0.0,,,,//arquivos/in/pokemon_bkp/cd/654/67e5a95286484-czugw-m8px3-040edb458cc4e3c466bcacfea9a6defb.jpg
https://www.ligapokemon.com.br/?view=cards/search&card=edid=654%20ed=JTG,JTG,0.08,2.50,1658.0,Pangoro (#099/159),Pangoro,D,,099,000000000000099,0.0,0.08,0.48,2.50,2025-03-24 18:10:53,0.0,2.0,654.0,0.0,,,,//arquivos/in/pokemon_bkp/cd/654/67e5a95453e6a-tu9oa-73rn1-040edb458cc4e3c466bcacfea9a6defb.jpg
https://www.ligapokemon.com.br/?view=cards/search&card=edid=654%20ed=JTG,JTG,0.14,2.50,6385.0,Lokix (#100/159),Lokix,D,,100,000000000000100,0.0,0.14,0.63,2.50,2025-03-24 18:10:53,0.0,2.0,654.0,0.0,,,,//arquivos/in/pokemon_bkp/cd/654/67e5a9561532a-3j75l-sv0nm-040edb458cc4e3c466bcacfea9a6defb.jpg
https://www.ligapokemon.com.br/?view=cards/search&card=edid=654%20ed=JTG,JTG,0.09,2.50,6340.0,Bombirdier (#101/159),Bombirdier,D,,101,000000000000101,0.0,0.09,0.59,2.50,2025-03-24 18:10:53,0.0,1.0,654.0,0.0,,,,//arquivos/in/pokemon_bkp/cd/654/67e5a957d52fd-xjg3s-9pjmv-040edb458cc4e3c466bcacfea9a6defb.jpg
https://www.ligapokemon.com.br/?view=cards/search&card=edid=654%20ed=JTG,JTG,0.10,2.50,735.0,Escavalier (#102/159),Escavalier,M,,102,000000000000102,0.0,0.10,0.62,2.50,2025-03-24 18:10:53,0.0,2.0,654.0,0.0,,,,//arquivos/in/pokemon_bkp/cd/654/67e5a959c5d61-6bygx-2gkr6-040edb458cc4e3c466bcacfea9a6defb.jpg
https://www.ligapokemon.com.br/?view=cards/search&card=edid=654%20ed=JTG,JTG,0.13,3.00,7313.0,N's Klink (#103/159),Klink do N,M,,103,000000000000103,0.0,0.13,0.49,3.00,2025-03-24 18:10:53,0.0,1.0,654.0,0.0,,,,//arquivos/in/pokemon_bkp/cd/654/67e5a95b97f0e-c9b8a-qv38n-040edb458cc4e3c466bcacfea9a6defb.jpg
https://www.ligapokemon.com.br/?view=cards/search&card=edid=654%20ed=JTG,JTG,0.14,95.00,7314.0,N's Klang (#104/159),Klang do N,M,,104,000000000000104,0.0,0.14,9.96,95.00,2025-03-24 18:10:53,0.0,1.0,654.0,0.0,,,,//arquivos/in/pokemon_bkp/cd/654/67e5a95d5b7af-4x02u-9r6xw-040edb458cc4e3c466bcacfea9a6defb.jpg
https://www.ligapokemon.com.br/?view=cards/search&card=edid=654%20ed=JTG,JTG,0.14,2.50,7315.0,N's Klinklang (#105/159),Klinklang do N,M,,105,000000000000105,0.0,0.14,0.71,2.50,2025-03-24 18:10:54,0.0,2.0,654.0,0.0,,,,//arquivos/in/pokemon_bkp/cd/654/67e5a95f33e85-gm9ps-hjtzv-040edb458cc4e3c466bcacfea9a6defb.jpg
https://www.ligapokemon.com.br/?view=cards/search&card=edid=654%20ed=JTG,JTG,0.09,2.50,4942.0,Galarian Stunfisk (#106/159),Stunfisk de Galar,M,,106,000000000000106,0.0,0.09,0.61,2.50,2025-03-24 18:10:54,0.0,1.0,654.0,0.0,,,,//arquivos/in/pokemon_bkp/cd/654/67e5a96101e63-3nic9-lp9wo-040edb458cc4e3c466bcacfea9a6defb.jpg
https://www.ligapokemon.com.br/?view=cards/search&card=edid=654%20ed=JTG,JTG,0.21,4.90,4220.0,Magearna (#107/159),Magearna,M,,107,000000000000107,0.0,0.21,1.03,4.90,2025-03-11 18:51:52,0.0,3.0,654.0,0.0,,,,//arquivos/in/pokemon_bkp/cd/654/67e5a962bff64-16knq-hcwal-040edb458cc4e3c466bcacfea9a6defb.jpg
https://www.ligapokemon.com.br/?view=cards/search&card=edid=654%20ed=JTG,JTG,0.12,2.50,7316.0,Hop's Corviknight (#108/159),Corviknight do Lupo,M,,108,000000000000108,0.0,0.12,1.01,2.50,2025-03-24 18:10:54,0.0,2.0,654.0,0.0,,,,//arquivos/in/pokemon_bkp/cd/654/67e5a9648381e-rkox0-y9p2o-040edb458cc4e3c466bcacfea9a6defb.jpg
https://www.ligapokemon.com.br/?view=cards/search&card=edid=654%20ed=JTG,JTG,0.10,2.50,4952.0,Cufant (#109/159),Cufant,M,,109,000000000000109,0.0,0.10,0.59,2.50,2025-03-24 18:10:55,0.0,1.0,654.0,0.0,,,,//arquivos/in/pokemon_bkp/cd/654/67e5a9664f9ef-cg2tr-5azku-040edb458cc4e3c466bcacfea9a6defb.jpg
https://www.ligapokemon.com.br/?view=cards/search&card=edid=654%20ed=JTG,JTG,0.12,2.50,4953.0,Copperajah (#110/159),Copperajah,M,,110,000000000000110,0.0,0.12,0.80,2.50,2025-03-24 18:10:55,0.0,2.0,654.0,0.0,,,,//arquivos/in/pokemon_bkp/cd/654/67e5a96815485-cu3px-zae5j-040edb458cc4e3c466bcacfea9a6defb.jpg
https://www.ligapokemon.com.br/?view=cards/search&card=edid=654%20ed=JTG,JTG,4.54,49.75,7317.0,Hop's Zacian ex (#111/159),Zacian ex do Lupo,M,,111,000000000000111,0.0,4.54,15.34,49.75,2025-03-24 18:10:55,1.0,20.0,654.0,0.0,,,,//arquivos/in/pokemon_bkp/cd/654/67e5a969d4c61-hgrz0-k0rxh-040edb458cc4e3c466bcacfea9a6defb.jpg
https://www.ligapokemon.com.br/?view=cards/search&card=edid=654%20ed=JTG,JTG,0.11,2.50,313.0,Bagon (#112/159),Bagon,O,,112,000000000000112,0.0,0.11,0.66,2.50,2025-03-24 18:10:55,0.0,1.0,654.0,0.0,,,,//arquivos/in/pokemon_bkp/cd/654/67e5a96b96330-poy8s-t317a-040edb458cc4e3c466bcacfea9a6defb.jpg
https://www.ligapokemon.com.br/?view=cards/search&card=edid=654%20ed=JTG,JTG,0.13,2.50,301.0,Shelgon (#113/159),Shelgon,O,,113,000000000000113,0.0,0.13,0.69,2.50,2025-03-24 18:10:55,0.0,1.0,654.0,0.0,,,,//arquivos/in/pokemon_bkp/cd/654/67e5a96d53b23-f32e4-ptbel-040edb458cc4e3c466bcacfea9a6defb.jpg
https://www.ligapokemon.com.br/?view=cards/search&card=edid=654%20ed=JTG,JTG,4.90,39.90,780.0,Salamence ex (#114/159),Salamence ex,O,,114,000000000000114,0.0,4.90,15.77,39.90,2025-03-24 18:10:55,0.0,20.0,654.0,0.0,,,,//arquivos/in/pokemon_bkp/cd/654/67e5a96f208db-fr1qy-jqynr-040edb458cc4e3c466bcacfea9a6defb.jpg
https://www.ligapokemon.com.br/?view=cards/search&card=edid=654%20ed=JTG,JTG,0.10,3.00,114.0,Druddigon (#115/159),Druddigon,O,,115,000000000000115,0.0,0.10,0.60,3.00,2025-03-24 18:10:56,0.0,1.0,654.0,0.0,,,,//arquivos/in/pokemon_bkp/cd/654/67e5a970deef3-8lx5a-e7ptz-040edb458cc4e3c466bcacfea9a6defb.jpg
https://www.ligapokemon.com.br/?view=cards/search&card=edid=654%20ed=JTG,JTG,0.25,15.00,7318.0,N's Reshiram (#116/159),Reshiram do N,O,,116,000000000000116,0.0,0.25,1.05,15.00,2025-03-24 18:10:56,1.0,4.0,654.0,0.0,,,,//arquivos/in/pokemon_bkp/cd/654/67e5a972ab8be-6p3ev-3x9qm-040edb458cc4e3c466bcacfea9a6defb.jpg
https://www.ligapokemon.com.br/?view=cards/search&card=edid=654%20ed=JTG,JTG,0.27,109.90,7319.0,Hop's Snorlax (#117/159),Snorlax do Lupo,C,,117,000000000000117,0.0,0.27,38.75,109.90,2025-03-24 18:10:56,1.0,4.0,654.0,0.0,,,,//arquivos/in/pokemon_bkp/cd/654/67e5a9747d2eb-57zia-a60xe-040edb458cc4e3c466bcacfea9a6defb.jpg
https://www.ligapokemon.com.br/?view=cards/search&card=edid=654%20ed=JTG,JTG,0.11,2.50,337.0,Sentret (#118/159),Sentret,C,,118,000000000000118,0.0,0.11,0.56,2.50,2025-03-24 18:10:56,0.0,1.0,654.0,0.0,,,,//arquivos/in/pokemon_bkp/cd/654/67e5a976466ac-r0p69-uo84p-040edb458cc4e3c466bcacfea9a6defb.jpg
https://www.ligapokemon.com.br/?view=cards/search&card=edid=654%20ed=JTG,JTG,0.13,2.50,272.0,Furret (#119/159),Furret,C,,119,000000000000119,0.0,0.13,0.78,2.50,2025-03-24 18:10:57,0.0,1.0,654.0,0.0,,,,//arquivos/in/pokemon_bkp/cd/654/67e5a978468b5-h2nw9-0mx1z-040edb458cc4e3c466bcacfea9a6defb.jpg
https://www.ligapokemon.com.br/?view=cards/search&card=edid=654%20ed=JTG,JTG,0.25,2.00,436.0,Dunsparce (#120/159),Dunsparce,C,,120,000000000000120,0.0,0.25,1.16,2.00,2025-03-24 18:10:57,0.0,1.0,654.0,0.0,,,,//arquivos/in/pokemon_bkp/cd/654/67e5a97a07242-ce6fh-y1zxc-040edb458cc4e3c466bcacfea9a6defb.jpg
https://www.ligapokemon.com.br/?view=cards/search&card=edid=654%20ed=JTG,JTG,2.85,19.99,7320.0,Dudunsparce ex (#121/159),Dudunsparce ex,C,,121,000000000000121,0.0,2.85,9.03,19.99,2025-03-24 18:10:58,0.0,20.0,654.0,0.0,,,,//arquivos/in/pokemon_bkp/cd/654/67e5a97bc054e-jrekw-9h6qa-040edb458cc4e3c466bcacfea9a6defb.jpg
https://www.ligapokemon.com.br/?view=cards/search&card=edid=654%20ed=JTG,JTG,0.10,2.00,291.0,Kecleon (#122/159),Kecleon,C,,122,000000000000122,0.0,0.10,0.42,2.00,2025-03-24 18:10:58,0.0,1.0,654.0,0.0,,,,//arquivos/in/pokemon_bkp/cd/654/67e5a97d85f96-qp59z-v4apq-040edb458cc4e3c466bcacfea9a6defb.jpg
https://www.ligapokemon.com.br/?view=cards/search&card=edid=654%20ed=JTG,JTG,0.12,2.50,928.0,Tropius (#123/159),Tropius,C,,123,000000000000123,0.0,0.12,0.76,2.50,2025-03-24 18:10:58,0.0,1.0,654.0,0.0,,,,//arquivos/in/pokemon_bkp/cd/654/67e5a97f43772-4k0rf-v6yl0-040edb458cc4e3c466bcacfea9a6defb.jpg
https://www.ligapokemon.com.br/?view=cards/search&card=edid=654%20ed=JTG,JTG,0.09,2.50,130.0,Audino (#124/159),Audino,C,,124,000000000000124,0.0,0.09,0.63,2.50,2025-03-24 18:10:58,0.0,1.0,654.0,0.0,,,,//arquivos/in/pokemon_bkp/cd/654/67e5a981047e4-dae7p-tue45-040edb458cc4e3c466bcacfea9a6defb.jpg
https://www.ligapokemon.com.br/?view=cards/search&card=edid=654%20ed=JTG,JTG,0.07,2.50,4915.0,Minccino (#125/159),Minccino,C,,125,000000000000125,0.0,0.07,0.42,2.50,2025-03-27 16:51:56,0.0,1.0,654.0,0.0,,,,//arquivos/in/pokemon_bkp/cd/654/67e5ac8179b30-dmj5e-8dgoq-040edb458cc4e3c466bcacfea9a6defb.jpg
https://www.ligapokemon.com.br/?view=cards/search&card=edid=654%20ed=JTG,JTG,0.14,2.50,113.0,Cinccino (#126/159),Cinccino,C,,126,000000000000126,0.0,0.14,0.69,2.50,2025-03-24 18:10:59,0.0,2.0,654.0,0.0,,,,//arquivos/in/pokemon_bkp/cd/654/67e5a9847c485-uzch0-odt2l-040edb458cc4e3c466bcacfea9a6defb.jpg
https://www.ligapokemon.com.br/?view=cards/search&card=edid=654%20ed=JTG,JTG,0.05,2.00,1664.0,Noibat (#127/159),Noibat,C,,127,000000000000127,0.0,0.05,0.96,2.00,2025-03-24 18:10:59,0.0,1.0,654.0,0.0,,,,//arquivos/in/pokemon_bkp/cd/654/67e5a9863f560-12snl-i24rw-040edb458cc4e3c466bcacfea9a6defb.jpg
https://www.ligapokemon.com.br/?view=cards/search&card=edid=654%20ed=JTG,JTG,0.17,3.99,1661.0,Noivern (#128/159),Noivern,C,,128,000000000000128,0.0,0.17,0.97,3.99,2025-03-24 18:10:59,0.0,4.0,654.0,0.0,,,,//arquivos/in/pokemon_bkp/cd/654/67e5a98805117-nsuaw-r0cvs-040edb458cc4e3c466bcacfea9a6defb.jpg
https://www.ligapokemon.com.br/?view=cards/search&card=edid=654%20ed=JTG,JTG,0.15,2.50,4352.0,Komala (#129/159),Komala,C,,129,000000000000129,0.0,0.15,0.68,2.50,2025-03-24 18:11:00,0.0,1.0,654.0,0.0,,,,//arquivos/in/pokemon_bkp/cd/654/67e5a989c1876-a1k5j-xporn-040edb458cc4e3c466bcacfea9a6defb.jpg
https://www.ligapokemon.com.br/?view=cards/search&card=edid=654%20ed=JTG,JTG,0.09,2.50,4347.0,Drampa (#130/159),Drampa,C,,130,000000000000130,0.0,0.09,0.66,2.50,2025-03-24 18:11:00,0.0,1.0,654.0,0.0,,,,//arquivos/in/pokemon_bkp/cd/654/67e5a98b819fe-sz1y8-imojv-040edb458cc4e3c466bcacfea9a6defb.jpg
https://www.ligapokemon.com.br/?view=cards/search&card=edid=654%20ed=JTG,JTG,0.08,2.50,5007.0,Skwovet (#131/159),Skwovet,C,,131,000000000000131,0.0,0.08,0.54,2.50,2025-03-24 18:11:00,0.0,1.0,654.0,0.0,,,,//arquivos/in/pokemon_bkp/cd/654/67e5a98d46f7c-2tdfa-nlhxw-040edb458cc4e3c466bcacfea9a6defb.jpg
https://www.ligapokemon.com.br/?view=cards/search&card=edid=654%20ed=JTG,JTG,0.07,2.50,5036.0,Greedent (#132/159),Greedent,C,,132,000000000000132,0.0,0.07,0.73,2.50,2025-03-24 18:11:00,0.0,2.0,654.0,0.0,,,,//arquivos/in/pokemon_bkp/cd/654/67e5a98f04011-83iuk-h6ucp-040edb458cc4e3c466bcacfea9a6defb.jpg
https://www.ligapokemon.com.br/?view=cards/search&card=edid=654%20ed=JTG,JTG,0.05,2.50,7321.0,Hop's Rookidee (#133/159),Rookidee do Lupo,C,,133,000000000000133,0.0,0.05,0.65,2.50,2025-03-24 18:11:00,0.0,1.0,654.0,0.0,,,,//arquivos/in/pokemon_bkp/cd/654/67e5a990b75e7-86mrt-xiayh-040edb458cc4e3c466bcacfea9a6defb.jpg
https://www.ligapokemon.com.br/?view=cards/search&card=edid=654%20ed=JTG,JTG,0.13,2.50,7322.0,Hop's Corvisquire (#134/159),Corvisquire do Lupo,C,,134,000000000000134,0.0,0.13,0.58,2.50,2025-03-24 18:11:00,0.0,1.0,654.0,0.0,,,,//arquivos/in/pokemon_bkp/cd/654/67e5a992840ad-imnjd-079f2-040edb458cc4e3c466bcacfea9a6defb.jpg
https://www.ligapokemon.com.br/?view=cards/search&card=edid=654%20ed=JTG,JTG,0.13,5.00,7323.0,Hop's Wooloo (#135/159),Wooloo do Lupo,C,,135,000000000000135,0.0,0.13,1.46,5.00,2025-03-11 18:51:52,0.0,1.0,654.0,0.0,,,,//arquivos/in/pokemon_bkp/cd/654/67e5a99458b57-t20ir-3xwva-040edb458cc4e3c466bcacfea9a6defb.jpg
https://www.ligapokemon.com.br/?view=cards/search&card=edid=654%20ed=JTG,JTG,0.18,8.99,7324.0,Hop's Dubwool (#136/159),Dubwool do Lupo,C,,136,000000000000136,0.0,0.18,2.59,8.99,2025-03-11 18:51:52,0.0,3.0,654.0,0.0,,,,//arquivos/in/pokemon_bkp/cd/654/67e5a99624502-dh8s2-d1cxb-040edb458cc4e3c466bcacfea9a6defb.jpg
https://www.ligapokemon.com.br/?view=cards/search&card=edid=654%20ed=JTG,JTG,0.13,2.50,4972.0,Cramorant (#137/159),Cramorant,C,,137,000000000000137,0.0,0.13,0.56,2.50,2025-03-24 18:11:00,0.0,1.0,654.0,0.0,,,,//arquivos/in/pokemon_bkp/cd/654/67e5a997dec74-v1zj6-kr1gp-040edb458cc4e3c466bcacfea9a6defb.jpg
https://www.ligapokemon.com.br/?view=cards/search&card=edid=654%20ed=JTG,JTG,0.08,3.00,7325.0,Hop's Cramorant (#138/159),Cramorant do Lupo,C,,138,000000000000138,0.0,0.08,0.68,3.00,2025-03-24 18:11:01,1.0,2.0,654.0,0.0,,,,//arquivos/in/pokemon_bkp/cd/654/67e5a999a12e9-3sn5p-6ifs8-040edb458cc4e3c466bcacfea9a6defb.jpg
https://www.ligapokemon.com.br/?view=cards/search&card=edid=654%20ed=JTG,JTG,0.08,2.50,6313.0,Lechonk (#139/159),Lechonk,C,,139,000000000000139,0.0,0.08,0.53,2.50,2025-03-24 18:11:01,0.0,1.0,654.0,0.0,,,,//arquivos/in/pokemon_bkp/cd/654/67e5a99b6946c-yixdf-qh1g2-040edb458cc4e3c466bcacfea9a6defb.jpg
https://www.ligapokemon.com.br/?view=cards/search&card=edid=654%20ed=JTG,JTG,0.05,2.50,6360.0,Oinkologne (#140/159),Oinkologne,C,,140,000000000000140,0.0,0.05,0.54,2.50,2025-03-24 18:11:01,0.0,2.0,654.0,0.0,,,,//arquivos/in/pokemon_bkp/cd/654/67e5a99d27650-tsjdg-eq6g0-040edb458cc4e3c466bcacfea9a6defb.jpg
https://www.ligapokemon.com.br/?view=cards/search&card=edid=654%20ed=JTG,JTG,0.10,2.50,6344.0,Squawkabilly (#141/159),Squawkabilly,C,,141,000000000000141,0.0,0.10,0.53,2.50,2025-03-24 18:11:02,0.0,1.0,654.0,0.0,,,,//arquivos/in/pokemon_bkp/cd/654/67e5a99edcf9f-1kuyt-gj3ft-040edb458cc4e3c466bcacfea9a6defb.jpg
https://www.ligapokemon.com.br/?view=cards/search&card=edid=654%20ed=JTG,JTG,0.14,2.50,7492.0,Billy & O'Nare (#142/159),Ab&iacute;lio e Onara,C,,142,000000000000142,0.0,0.14,0.94,2.50,2025-03-24 18:11:02,0.0,1.0,654.0,0.0,,,,//arquivos/in/pokemon_bkp/cd/654/67e5a9a0a383a-ur8ax-h2p7r-040edb458cc4e3c466bcacfea9a6defb.jpg
https://www.ligapokemon.com.br/?view=cards/search&card=edid=654%20ed=JTG,JTG,0.09,35.00,7231.0,Black Belt's Training (#143/159),Treino de Faixa Preta,C,,143,000000000000143,0.0,0.09,0.99,35.00,2025-03-24 18:11:02,0.0,1.0,654.0,0.0,,,,//arquivos/in/pokemon_bkp/cd/654/67e5a9a2701e7-pqh3c-q6rpj-040edb458cc4e3c466bcacfea9a6defb.jpg
https://www.ligapokemon.com.br/?view=cards/search&card=edid=654%20ed=JTG,JTG,0.13,2.40,7231.0,Black Belt's Training (#144/159),Treino de Faixa Preta,C,,144,000000000000144,0.0,0.13,0.62,2.40,2025-03-24 18:11:02,0.0,1.0,654.0,0.0,,,,//arquivos/in/pokemon_bkp/cd/654/67e5a9a43c19f-qsypk-in8ep-040edb458cc4e3c466bcacfea9a6defb.jpg
https://www.ligapokemon.com.br/?view=cards/search&card=edid=654%20ed=JTG,JTG,0.13,2.50,7231.0,Black Belt's Training (#145/159),Treino de Faixa Preta,C,,145,000000000000145,0.0,0.13,0.96,2.50,2025-03-24 18:11:02,0.0,1.0,654.0,0.0,,,,//arquivos/in/pokemon_bkp/cd/654/67e5a9a5f15ab-usfbx-czgsx-040edb458cc4e3c466bcacfea9a6defb.jpg
https://www.ligapokemon.com.br/?view=cards/search&card=edid=654%20ed=JTG,JTG,0.13,10.00,7493.0,Brock's Scouting (#146/159),Busca do Brock,C,,146,000000000000146,0.0,0.13,2.80,10.00,2025-03-24 18:11:02,0.0,2.0,654.0,0.0,,,,//arquivos/in/pokemon_bkp/cd/654/67e5a9a7b7a7c-qwd5u-bqpky-040edb458cc4e3c466bcacfea9a6defb.jpg
https://www.ligapokemon.com.br/?view=cards/search&card=edid=654%20ed=JTG,JTG,0.09,4.25,7328.0,Hop's Bag (#147/159),Bolsa do Lupo,C,,147,000000000000147,0.0,0.09,1.12,4.25,2025-03-24 18:11:03,0.0,2.0,654.0,0.0,,,,//arquivos/in/pokemon_bkp/cd/654/67e5a9a97b371-mzve8-7503o-040edb458cc4e3c466bcacfea9a6defb.jpg
https://www.ligapokemon.com.br/?view=cards/search&card=edid=654%20ed=JTG,JTG,0.10,4.90,7329.0,Hop's Choice Band (#148/159),Faixa da Escolha do Lupo,C,,148,000000000000148,0.0,0.10,1.57,4.90,2025-03-24 18:11:03,0.0,2.0,654.0,0.0,,,,//arquivos/in/pokemon_bkp/cd/654/67e5a9ab56cf3-hfy42-ukghd-040edb458cc4e3c466bcacfea9a6defb.jpg
https://www.ligapokemon.com.br/?view=cards/search&card=edid=654%20ed=JTG,JTG,0.07,3.00,7331.0,Iris's Fighting Spirit (#149/159),Esp&iacute;rito de Luta da Iris,C,,149,000000000000149,0.0,0.07,0.75,3.00,2025-03-24 18:11:03,0.0,2.0,654.0,0.0,,,,//arquivos/in/pokemon_bkp/cd/654/67e5a9ad1f96b-s2tca-zjm1p-040edb458cc4e3c466bcacfea9a6defb.jpg
https://www.ligapokemon.com.br/?view=cards/search&card=edid=654%20ed=JTG,JTG,0.13,5.90,7335.0,Levincia (#150/159),Levincia,C,,150,000000000000150,0.0,0.13,1.42,5.90,2025-03-24 18:11:03,0.0,2.0,654.0,0.0,,,,//arquivos/in/pokemon_bkp/cd/654/67e5a9aed3111-9vpn5-zgsxu-040edb458cc4e3c466bcacfea9a6defb.jpg
https://www.ligapokemon.com.br/?view=cards/search&card=edid=654%20ed=JTG,JTG,0.07,10.00,7330.0,Lillie's Pearl (#151/159),P&eacute;rola da L&iacute;lian,C,,151,000000000000151,0.0,0.07,1.48,10.00,2025-03-11 18:51:53,0.0,2.0,654.0,0.0,,,,//arquivos/in/pokemon_bkp/cd/654/67e5a9b095a87-5ms0e-hoynk-040edb458cc4e3c466bcacfea9a6defb.jpg
https://www.ligapokemon.com.br/?view=cards/search&card=edid=654%20ed=JTG,JTG,0.14,7.90,7334.0,N's Castle (#152/159),Castelo do N,C,,152,000000000000152,0.0,0.14,1.15,7.90,2025-03-24 18:11:04,0.0,2.0,654.0,0.0,,,,//arquivos/in/pokemon_bkp/cd/654/67e5a9b31fbb2-baldv-eto6z-040edb458cc4e3c466bcacfea9a6defb.jpg
https://www.ligapokemon.com.br/?view=cards/search&card=edid=654%20ed=JTG,JTG,0.09,10.00,7326.0,N's PP Up (#153/159),PP Up do N,C,,153,000000000000153,0.0,0.09,2.88,10.00,2025-03-24 18:11:04,1.0,2.0,654.0,0.0,,,,//arquivos/in/pokemon_bkp/cd/654/67e5a9b51db3d-zfklg-q9ur5-040edb458cc4e3c466bcacfea9a6defb.jpg
https://www.ligapokemon.com.br/?view=cards/search&card=edid=654%20ed=JTG,JTG,0.12,3.90,7336.0,Postwick (#154/159),Postwick,C,,154,000000000000154,0.0,0.12,0.91,3.90,2025-03-24 18:11:04,0.0,2.0,654.0,0.0,,,,//arquivos/in/pokemon_bkp/cd/654/67e5a9b720158-i05tk-camif-040edb458cc4e3c466bcacfea9a6defb.jpg
https://www.ligapokemon.com.br/?view=cards/search&card=edid=654%20ed=JTG,JTG,0.14,3.90,6421.0,Professor's Research (Professor Sada) (#155/159),Pesquisa de Professores: Prof. Arka,C,,155,000000000000155,0.0,0.14,0.62,3.90,2025-03-24 18:11:04,0.0,1.0,654.0,0.0,,,,//arquivos/in/pokemon_bkp/cd/654/67e5a9b91cd7f-z8c3r-4l08y-040edb458cc4e3c466bcacfea9a6defb.jpg
https://www.ligapokemon.com.br/?view=cards/search&card=edid=654%20ed=JTG,JTG,0.13,4.00,7494.0,Redeemable Ticket (#156/159),Ingresso Resgat&aacute;vel,C,,156,000000000000156,0.0,0.13,1.63,4.00,2025-03-24 18:11:05,0.0,2.0,654.0,0.0,,,,//arquivos/in/pokemon_bkp/cd/654/67e5a9bb1e9b0-gvck5-ngs9u-040edb458cc4e3c466bcacfea9a6defb.jpg
https://www.ligapokemon.com.br/?view=cards/search&card=edid=654%20ed=JTG,JTG,0.14,3.90,7332.0,Ruffian (#157/159),Baderneiro,C,,157,000000000000157,0.0,0.14,1.21,3.90,2025-03-24 18:11:05,0.0,2.0,654.0,0.0,,,,//arquivos/in/pokemon_bkp/cd/654/67e5a9bd1bd2a-qvfwc-bgfd8-040edb458cc4e3c466bcacfea9a6defb.jpg
https://www.ligapokemon.com.br/?view=cards/search&card=edid=654%20ed=JTG,JTG,0.13,3.90,553.0,Super Potion (#158/159),Super Po&ccedil;&atilde;o,C,,158,000000000000158,0.0,0.13,0.91,3.90,2025-03-24 18:11:05,0.0,2.0,654.0,0.0,,,,//arquivos/in/pokemon_bkp/cd/654/67e5a9bf1c6cf-2d3wb-so8q9-040edb458cc4e3c466bcacfea9a6defb.jpg
https://www.ligapokemon.com.br/?view=cards/search&card=edid=654%20ed=JTG,JTG,0.18,5.00,7495.0,Spike Energy (#159/159),Energia Espinhosa,E,,159,000000000000159,0.0,0.18,1.18,5.00,2025-03-24 18:11:06,0.0,2.0,654.0,0.0,,,,//arquivos/in/pokemon_bkp/cd/654/67e5a9c7441cf-5f2s6-4qolc-040edb458cc4e3c466bcacfea9a6defb.jpg
https://www.ligapokemon.com.br/?view=cards/search&card=edid=654%20ed=JTG,JTG,9.90,50.00,243.0,Maractus (#160/159),Maractus,G,,160,000000000000160,0.0,9.90,26.80,50.00,2025-03-24 18:11:06,0.0,17.0,654.0,0.0,,,,//arquivos/in/pokemon_bkp/cd/654/67e5a9c90dcfd-sj7ue-eqi92-040edb458cc4e3c466bcacfea9a6defb.jpg
https://www.ligapokemon.com.br/?view=cards/search&card=edid=654%20ed=JTG,JTG,55.00,199.95,48.0,Articuno (#161/159),Articuno,W,,161,000000000000161,0.0,55.00,97.14,199.95,2025-03-24 18:11:06,3.0,17.0,654.0,0.0,,,,//arquivos/in/pokemon_bkp/cd/654/67e5a9cae7879-706mj-x91ah-040edb458cc4e3c466bcacfea9a6defb.jpg
https://www.ligapokemon.com.br/?view=cards/search&card=edid=654%20ed=JTG,JTG,19.90,109.90,172.0,Wailord (#162/159),Wailord,W,,162,000000000000162,0.0,19.90,47.17,109.90,2025-03-11 18:51:53,0.0,17.0,654.0,0.0,,,,//arquivos/in/pokemon_bkp/cd/654/67e5a9ccb4851-gm8z7-ng73r-040edb458cc4e3c466bcacfea9a6defb.jpg
https://www.ligapokemon.com.br/?view=cards/search&card=edid=654%20ed=JTG,JTG,23.95,69.99,7301.0,Iono's Kilowattrel (#163/159),Kilowattrel da Kissera,L,,163,000000000000163,0.0,23.95,43.01,69.99,2025-03-11 18:51:54,2.0,17.0,654.0,0.0,,,,//arquivos/in/pokemon_bkp/cd/654/67e5a9ce9bc28-ijepx-dzcr0-040edb458cc4e3c466bcacfea9a6defb.jpg
https://www.ligapokemon.com.br/?view=cards/search&card=edid=654%20ed=JTG,JTG,15.00,69.90,7305.0,Lillie's Ribombee (#164/159),Ribombee da L&iacute;lian,P,,164,000000000000164,0.0,15.00,37.41,69.90,2025-03-24 18:11:07,1.0,17.0,654.0,0.0,,,,//arquivos/in/pokemon_bkp/cd/654/67e5a9d071262-kg13s-m0py9-040edb458cc4e3c466bcacfea9a6defb.jpg
https://www.ligapokemon.com.br/?view=cards/search&card=edid=654%20ed=JTG,JTG,9.90,45.99,498.0,Swinub (#165/159),Swinub,F,,165,000000000000165,0.0,9.90,19.01,45.99,2025-03-24 18:11:07,0.0,17.0,654.0,0.0,,,,//arquivos/in/pokemon_bkp/cd/654/67e5a9d2623f2-5gkw6-7s6pm-040edb458cc4e3c466bcacfea9a6defb.jpg
https://www.ligapokemon.com.br/?view=cards/search&card=edid=654%20ed=JTG,JTG,14.90,70.00,4383.0,Lycanroc (#166/159),Lycanroc,F,,166,000000000000166,0.0,14.90,26.49,70.00,2025-03-24 18:11:07,1.0,17.0,654.0,0.0,,,,//arquivos/in/pokemon_bkp/cd/654/67e5a9d449bd9-8nfsi-k4xqo-040edb458cc4e3c466bcacfea9a6defb.jpg
https://www.ligapokemon.com.br/?view=cards/search&card=edid=654%20ed=JTG,JTG,39.50,129.90,7318.0,N's Reshiram (#167/159),Reshiram do N,O,,167,000000000000167,0.0,39.50,58.30,129.90,2025-03-24 18:11:07,2.0,17.0,654.0,0.0,,,,//arquivos/in/pokemon_bkp/cd/654/67e5a9d616865-ijuse-hbt3g-040edb458cc4e3c466bcacfea9a6defb.jpg
https://www.ligapokemon.com.br/?view=cards/search&card=edid=654%20ed=JTG,JTG,17.00,69.90,272.0,Furret (#168/159),Furret,C,,168,000000000000168,0.0,17.00,35.43,69.90,2025-03-24 18:11:07,2.0,17.0,654.0,0.0,,,,//arquivos/in/pokemon_bkp/cd/654/67e5a9d7d5e88-owr18-wdfnx-040edb458cc4e3c466bcacfea9a6defb.jpg
https://www.ligapokemon.com.br/?view=cards/search&card=edid=654%20ed=JTG,JTG,17.90,50.00,1664.0,Noibat (#169/159),Noibat,C,,169,000000000000169,0.0,17.90,33.82,50.00,2025-03-24 18:11:07,0.0,17.0,654.0,0.0,,,,//arquivos/in/pokemon_bkp/cd/654/67e5a9d9a2dc7-anto4-uzw49-040edb458cc4e3c466bcacfea9a6defb.jpg
https://www.ligapokemon.com.br/?view=cards/search&card=edid=654%20ed=JTG,JTG,12.50,50.00,7323.0,Hop's Wooloo (#170/159),Wooloo do Lupo,C,,170,000000000000170,0.0,12.50,27.97,50.00,2025-03-11 18:51:54,0.0,17.0,654.0,0.0,,,,//arquivos/in/pokemon_bkp/cd/654/67e5a9db76d50-iq1ue-b0u7g-040edb458cc4e3c466bcacfea9a6defb.jpg
https://www.ligapokemon.com.br/?view=cards/search&card=edid=654%20ed=JTG,JTG,8.95,39.00,7294.0,Volcanion ex (#171/159),Volcanion ex,R,,171,000000000000171,0.0,8.95,16.54,39.00,2025-03-24 18:11:08,0.0,7.0,654.0,0.0,,,,//arquivos/in/pokemon_bkp/cd/654/67e5a9dd43723-gnefz-6ayn1-040edb458cc4e3c466bcacfea9a6defb.jpg
https://www.ligapokemon.com.br/?view=cards/search&card=edid=654%20ed=JTG,JTG,10.00,59.75,7299.0,Iono's Bellibolt ex (#172/159),Bellibolt ex da Kissera,L,,172,000000000000172,0.0,10.00,17.07,59.75,2025-03-24 18:11:08,1.0,7.0,654.0,0.0,,,,//arquivos/in/pokemon_bkp/cd/654/67e5a9df04ae5-s4lq2-79fbq-040edb458cc4e3c466bcacfea9a6defb.jpg
https://www.ligapokemon.com.br/?view=cards/search&card=edid=654%20ed=JTG,JTG,24.90,118.90,7302.0,Lillie's Clefairy ex (#173/159),Clefairy ex da L&iacute;lian,P,,173,000000000000173,0.0,24.90,43.73,118.90,2025-03-11 18:51:54,3.0,7.0,654.0,0.0,,,,//arquivos/in/pokemon_bkp/cd/654/67e5a9e0c3d76-lfb10-cl5df-040edb458cc4e3c466bcacfea9a6defb.jpg
https://www.ligapokemon.com.br/?view=cards/search&card=edid=654%20ed=JTG,JTG,6.43,49.90,7307.0,Mamoswine ex (#174/159),Mamoswine ex,F,,174,000000000000174,0.0,6.43,16.20,49.90,2025-03-24 18:11:08,0.0,7.0,654.0,0.0,,,,//arquivos/in/pokemon_bkp/cd/654/67e5a9e28f8a3-fyst5-3eayq-040edb458cc4e3c466bcacfea9a6defb.jpg
https://www.ligapokemon.com.br/?view=cards/search&card=edid=654%20ed=JTG,JTG,44.90,100.00,7312.0,N's Zoroark ex (#175/159),Zoroark ex do N,D,,175,000000000000175,0.0,44.90,76.02,100.00,2025-03-24 18:11:08,0.0,7.0,654.0,0.0,,,,//arquivos/in/pokemon_bkp/cd/654/67e5a9e467dbc-d9n50-7l3sw-040edb458cc4e3c466bcacfea9a6defb.jpg
https://www.ligapokemon.com.br/?view=cards/search&card=edid=654%20ed=JTG,JTG,10.99,64.90,7317.0,Hop's Zacian ex (#176/159),Zacian ex do Lupo,M,,176,000000000000176,0.0,10.99,22.74,64.90,2025-03-24 18:11:09,2.0,7.0,654.0,0.0,,,,//arquivos/in/pokemon_bkp/cd/654/67e5a9e662a59-t4fz5-nrimo-040edb458cc4e3c466bcacfea9a6defb.jpg
https://www.ligapokemon.com.br/?view=cards/search&card=edid=654%20ed=JTG,JTG,8.90,97.00,780.0,Salamence ex (#177/159),Salamence ex,O,,177,000000000000177,0.0,8.90,21.39,97.00,2025-03-24 18:11:09,0.0,7.0,654.0,0.0,,,,//arquivos/in/pokemon_bkp/cd/654/67e5a9e82daee-oub8k-37e52-040edb458cc4e3c466bcacfea9a6defb.jpg
https://www.ligapokemon.com.br/?view=cards/search&card=edid=654%20ed=JTG,JTG,7.70,36.99,7320.0,Dudunsparce ex (#178/159),Dudunsparce ex,C,,178,000000000000178,0.0,7.70,15.13,36.99,2025-03-24 18:11:09,0.0,7.0,654.0,0.0,,,,//arquivos/in/pokemon_bkp/cd/654/67e5a9e9ebb33-yediw-rblv4-040edb458cc4e3c466bcacfea9a6defb.jpg
https://www.ligapokemon.com.br/?view=cards/search&card=edid=654%20ed=JTG,JTG,24.00,60.00,7493.0,Brock's Scouting (#179/159),Busca do Brock,C,,179,000000000000179,0.0,24.00,41.55,60.00,2025-03-24 18:11:09,1.0,7.0,654.0,0.0,,,,//arquivos/in/pokemon_bkp/cd/654/67e5a9ebd932d-qp58o-ld471-040edb458cc4e3c466bcacfea9a6defb.jpg
https://www.ligapokemon.com.br/?view=cards/search&card=edid=654%20ed=JTG,JTG,14.90,49.75,7331.0,Iris's Fighting Spirit (#180/159),Esp&iacute;rito de Luta da Iris,C,,180,000000000000180,0.0,14.90,29.20,49.75,2025-03-24 18:11:10,1.0,7.0,654.0,0.0,,,,//arquivos/in/pokemon_bkp/cd/654/67e5a9eda3182-z0psn-45c91-040edb458cc4e3c466bcacfea9a6defb.jpg
https://www.ligapokemon.com.br/?view=cards/search&card=edid=654%20ed=JTG,JTG,6.90,29.90,7332.0,Ruffian (#181/159),Baderneiro,C,,181,000000000000181,0.0,6.90,13.88,29.90,2025-03-24 18:11:10,1.0,7.0,654.0,0.0,,,,//arquivos/in/pokemon_bkp/cd/654/67e5a9efbab00-sk83x-5s7yl-040edb458cc4e3c466bcacfea9a6defb.jpg
https://www.ligapokemon.com.br/?view=cards/search&card=edid=654%20ed=JTG,JTG,65.00,599.90,7294.0,Volcanion ex (#182/159),Volcanion ex,R,,182,000000000000182,0.0,65.00,128.11,599.90,2025-03-24 18:11:10,1.0,18.0,654.0,0.0,,,,//arquivos/in/pokemon_bkp/cd/654/67e5a9f2162d3-ck4t2-thkw4-040edb458cc4e3c466bcacfea9a6defb.jpg
https://www.ligapokemon.com.br/?view=cards/search&card=edid=654%20ed=JTG,JTG,99.90,475.90,7299.0,Iono's Bellibolt ex (#183/159),Bellibolt ex da Kissera,L,,183,000000000000183,0.0,99.90,217.96,475.90,2025-03-11 18:51:54,7.0,18.0,654.0,0.0,,,,//arquivos/in/pokemon_bkp/cd/654/67e5a9f40c99d-8j3tf-xik97-040edb458cc4e3c466bcacfea9a6defb.jpg
https://www.ligapokemon.com.br/?view=cards/search&card=edid=654%20ed=JTG,JTG,280.50,1000.00,7302.0,Lillie's Clefairy ex (#184/159),Clefairy ex da L&iacute;lian,P,,184,000000000000184,0.0,280.50,507.53,1000.00,2025-03-11 18:51:54,20.0,18.0,654.0,0.0,,,,//arquivos/in/pokemon_bkp/cd/654/67e5a9f75addc-0yz6k-g8iow-040edb458cc4e3c466bcacfea9a6defb.jpg
https://www.ligapokemon.com.br/?view=cards/search&card=edid=654%20ed=JTG,JTG,239.99,1000.00,7312.0,N's Zoroark ex (#185/159),Zoroark ex do N,D,,185,000000000000185,0.0,239.99,484.98,1000.00,2025-03-24 18:11:10,8.0,18.0,654.0,0.0,,,,//arquivos/in/pokemon_bkp/cd/654/67e5a9f92e443-kaf8w-thio6-040edb458cc4e3c466bcacfea9a6defb.jpg
https://www.ligapokemon.com.br/?view=cards/search&card=edid=654%20ed=JTG,JTG,105.90,780.00,7317.0,Hop's Zacian ex (#186/159),Zacian ex do Lupo,M,,186,000000000000186,0.0,105.90,206.08,780.00,2025-03-11 18:51:55,2.0,18.0,654.0,0.0,,,,//arquivos/in/pokemon_bkp/cd/654/67e5a9fb32c6b-89d3e-mehon-040edb458cc4e3c466bcacfea9a6defb.jpg
https://www.ligapokemon.com.br/?view=cards/search&card=edid=654%20ed=JTG,JTG,120.00,1299.90,780.0,Salamence ex (#187/159),Salamence ex,O,,187,000000000000187,0.0,120.00,357.26,1299.90,2025-03-11 18:51:55,5.0,18.0,654.0,0.0,,,,//arquivos/in/pokemon_bkp/cd/654/67e5a9fcf1bf3-xp6va-nymhv-040edb458cc4e3c466bcacfea9a6defb.jpg
https://www.ligapokemon.com.br/?view=cards/search&card=edid=654%20ed=JTG,JTG,51.00,199.90,7299.0,Iono's Bellibolt ex (#188/159),Bellibolt ex da Kissera,L,,188,000000000000188,0.0,51.00,87.06,199.90,2025-03-24 18:11:10,0.0,14.0,654.0,0.0,,,,//arquivos/in/pokemon_bkp/cd/654/67e5a9fec77a0-5qo0n-7b539-040edb458cc4e3c466bcacfea9a6defb.jpg
https://www.ligapokemon.com.br/?view=cards/search&card=edid=654%20ed=JTG,JTG,100.00,200.00,7312.0,N's Zoroark ex (#189/159),Zoroark ex do N,D,,189,000000000000189,0.0,100.00,161.41,200.00,2025-03-24 18:11:10,1.0,14.0,654.0,0.0,,,,//arquivos/in/pokemon_bkp/cd/654/67e5aa0091357-hta15-h42w3-040edb458cc4e3c466bcacfea9a6defb.jpg
https://www.ligapokemon.com.br/?view=cards/search&card=edid=654%20ed=JTG,JTG,23.90,89.90,7495.0,Spike Energy (#190/159),Energia Espinhosa,E,,190,000000000000190,0.0,23.90,45.83,89.90,2025-03-24 18:11:11,0.0,14.0,654.0,0.0,,,,//arquivos/in/pokemon_bkp/cd/654/67e5aa0256b62-azso1-uzovy-040edb458cc4e3c466bcacfea9a6defb.jpg
https://www.ligapokemon.com.br/?view=cards/search&card=edid=649%20ed=PRE,PRE,0.09,63.00,531.0,Exeggcute (#001/131),Exeggcute,G,,001,000000000000001,0.0,0.09,4.49,63.00,2025-01-15 17:35:13,1.0,1.0,649.0,0.0,,,,//arquivos/in/pokemon_bkp/cd/649/678a95efd4168-bj79s-ymkc8-4359ccc37706d80d5ae766a57d5be016.jpg
https://www.ligapokemon.com.br/?view=cards/search&card=edid=649%20ed=PRE,PRE,0.13,124.99,519.0,Exeggutor (#002/131),Exeggutor,G,,002,000000000000002,0.0,0.13,11.06,124.99,2025-01-15 17:35:13,1.0,2.0,649.0,0.0,,,,//arquivos/in/pokemon_bkp/cd/649/678a95f1b4b05-y4btu-mkiu9-4359ccc37706d80d5ae766a57d5be016.jpg
https://www.ligapokemon.com.br/?view=cards/search&card=edid=649%20ed=PRE,PRE,0.09,143.90,297.0,Pinsir (#003/131),Pinsir,G,,003,000000000000003,0.0,0.09,16.02,143.90,2025-01-15 17:35:13,2.0,1.0,649.0,0.0,,,,//arquivos/in/pokemon_bkp/cd/649/678a95f38dcb3-nvm1y-419dk-4359ccc37706d80d5ae766a57d5be016.jpg
https://www.ligapokemon.com.br/?view=cards/search&card=edid=649%20ed=PRE,PRE,0.19,85.90,689.0,Budew (#004/131),Budew,G,,004,000000000000004,0.0,0.19,9.52,85.90,2025-01-15 17:35:13,12.0,1.0,649.0,0.0,,,,//arquivos/in/pokemon_bkp/cd/649/678a95f57220e-fngu5-hmkvw-4359ccc37706d80d5ae766a57d5be016.jpg
https://www.ligapokemon.com.br/?view=cards/search&card=edid=649%20ed=PRE,PRE,0.45,370.72,367.0,Leafeon (#005/131),Leafeon,G,,005,000000000000005,0.0,0.45,42.24,370.72,2025-01-15 17:35:14,1.0,3.0,649.0,0.0,,,,//arquivos/in/pokemon_bkp/cd/649/678a95f757d72-kimcf-a34qk-4359ccc37706d80d5ae766a57d5be016.jpg
https://www.ligapokemon.com.br/?view=cards/search&card=edid=649%20ed=PRE,PRE,22.70,91.00,7272.0,Leafeon ex (#006/131),Leafeon ex,G,,006,000000000000006,0.0,22.70,46.02,91.00,2025-01-15 17:35:14,2.0,20.0,649.0,0.0,,,,//arquivos/in/pokemon_bkp/cd/649/678a95f92fe4b-3rphz-lyjmw-4359ccc37706d80d5ae766a57d5be016.jpg
https://www.ligapokemon.com.br/?view=cards/search&card=edid=649%20ed=PRE,PRE,0.10,37.00,1801.0,Cottonee (#007/131),Cottonee,G,,007,000000000000007,0.0,0.10,4.98,37.00,2025-01-15 17:35:14,1.0,1.0,649.0,0.0,,,,//arquivos/in/pokemon_bkp/cd/649/678a95fb034cb-b14mr-sjbmz-4359ccc37706d80d5ae766a57d5be016.jpg
https://www.ligapokemon.com.br/?view=cards/search&card=edid=649%20ed=PRE,PRE,0.18,100.00,1802.0,Whimsicott (#008/131),Whimsicott,G,,008,000000000000008,0.0,0.18,13.16,100.00,2025-01-15 17:35:14,1.0,3.0,649.0,0.0,,,,//arquivos/in/pokemon_bkp/cd/649/678a95fcc93f3-8ydcv-u4jba-4359ccc37706d80d5ae766a57d5be016.jpg
https://www.ligapokemon.com.br/?view=cards/search&card=edid=649%20ed=PRE,PRE,0.09,68.90,5000.0,Applin (#009/131),Applin,G,,009,000000000000009,0.0,0.09,8.10,68.90,2025-01-15 17:35:14,1.0,1.0,649.0,0.0,,,,//arquivos/in/pokemon_bkp/cd/649/678a95fea04a1-mv2w9-ke52d-4359ccc37706d80d5ae766a57d5be016.jpg
https://www.ligapokemon.com.br/?view=cards/search&card=edid=649%20ed=PRE,PRE,0.13,98.00,6964.0,Dipplin (#010/131),Dipplin,G,,010,000000000000010,0.0,0.13,8.70,98.00,2025-01-15 17:35:14,1.0,2.0,649.0,0.0,,,,//arquivos/in/pokemon_bkp/cd/649/678a96007e30a-ory35-9ulx8-4359ccc37706d80d5ae766a57d5be016.jpg
https://www.ligapokemon.com.br/?view=cards/search&card=edid=649%20ed=PRE,PRE,3.80,15.00,7073.0,Hydrapple ex (#011/131),Hydrapple ex,G,,011,000000000000011,0.0,3.80,8.59,15.00,2025-01-15 17:35:16,1.0,20.0,649.0,0.0,,,,//arquivos/in/pokemon_bkp/cd/649/678a9602584f4-nvs5z-v3j2l-4359ccc37706d80d5ae766a57d5be016.jpg
https://www.ligapokemon.com.br/?view=cards/search&card=edid=649%20ed=PRE,PRE,24.85,64.90,6980.0,Teal Mask Ogerpon ex (#012/131),Ogerpon M&aacute;scara Turquesa ex,G,,012,000000000000012,0.0,24.85,34.58,64.90,2025-01-15 17:35:16,1.0,20.0,649.0,0.0,,,,//arquivos/in/pokemon_bkp/cd/649/678a960459155-g4qdw-tuoin-4359ccc37706d80d5ae766a57d5be016.jpg
https://www.ligapokemon.com.br/?view=cards/search&card=edid=649%20ed=PRE,PRE,0.50,289.90,135.0,Flareon (#013/131),Flareon,R,,013,000000000000013,0.0,0.50,39.37,289.90,2025-01-15 17:35:16,1.0,3.0,649.0,0.0,,,,//arquivos/in/pokemon_bkp/cd/649/678a960630c29-4fzsx-9yvjo-4359ccc37706d80d5ae766a57d5be016.jpg
https://www.ligapokemon.com.br/?view=cards/search&card=edid=649%20ed=PRE,PRE,30.00,117.28,975.0,Flareon ex (#014/131),Flareon ex,R,,014,000000000000014,0.0,30.00,62.35,117.28,2025-01-15 17:35:16,1.0,20.0,649.0,0.0,,,,//arquivos/in/pokemon_bkp/cd/649/678a960810a54-8z671-mbtf3-4359ccc37706d80d5ae766a57d5be016.jpg
https://www.ligapokemon.com.br/?view=cards/search&card=edid=649%20ed=PRE,PRE,0.13,69.99,1155.0,Litleo (#015/131),Litleo,R,,015,000000000000015,0.0,0.13,9.11,69.99,2025-01-15 17:35:16,1.0,1.0,649.0,0.0,,,,//arquivos/in/pokemon_bkp/cd/649/678a9609ef105-f29wi-ufja2-4359ccc37706d80d5ae766a57d5be016.jpg
https://www.ligapokemon.com.br/?view=cards/search&card=edid=649%20ed=PRE,PRE,0.13,245.00,1156.0,Pyroar (#016/131),Pyroar,R,,016,000000000000016,0.0,0.13,7.10,245.00,2025-01-15 17:35:17,1.0,2.0,649.0,0.0,,,,//arquivos/in/pokemon_bkp/cd/649/678a960bf3e0c-r215c-ek60m-4359ccc37706d80d5ae766a57d5be016.jpg
https://www.ligapokemon.com.br/?view=cards/search&card=edid=649%20ed=PRE,PRE,4.45,12.90,6981.0,Hearthflame Mask Ogerpon ex (#017/131),Ogerpon M&aacute;scara Fornalha ex,R,,017,000000000000017,0.0,4.45,8.45,12.90,2025-01-15 17:35:17,1.0,20.0,649.0,0.0,,,,//arquivos/in/pokemon_bkp/cd/649/678a960e15069-d27ju-vn9z4-4359ccc37706d80d5ae766a57d5be016.jpg
https://www.ligapokemon.com.br/?view=cards/search&card=edid=649%20ed=PRE,PRE,0.13,124.99,221.0,Slowpoke (#018/131),Slowpoke,W,,018,000000000000018,0.0,0.13,10.65,124.99,2025-01-15 17:35:17,1.0,1.0,649.0,0.0,,,,//arquivos/in/pokemon_bkp/cd/649/678a960ff2ba5-lgunk-w150h-4359ccc37706d80d5ae766a57d5be016.jpg
https://www.ligapokemon.com.br/?view=cards/search&card=edid=649%20ed=PRE,PRE,0.13,103.92,170.0,Slowking (#019/131),Slowking,W,,019,000000000000019,0.0,0.13,8.54,103.92,2025-01-15 17:35:17,1.0,2.0,649.0,0.0,,,,//arquivos/in/pokemon_bkp/cd/649/678a9611d7895-7velx-lszhy-4359ccc37706d80d5ae766a57d5be016.jpg
https://www.ligapokemon.com.br/?view=cards/search&card=edid=649%20ed=PRE,PRE,0.09,99.80,494.0,Goldeen (#020/131),Goldeen,W,,020,000000000000020,0.0,0.09,5.18,99.80,2025-01-15 17:35:17,2.0,1.0,649.0,0.0,,,,//arquivos/in/pokemon_bkp/cd/649/678a9613bc646-3qgxb-j914t-4359ccc37706d80d5ae766a57d5be016.jpg
https://www.ligapokemon.com.br/?view=cards/search&card=edid=649%20ed=PRE,PRE,0.14,33.00,491.0,Seaking (#021/131),Seaking,W,,021,000000000000021,0.0,0.14,6.99,33.00,2025-01-15 17:35:18,2.0,2.0,649.0,0.0,,,,//arquivos/in/pokemon_bkp/cd/649/678a96159c564-2t7ou-f3ck4-4359ccc37706d80d5ae766a57d5be016.jpg
https://www.ligapokemon.com.br/?view=cards/search&card=edid=649%20ed=PRE,PRE,0.50,479.90,137.0,Vaporeon (#022/131),Vaporeon,W,,022,000000000000022,0.0,0.50,43.60,479.90,2025-01-15 17:35:19,4.0,3.0,649.0,0.0,,,,//arquivos/in/pokemon_bkp/cd/649/678a961772833-50bqd-u23nw-4359ccc37706d80d5ae766a57d5be016.jpg
https://www.ligapokemon.com.br/?view=cards/search&card=edid=649%20ed=PRE,PRE,14.15,80.75,977.0,Vaporeon ex (#023/131),Vaporeon ex,W,,023,000000000000023,0.0,14.15,37.79,80.75,2025-01-15 17:35:19,2.0,20.0,649.0,0.0,,,,//arquivos/in/pokemon_bkp/cd/649/678a96195e68b-9keaw-oma69-4359ccc37706d80d5ae766a57d5be016.jpg
https://www.ligapokemon.com.br/?view=cards/search&card=edid=649%20ed=PRE,PRE,0.09,219.90,264.0,Suicune (#024/131),Suicune,W,,024,000000000000024,0.0,0.09,27.28,219.90,2025-01-15 17:35:19,1.0,2.0,649.0,0.0,,,,//arquivos/in/pokemon_bkp/cd/649/678a961b466ae-tvj5a-kct4g-4359ccc37706d80d5ae766a57d5be016.jpg
https://www.ligapokemon.com.br/?view=cards/search&card=edid=649%20ed=PRE,PRE,0.35,220.00,365.0,Glaceon (#025/131),Glaceon,W,,025,000000000000025,0.0,0.35,40.13,220.00,2025-01-15 17:35:19,1.0,3.0,649.0,0.0,,,,//arquivos/in/pokemon_bkp/cd/649/678a961d7b122-25io9-1f4so-4359ccc37706d80d5ae766a57d5be016.jpg
https://www.ligapokemon.com.br/?view=cards/search&card=edid=649%20ed=PRE,PRE,11.00,89.90,7273.0,Glaceon ex (#026/131),Glaceon ex,W,,026,000000000000026,0.0,11.00,30.88,89.90,2025-01-15 17:35:19,3.0,20.0,649.0,0.0,,,,//arquivos/in/pokemon_bkp/cd/649/678a961f7bb8a-c8msx-wh0sc-4359ccc37706d80d5ae766a57d5be016.jpg
https://www.ligapokemon.com.br/?view=cards/search&card=edid=649%20ed=PRE,PRE,7.45,59.90,6982.0,Wellspring Mask Ogerpon ex (#027/131),Ogerpon M&aacute;scara Nascente ex,W,,027,000000000000027,0.0,7.45,16.22,59.90,2025-01-15 17:35:19,1.0,20.0,649.0,0.0,,,,//arquivos/in/pokemon_bkp/cd/649/678a96217a98b-stya7-7su8j-4359ccc37706d80d5ae766a57d5be016.jpg
https://www.ligapokemon.com.br/?view=cards/search&card=edid=649%20ed=PRE,PRE,13.45,30.00,6509.0,Pikachu ex (#028/131),Pikachu ex,L,,028,000000000000028,0.0,13.45,20.10,30.00,2025-01-15 17:35:19,1.0,20.0,649.0,0.0,,,,//arquivos/in/pokemon_bkp/cd/649/678a96234f82e-m71au-1gebr-4359ccc37706d80d5ae766a57d5be016.jpg
https://www.ligapokemon.com.br/?view=cards/search&card=edid=649%20ed=PRE,PRE,0.50,399.99,4836.0,Jolteon (#029/131),Jolteon,L,,029,000000000000029,0.0,0.50,28.66,399.99,2025-01-15 17:35:20,2.0,3.0,649.0,0.0,,,,//arquivos/in/pokemon_bkp/cd/649/678a962527855-ti81f-ch6df-4359ccc37706d80d5ae766a57d5be016.jpg
https://www.ligapokemon.com.br/?view=cards/search&card=edid=649%20ed=PRE,PRE,12.45,79.90,976.0,Jolteon ex (#030/131),Jolteon ex,L,,030,000000000000030,0.0,12.45,36.63,79.90,2025-01-15 17:35:20,4.0,20.0,649.0,0.0,,,,//arquivos/in/pokemon_bkp/cd/649/678a962772230-b1ik7-b56gc-4359ccc37706d80d5ae766a57d5be016.jpg
https://www.ligapokemon.com.br/?view=cards/search&card=edid=649%20ed=PRE,PRE,6.45,59.99,6671.0,Iron Hands ex (#031/131),M&atilde;os F&eacute;rreas ex,L,,031,000000000000031,0.0,6.45,14.65,59.99,2025-01-15 17:35:21,1.0,20.0,649.0,0.0,,,,//arquivos/in/pokemon_bkp/cd/649/678a96295b2f2-a5ix3-9bt82-4359ccc37706d80d5ae766a57d5be016.jpg
https://www.ligapokemon.com.br/?view=cards/search&card=edid=649%20ed=PRE,PRE,2.80,60.00,6962.0,Iron Thorns ex (#032/131),Espinhos F&eacute;rreos ex,L,,032,000000000000032,0.0,2.80,15.05,60.00,2025-01-15 17:35:21,1.0,20.0,649.0,0.0,,,,//arquivos/in/pokemon_bkp/cd/649/678a962b72208-dizts-ldpe9-4359ccc37706d80d5ae766a57d5be016.jpg
https://www.ligapokemon.com.br/?view=cards/search&card=edid=649%20ed=PRE,PRE,0.80,359.90,370.0,Espeon (#033/131),Espeon,P,,033,000000000000033,0.0,0.80,34.42,359.90,2025-01-15 17:35:21,2.0,3.0,649.0,0.0,,,,//arquivos/in/pokemon_bkp/cd/649/678a962d47f72-nucbd-1ajnk-4359ccc37706d80d5ae766a57d5be016.jpg
https://www.ligapokemon.com.br/?view=cards/search&card=edid=649%20ed=PRE,PRE,11.45,80.00,1928.0,Espeon ex (#034/131),Espeon ex,P,,034,000000000000034,0.0,11.45,31.77,80.00,2025-01-15 17:35:21,1.0,20.0,649.0,0.0,,,,//arquivos/in/pokemon_bkp/cd/649/678a962f2a67f-k97bj-hb2tw-4359ccc37706d80d5ae766a57d5be016.jpg
https://www.ligapokemon.com.br/?view=cards/search&card=edid=649%20ed=PRE,PRE,0.14,75.00,322.0,Duskull (#035/131),Duskull,P,,035,000000000000035,0.0,0.14,9.35,75.00,2025-01-15 17:35:21,1.0,1.0,649.0,0.0,,,,//arquivos/in/pokemon_bkp/cd/649/678a9631e567c-ys4da-oqre2-4359ccc37706d80d5ae766a57d5be016.jpg
https://www.ligapokemon.com.br/?view=cards/search&card=edid=649%20ed=PRE,PRE,0.14,44.50,690.0,Dusclops (#036/131),Dusclops,P,,036,000000000000036,0.0,0.14,9.77,44.50,2025-01-15 17:35:22,1.0,1.0,649.0,0.0,,,,//arquivos/in/pokemon_bkp/cd/649/678a9634e7311-yztde-st495-4359ccc37706d80d5ae766a57d5be016.jpg
https://www.ligapokemon.com.br/?view=cards/search&card=edid=649%20ed=PRE,PRE,0.50,289.90,663.0,Dusknoir (#037/131),Dusknoir,P,,037,000000000000037,0.0,0.50,32.77,289.90,2025-01-15 17:35:22,2.0,3.0,649.0,0.0,,,,//arquivos/in/pokemon_bkp/cd/649/678a9636e63ff-y9col-u3in6-4359ccc37706d80d5ae766a57d5be016.jpg
https://www.ligapokemon.com.br/?view=cards/search&card=edid=649%20ed=PRE,PRE,0.10,32.90,617.0,Spritzee (#038/131),Spritzee,P,,038,000000000000038,0.0,0.10,6.72,32.90,2025-01-15 17:35:22,1.0,1.0,649.0,0.0,,,,//arquivos/in/pokemon_bkp/cd/649/678a9638e7621-7lgoc-tpd5j-4359ccc37706d80d5ae766a57d5be016.jpg
https://www.ligapokemon.com.br/?view=cards/search&card=edid=649%20ed=PRE,PRE,0.13,39.99,618.0,Aromatisse (#039/131),Aromatisse,P,,039,000000000000039,0.0,0.13,7.13,39.99,2025-01-15 17:35:22,1.0,1.0,649.0,0.0,,,,//arquivos/in/pokemon_bkp/cd/649/678a963b0e532-ibq5z-th5zj-4359ccc37706d80d5ae766a57d5be016.jpg
https://www.ligapokemon.com.br/?view=cards/search&card=edid=649%20ed=PRE,PRE,0.80,399.70,1659.0,Sylveon (#040/131),Sylveon,P,,040,000000000000040,0.0,0.80,48.30,399.70,2025-01-15 17:35:22,2.0,3.0,649.0,0.0,,,,//arquivos/in/pokemon_bkp/cd/649/678a963ce25ae-usrxi-j8aht-4359ccc37706d80d5ae766a57d5be016.jpg
https://www.ligapokemon.com.br/?view=cards/search&card=edid=649%20ed=PRE,PRE,11.70,99.00,7191.0,Sylveon ex (#041/131),Sylveon ex,P,,041,000000000000041,0.0,11.70,39.94,99.00,2025-01-15 17:35:23,2.0,20.0,649.0,0.0,,,,//arquivos/in/pokemon_bkp/cd/649/678a9641e626a-w2jkr-e7aqr-4359ccc37706d80d5ae766a57d5be016.jpg
https://www.ligapokemon.com.br/?view=cards/search&card=edid=649%20ed=PRE,PRE,0.08,89.00,6652.0,Scream Tail (#042/131),Cauda Brado,P,,042,000000000000042,0.0,0.08,12.00,89.00,2025-01-15 17:35:23,1.0,2.0,649.0,0.0,,,,//arquivos/in/pokemon_bkp/cd/649/678a9643cc675-saqw9-u8lxj-4359ccc37706d80d5ae766a57d5be016.jpg
https://www.ligapokemon.com.br/?view=cards/search&card=edid=649%20ed=PRE,PRE,0.24,99.90,6909.0,Flutter Mane (#043/131),Juba Sopro,P,,043,000000000000043,0.0,0.24,8.36,99.90,2025-01-15 17:35:24,1.0,3.0,649.0,0.0,,,,//arquivos/in/pokemon_bkp/cd/649/678a9645b1623-4lbo9-dz2eq-4359ccc37706d80d5ae766a57d5be016.jpg
https://www.ligapokemon.com.br/?view=cards/search&card=edid=649%20ed=PRE,PRE,1.88,84.99,6985.0,Munkidori (#044/131),Munkidori,P,,044,000000000000044,0.0,1.88,22.73,84.99,2025-01-15 17:35:24,2.0,3.0,649.0,0.0,,,,//arquivos/in/pokemon_bkp/cd/649/678a96478c1a0-ich5t-sona7-4359ccc37706d80d5ae766a57d5be016.jpg
https://www.ligapokemon.com.br/?view=cards/search&card=edid=649%20ed=PRE,PRE,0.24,170.00,6986.0,Fezandipiti (#045/131),Fezandipiti,P,,045,000000000000045,0.0,0.24,11.45,170.00,2025-01-15 17:35:24,1.0,3.0,649.0,0.0,,,,//arquivos/in/pokemon_bkp/cd/649/678a96495e804-2t3ce-6729g-4359ccc37706d80d5ae766a57d5be016.jpg
https://www.ligapokemon.com.br/?view=cards/search&card=edid=649%20ed=PRE,PRE,0.25,100.00,7077.0,Iron Boulder (#046/131),Rocha F&eacute;rrea,P,,046,000000000000046,0.0,0.25,15.66,100.00,2025-01-15 17:35:24,1.0,3.0,649.0,0.0,,,,//arquivos/in/pokemon_bkp/cd/649/678a964b38aab-v5e2o-3ltue-4359ccc37706d80d5ae766a57d5be016.jpg
https://www.ligapokemon.com.br/?view=cards/search&card=edid=649%20ed=PRE,PRE,0.09,68.90,693.0,Larvitar (#047/131),Larvitar,F,,047,000000000000047,0.0,0.09,6.36,68.90,2025-01-15 17:35:24,1.0,1.0,649.0,0.0,,,,//arquivos/in/pokemon_bkp/cd/649/678a964d148b2-iawtb-7rl9b-4359ccc37706d80d5ae766a57d5be016.jpg
https://www.ligapokemon.com.br/?view=cards/search&card=edid=649%20ed=PRE,PRE,0.09,129.90,691.0,Pupitar (#048/131),Pupitar,F,,048,000000000000048,0.0,0.09,14.66,129.90,2025-01-15 17:35:24,1.0,1.0,649.0,0.0,,,,//arquivos/in/pokemon_bkp/cd/649/678a964ee18d5-krebo-iqenp-4359ccc37706d80d5ae766a57d5be016.jpg
https://www.ligapokemon.com.br/?view=cards/search&card=edid=649%20ed=PRE,PRE,0.25,115.00,1267.0,Groudon (#049/131),Groudon,F,,049,000000000000049,0.0,0.25,13.00,115.00,2025-01-15 17:35:25,1.0,3.0,649.0,0.0,,,,//arquivos/in/pokemon_bkp/cd/649/678a9650babbf-gw86a-4m12v-4359ccc37706d80d5ae766a57d5be016.jpg
https://www.ligapokemon.com.br/?view=cards/search&card=edid=649%20ed=PRE,PRE,0.13,119.99,91.0,Riolu (#050/131),Riolu,F,,050,000000000000050,0.0,0.13,25.38,119.99,2025-01-15 17:35:25,1.0,1.0,649.0,0.0,,,,//arquivos/in/pokemon_bkp/cd/649/678a965289574-e2pf0-3onra-4359ccc37706d80d5ae766a57d5be016.jpg
https://www.ligapokemon.com.br/?view=cards/search&card=edid=649%20ed=PRE,PRE,6.45,19.50,6406.0,Lucario ex (#051/131),Lucario ex,F,,051,000000000000051,0.0,6.45,10.86,19.50,2025-01-15 17:35:26,1.0,20.0,649.0,0.0,,,,//arquivos/in/pokemon_bkp/cd/649/678a96545fb7d-tmvw3-qyjle-4359ccc37706d80d5ae766a57d5be016.jpg
https://www.ligapokemon.com.br/?view=cards/search&card=edid=649%20ed=PRE,PRE,0.09,34.99,395.0,Hippopotas (#052/131),Hippopotas,F,,052,000000000000052,0.0,0.09,3.89,34.99,2025-01-15 17:35:26,1.0,1.0,649.0,0.0,,,,//arquivos/in/pokemon_bkp/cd/649/678a965631bde-kneoq-6c4kp-4359ccc37706d80d5ae766a57d5be016.jpg
https://www.ligapokemon.com.br/?view=cards/search&card=edid=649%20ed=PRE,PRE,0.09,70.00,371.0,Hippowdon (#053/131),Hippowdon,F,,053,000000000000053,0.0,0.09,11.03,70.00,2025-01-15 17:35:26,1.0,1.0,649.0,0.0,,,,//arquivos/in/pokemon_bkp/cd/649/678a9657f0ba6-bsy36-ne9h4-4359ccc37706d80d5ae766a57d5be016.jpg
https://www.ligapokemon.com.br/?view=cards/search&card=edid=649%20ed=PRE,PRE,0.22,59.99,7037.0,Bloodmoon Ursaluna (#054/131),Ursaluna Lua Sangrenta,F,,054,000000000000054,0.0,0.22,10.93,59.99,2025-01-15 17:35:26,1.0,3.0,649.0,0.0,,,,//arquivos/in/pokemon_bkp/cd/649/678a9659c408d-geiuh-4qe52-4359ccc37706d80d5ae766a57d5be016.jpg
https://www.ligapokemon.com.br/?view=cards/search&card=edid=649%20ed=PRE,PRE,0.13,109.99,6910.0,Great Tusk (#055/131),Presa Grande,F,,055,000000000000055,0.0,0.13,13.57,109.99,2025-01-15 17:35:26,1.0,2.0,649.0,0.0,,,,//arquivos/in/pokemon_bkp/cd/649/678a965b98343-5dl4s-ebkt2-4359ccc37706d80d5ae766a57d5be016.jpg
https://www.ligapokemon.com.br/?view=cards/search&card=edid=649%20ed=PRE,PRE,5.35,14.99,6654.0,Sandy Shocks ex (#056/131),Choque Areia ex,F,,056,000000000000056,0.0,5.35,9.04,14.99,2025-01-15 17:35:27,1.0,20.0,649.0,0.0,,,,//arquivos/in/pokemon_bkp/cd/649/678a965dba700-6b9lq-u3vmx-4359ccc37706d80d5ae766a57d5be016.jpg
https://www.ligapokemon.com.br/?view=cards/search&card=edid=649%20ed=PRE,PRE,0.24,100.00,6987.0,Okidogi (#057/131),Okidogi,F,,057,000000000000057,0.0,0.24,6.63,100.00,2025-01-15 17:35:27,1.0,3.0,649.0,0.0,,,,//arquivos/in/pokemon_bkp/cd/649/678a965f96597-n4c72-tg4ru-4359ccc37706d80d5ae766a57d5be016.jpg
https://www.ligapokemon.com.br/?view=cards/search&card=edid=649%20ed=PRE,PRE,16.30,59.90,6983.0,Cornerstone Mask Ogerpon ex (#058/131),Ogerpon M&aacute;scara Alicerce ex,F,,058,000000000000058,0.0,16.30,28.10,59.90,2025-01-15 17:35:27,1.0,20.0,649.0,0.0,,,,//arquivos/in/pokemon_bkp/cd/649/678a96619b2c1-ngus7-jenwd-4359ccc37706d80d5ae766a57d5be016.jpg
https://www.ligapokemon.com.br/?view=cards/search&card=edid=649%20ed=PRE,PRE,0.50,699.99,376.0,Umbreon (#059/131),Umbreon,D,,059,000000000000059,0.0,0.50,190.84,699.99,2025-01-15 17:35:27,3.0,3.0,649.0,0.0,,,,//arquivos/in/pokemon_bkp/cd/649/678a9663a2a6b-con1t-8cbkh-4359ccc37706d80d5ae766a57d5be016.jpg
https://www.ligapokemon.com.br/?view=cards/search&card=edid=649%20ed=PRE,PRE,18.25,169.90,1935.0,Umbreon ex (#060/131),Umbreon ex,D,,060,000000000000060,0.0,18.25,80.38,169.90,2025-01-15 17:35:27,2.0,20.0,649.0,0.0,,,,//arquivos/in/pokemon_bkp/cd/649/678a9665884a5-sob23-iu01t-4359ccc37706d80d5ae766a57d5be016.jpg
https://www.ligapokemon.com.br/?view=cards/search&card=edid=649%20ed=PRE,PRE,0.09,109.00,485.0,Sneasel (#061/131),Sneasel,D,,061,000000000000061,0.0,0.09,3.41,109.00,2025-01-15 17:35:28,1.0,1.0,649.0,0.0,,,,//arquivos/in/pokemon_bkp/cd/649/678a96676842b-62wdh-um5za-4359ccc37706d80d5ae766a57d5be016.jpg
https://www.ligapokemon.com.br/?view=cards/search&card=edid=649%20ed=PRE,PRE,0.09,84.90,208.0,Houndour (#062/131),Houndour,D,,062,000000000000062,0.0,0.09,9.46,84.90,2025-01-15 17:35:28,1.0,1.0,649.0,0.0,,,,//arquivos/in/pokemon_bkp/cd/649/678a966938a27-0n23g-oavxu-4359ccc37706d80d5ae766a57d5be016.jpg
https://www.ligapokemon.com.br/?view=cards/search&card=edid=649%20ed=PRE,PRE,0.14,154.99,160.0,Houndoom (#063/131),Houndoom,D,,063,000000000000063,0.0,0.14,18.46,154.99,2025-01-15 17:35:28,1.0,1.0,649.0,0.0,,,,//arquivos/in/pokemon_bkp/cd/649/678a966b1e4a4-q72p1-e6g1o-4359ccc37706d80d5ae766a57d5be016.jpg
https://www.ligapokemon.com.br/?view=cards/search&card=edid=649%20ed=PRE,PRE,4.65,49.99,1884.0,Tyranitar ex (#064/131),Tyranitar ex,D,,064,000000000000064,0.0,4.65,17.17,49.99,2025-01-07 18:04:50,1.0,20.0,649.0,0.0,,,,//arquivos/in/pokemon_bkp/cd/649/678a966cf06ec-0digo-7zxna-4359ccc37706d80d5ae766a57d5be016.jpg
https://www.ligapokemon.com.br/?view=cards/search&card=edid=649%20ed=PRE,PRE,0.24,100.00,6911.0,Roaring Moon (#065/131),Lua Estrondo,D,,065,000000000000065,0.0,0.24,14.74,100.00,2025-01-15 17:35:29,1.0,3.0,649.0,0.0,,,,//arquivos/in/pokemon_bkp/cd/649/678a966ee3751-s5ojm-xzimv-4359ccc37706d80d5ae766a57d5be016.jpg
https://www.ligapokemon.com.br/?view=cards/search&card=edid=649%20ed=PRE,PRE,0.09,40.00,389.0,Bronzor (#066/131),Bronzor,M,,066,000000000000066,0.0,0.09,4.49,40.00,2025-01-15 17:35:29,1.0,1.0,649.0,0.0,,,,//arquivos/in/pokemon_bkp/cd/649/678a9670b888d-tuyzc-u9hq4-4359ccc37706d80d5ae766a57d5be016.jpg
https://www.ligapokemon.com.br/?view=cards/search&card=edid=649%20ed=PRE,PRE,0.10,76.00,369.0,Bronzong (#067/131),Bronzong,M,,067,000000000000067,0.0,0.10,10.70,76.00,2025-01-15 17:35:29,1.0,2.0,649.0,0.0,,,,//arquivos/in/pokemon_bkp/cd/649/678a9672954b7-buy97-ncx5f-4359ccc37706d80d5ae766a57d5be016.jpg
https://www.ligapokemon.com.br/?view=cards/search&card=edid=649%20ed=PRE,PRE,0.09,89.99,1000.0,Heatran (#068/131),Heatran,M,,068,000000000000068,0.0,0.09,7.48,89.99,2025-01-15 17:35:29,1.0,2.0,649.0,0.0,,,,//arquivos/in/pokemon_bkp/cd/649/678a96746b7f8-4m80c-6qpgi-4359ccc37706d80d5ae766a57d5be016.jpg
https://www.ligapokemon.com.br/?view=cards/search&card=edid=649%20ed=PRE,PRE,0.13,143.90,5019.0,Duraludon (#069/131),Duraludon,M,,069,000000000000069,0.0,0.13,7.90,143.90,2025-01-15 17:35:29,1.0,1.0,649.0,0.0,,,,//arquivos/in/pokemon_bkp/cd/649/678a967644109-k50a8-2cw3e-4359ccc37706d80d5ae766a57d5be016.jpg
https://www.ligapokemon.com.br/?view=cards/search&card=edid=649%20ed=PRE,PRE,0.20,198.79,7078.0,Archaludon (#070/131),Archaludon,M,,070,000000000000070,0.0,0.20,27.45,198.79,2025-01-15 17:35:30,1.0,3.0,649.0,0.0,,,,//arquivos/in/pokemon_bkp/cd/649/678a9678191ae-2yp74-vinol-4359ccc37706d80d5ae766a57d5be016.jpg
https://www.ligapokemon.com.br/?view=cards/search&card=edid=649%20ed=PRE,PRE,0.09,128.90,5031.0,Dreepy (#071/131),Dreepy,O,,071,000000000000071,0.0,0.09,19.68,128.90,2025-01-15 17:35:30,1.0,1.0,649.0,0.0,,,,//arquivos/in/pokemon_bkp/cd/649/678a967a09a20-i90ol-r0wyq-4359ccc37706d80d5ae766a57d5be016.jpg
https://www.ligapokemon.com.br/?view=cards/search&card=edid=649%20ed=PRE,PRE,0.14,155.29,5037.0,Drakloak (#072/131),Drakloak,O,,072,000000000000072,0.0,0.14,18.53,155.29,2025-01-15 17:35:31,1.0,1.0,649.0,0.0,,,,//arquivos/in/pokemon_bkp/cd/649/678a967bd1518-jil3f-br0ju-4359ccc37706d80d5ae766a57d5be016.jpg
https://www.ligapokemon.com.br/?view=cards/search&card=edid=649%20ed=PRE,PRE,4.80,84.00,6990.0,Dragapult ex (#073/131),Dragapult ex,O,,073,000000000000073,0.0,4.80,14.55,84.00,2025-01-15 17:35:31,2.0,20.0,649.0,0.0,,,,//arquivos/in/pokemon_bkp/cd/649/678a967da57ec-h4edm-lw9ca-4359ccc37706d80d5ae766a57d5be016.jpg
https://www.ligapokemon.com.br/?view=cards/search&card=edid=649%20ed=PRE,PRE,0.15,209.90,127.0,Eevee (#074/131),Eevee,C,,074,000000000000074,0.0,0.15,27.94,209.90,2025-01-15 17:35:31,1.0,1.0,649.0,0.0,,,,//arquivos/in/pokemon_bkp/cd/649/678a967f78bae-ks7p6-qst7r-4359ccc37706d80d5ae766a57d5be016.jpg
https://www.ligapokemon.com.br/?view=cards/search&card=edid=649%20ed=PRE,PRE,19.35,79.90,7274.0,Eevee ex (#075/131),Eevee ex,C,,075,000000000000075,0.0,19.35,36.71,79.90,2025-01-15 17:35:31,3.0,20.0,649.0,0.0,,,,//arquivos/in/pokemon_bkp/cd/649/678a9681a11ad-d7wf5-ielmp-4359ccc37706d80d5ae766a57d5be016.jpg
https://www.ligapokemon.com.br/?view=cards/search&card=edid=649%20ed=PRE,PRE,5.35,24.00,7217.0,Snorlax ex (#076/131),Snorlax ex,C,,076,000000000000076,0.0,5.35,11.39,24.00,2025-01-15 17:35:31,1.0,20.0,649.0,0.0,,,,//arquivos/in/pokemon_bkp/cd/649/678a968370e14-0cout-1z5oe-4359ccc37706d80d5ae766a57d5be016.jpg
https://www.ligapokemon.com.br/?view=cards/search&card=edid=649%20ed=PRE,PRE,0.11,40.00,1083.0,Hoothoot (#077/131),Hoothoot,C,,077,000000000000077,0.0,0.11,3.94,40.00,2025-01-15 17:35:32,1.0,1.0,649.0,0.0,,,,//arquivos/in/pokemon_bkp/cd/649/678a968547db1-vjbio-5a9yw-4359ccc37706d80d5ae766a57d5be016.jpg
https://www.ligapokemon.com.br/?view=cards/search&card=edid=649%20ed=PRE,PRE,0.40,69.90,1072.0,Noctowl (#078/131),Noctowl,C,,078,000000000000078,0.0,0.40,8.75,69.90,2025-01-15 17:35:32,1.0,3.0,649.0,0.0,,,,//arquivos/in/pokemon_bkp/cd/649/678a96871b122-7gaf6-pwzl7-4359ccc37706d80d5ae766a57d5be016.jpg
https://www.ligapokemon.com.br/?view=cards/search&card=edid=649%20ed=PRE,PRE,0.13,54.90,436.0,Dunsparce (#079/131),Dunsparce,C,,079,000000000000079,0.0,0.13,7.29,54.90,2025-01-15 17:35:32,1.0,1.0,649.0,0.0,,,,//arquivos/in/pokemon_bkp/cd/649/678a9688dafd0-2ujsh-dykrn-4359ccc37706d80d5ae766a57d5be016.jpg
https://www.ligapokemon.com.br/?view=cards/search&card=edid=649%20ed=PRE,PRE,0.99,94.00,6448.0,Dudunsparce (#080/131),Dudunsparce,C,,080,000000000000080,0.0,0.99,18.26,94.00,2025-01-15 17:35:32,1.0,3.0,649.0,0.0,,,,//arquivos/in/pokemon_bkp/cd/649/678a968ab2305-48kjx-rqd06-4359ccc37706d80d5ae766a57d5be016.jpg
https://www.ligapokemon.com.br/?view=cards/search&card=edid=649%20ed=PRE,PRE,0.08,120.00,293.0,Miltank (#081/131),Miltank,C,,081,000000000000081,0.0,0.08,5.44,120.00,2025-01-15 17:35:32,1.0,1.0,649.0,0.0,,,,//arquivos/in/pokemon_bkp/cd/649/678a968c87cd3-as26o-lo7yu-4359ccc37706d80d5ae766a57d5be016.jpg
https://www.ligapokemon.com.br/?view=cards/search&card=edid=649%20ed=PRE,PRE,7.85,36.99,1930.0,Lugia ex (#082/131),Lugia ex,C,,082,000000000000082,0.0,7.85,20.30,36.99,2025-01-15 17:35:33,1.0,20.0,649.0,0.0,,,,//arquivos/in/pokemon_bkp/cd/649/678a968e630f5-tm2c5-olxz2-4359ccc37706d80d5ae766a57d5be016.jpg
https://www.ligapokemon.com.br/?view=cards/search&card=edid=649%20ed=PRE,PRE,0.09,79.90,12.0,Buneary (#083/131),Buneary,C,,083,000000000000083,0.0,0.09,8.90,79.90,2025-01-15 17:35:34,2.0,1.0,649.0,0.0,,,,//arquivos/in/pokemon_bkp/cd/649/678a9690a4905-uz5sh-b1j64-4359ccc37706d80d5ae766a57d5be016.jpg
https://www.ligapokemon.com.br/?view=cards/search&card=edid=649%20ed=PRE,PRE,0.14,64.99,9.0,Lopunny (#084/131),Lopunny,C,,084,000000000000084,0.0,0.14,15.14,64.99,2025-01-15 17:35:34,1.0,1.0,649.0,0.0,,,,//arquivos/in/pokemon_bkp/cd/649/678a969279f4d-g2ach-5xzfe-4359ccc37706d80d5ae766a57d5be016.jpg
https://www.ligapokemon.com.br/?view=cards/search&card=edid=649%20ed=PRE,PRE,0.15,115.00,1869.0,Fan Rotom (#085/131),Rotom Ventilador,C,,085,000000000000085,0.0,0.15,10.88,115.00,2025-01-15 17:35:34,1.0,1.0,649.0,0.0,,,,//arquivos/in/pokemon_bkp/cd/649/678a96946617b-qhmn4-wd3h6-4359ccc37706d80d5ae766a57d5be016.jpg
https://www.ligapokemon.com.br/?view=cards/search&card=edid=649%20ed=PRE,PRE,0.14,150.00,4.0,Regigigas (#086/131),Regigigas,C,,086,000000000000086,0.0,0.14,8.66,150.00,2025-01-07 18:04:50,3.0,2.0,649.0,0.0,,,,//arquivos/in/pokemon_bkp/cd/649/678a969649ff1-m8l0g-vn7g6-4359ccc37706d80d5ae766a57d5be016.jpg
https://www.ligapokemon.com.br/?view=cards/search&card=edid=649%20ed=PRE,PRE,0.13,80.00,1398.0,Shaymin (#087/131),Shaymin,C,,087,000000000000087,0.0,0.13,8.75,80.00,2025-01-07 18:04:50,1.0,2.0,649.0,0.0,,,,//arquivos/in/pokemon_bkp/cd/649/678a969811867-tz2jq-8ghsc-4359ccc37706d80d5ae766a57d5be016.jpg
https://www.ligapokemon.com.br/?view=cards/search&card=edid=649%20ed=PRE,PRE,0.09,39.90,633.0,Furfrou (#088/131),Furfrou,C,,088,000000000000088,0.0,0.09,9.97,39.90,2025-01-15 17:35:34,1.0,1.0,649.0,0.0,,,,//arquivos/in/pokemon_bkp/cd/649/678a9699d7744-m3pfr-scwax-4359ccc37706d80d5ae766a57d5be016.jpg
https://www.ligapokemon.com.br/?view=cards/search&card=edid=649%20ed=PRE,PRE,0.13,39.90,1430.0,Hawlucha (#089/131),Hawlucha,C,,089,000000000000089,0.0,0.13,5.10,39.90,2025-01-15 17:35:34,1.0,2.0,649.0,0.0,,,,//arquivos/in/pokemon_bkp/cd/649/678a969babe0a-apgh2-sdf3m-4359ccc37706d80d5ae766a57d5be016.jpg
https://www.ligapokemon.com.br/?view=cards/search&card=edid=649%20ed=PRE,PRE,0.09,49.90,1664.0,Noibat (#090/131),Noibat,C,,090,000000000000090,0.0,0.09,6.21,49.90,2025-01-15 17:35:35,1.0,1.0,649.0,0.0,,,,//arquivos/in/pokemon_bkp/cd/649/678a969d86740-4mvn8-asrup-4359ccc37706d80d5ae766a57d5be016.jpg
https://www.ligapokemon.com.br/?view=cards/search&card=edid=649%20ed=PRE,PRE,4.35,15.00,6468.0,Noivern ex (#091/131),Noivern ex,C,,091,000000000000091,0.0,4.35,8.77,15.00,2025-01-15 17:35:35,1.0,20.0,649.0,0.0,,,,//arquivos/in/pokemon_bkp/cd/649/678a969f8ebea-vjo52-g5kl9-4359ccc37706d80d5ae766a57d5be016.jpg
https://www.ligapokemon.com.br/?view=cards/search&card=edid=649%20ed=PRE,PRE,7.90,69.99,7081.0,Terapagos ex (#092/131),Terapagos ex,C,,092,000000000000092,0.0,7.90,15.10,69.99,2025-01-15 17:35:35,1.0,20.0,649.0,0.0,,,,//arquivos/in/pokemon_bkp/cd/649/678a96a17ab89-15bor-h8ypx-4359ccc37706d80d5ae766a57d5be016.jpg
https://www.ligapokemon.com.br/?view=cards/search&card=edid=649%20ed=PRE,PRE,0.09,10.00,7280.0,Amarys (#093/131),Amar&iacute;lis,C,,093,000000000000093,0.0,0.09,1.59,10.00,2025-01-15 17:35:35,1.0,1.0,649.0,0.0,,,,//arquivos/in/pokemon_bkp/cd/649/678a96a34e84d-t6l9n-8mslk-4359ccc37706d80d5ae766a57d5be016.jpg
https://www.ligapokemon.com.br/?view=cards/search&card=edid=649%20ed=PRE,PRE,0.13,17.99,7095.0,Area Zero Underdepths (#094/131),Abismo da &Aacute;rea Zero,C,,094,000000000000094,0.0,0.13,2.50,17.99,2025-01-15 17:35:37,1.0,2.0,649.0,0.0,,,,//arquivos/in/pokemon_bkp/cd/649/678a96a518cdd-n06yh-by094-4359ccc37706d80d5ae766a57d5be016.jpg
https://www.ligapokemon.com.br/?view=cards/search&card=edid=649%20ed=PRE,PRE,0.14,15.00,7045.0,Binding Mochi (#095/131),Moti Vinculante,C,,095,000000000000095,0.0,0.14,1.92,15.00,2025-01-15 17:35:37,1.0,2.0,649.0,0.0,,,,//arquivos/in/pokemon_bkp/cd/649/678a96a706943-rxf0s-7egpc-4359ccc37706d80d5ae766a57d5be016.jpg
https://www.ligapokemon.com.br/?view=cards/search&card=edid=649%20ed=PRE,PRE,0.10,10.00,7231.0,Black Belt's Training (#096/131),Treino de Faixa Preta,C,,096,000000000000096,0.0,0.10,1.81,10.00,2025-01-15 17:35:37,1.0,1.0,649.0,0.0,,,,//arquivos/in/pokemon_bkp/cd/649/678a96a8ca25e-t1nu0-p8mlz-4359ccc37706d80d5ae766a57d5be016.jpg
https://www.ligapokemon.com.br/?view=cards/search&card=edid=649%20ed=PRE,PRE,0.08,15.00,7231.0,Black Belt's Training (#097/131),Treino de Faixa Preta,C,,097,000000000000097,0.0,0.08,2.15,15.00,2025-01-15 17:35:37,1.0,1.0,649.0,0.0,,,,//arquivos/in/pokemon_bkp/cd/649/678a96aaa4030-u873r-nh8ud-4359ccc37706d80d5ae766a57d5be016.jpg
https://www.ligapokemon.com.br/?view=cards/search&card=edid=649%20ed=PRE,PRE,0.09,9.99,7231.0,Black Belt's Training (#098/131),Treino de Faixa Preta,C,,098,000000000000098,0.0,0.09,1.86,9.99,2025-01-15 17:35:37,1.0,1.0,649.0,0.0,,,,//arquivos/in/pokemon_bkp/cd/649/678a96ac7bf79-9wh62-o83sj-4359ccc37706d80d5ae766a57d5be016.jpg
https://www.ligapokemon.com.br/?view=cards/search&card=edid=649%20ed=PRE,PRE,0.08,13.99,7231.0,Black Belt's Training (#099/131),Treino de Faixa Preta,C,,099,000000000000099,0.0,0.08,2.30,13.99,2025-01-15 17:35:38,1.0,1.0,649.0,0.0,,,,//arquivos/in/pokemon_bkp/cd/649/678a96ae67d93-sioe9-mchbv-4359ccc37706d80d5ae766a57d5be016.jpg
https://www.ligapokemon.com.br/?view=cards/search&card=edid=649%20ed=PRE,PRE,0.10,15.99,7093.0,Briar (#100/131),Urzy,C,,100,000000000000100,0.0,0.10,2.56,15.99,2025-01-15 17:35:38,1.0,2.0,649.0,0.0,,,,//arquivos/in/pokemon_bkp/cd/649/678a96b042293-wcd1y-qjnsb-4359ccc37706d80d5ae766a57d5be016.jpg
https://www.ligapokemon.com.br/?view=cards/search&card=edid=649%20ed=PRE,PRE,0.15,23.00,6952.0,Buddy-Buddy Poffin (#101/131),Poffin de Colega,C,,101,000000000000101,0.0,0.15,5.24,23.00,2025-01-15 17:35:38,1.0,2.0,649.0,0.0,,,,//arquivos/in/pokemon_bkp/cd/649/678a96b21945e-ltvws-vm7f6-4359ccc37706d80d5ae766a57d5be016.jpg
https://www.ligapokemon.com.br/?view=cards/search&card=edid=649%20ed=PRE,PRE,0.15,40.00,7010.0,Bug Catching Set (#102/131),Kit Ca&ccedil;a-inseto,C,,102,000000000000102,0.0,0.15,3.05,40.00,2025-01-15 17:35:38,1.0,2.0,649.0,0.0,,,,//arquivos/in/pokemon_bkp/cd/649/678a96b3e015f-hb29r-a5f1i-4359ccc37706d80d5ae766a57d5be016.jpg
https://www.ligapokemon.com.br/?view=cards/search&card=edid=649%20ed=PRE,PRE,0.13,39.90,6995.0,Carmine (#103/131),Carmine,C,,103,000000000000103,0.0,0.13,7.29,39.90,2025-01-15 17:35:38,1.0,2.0,649.0,0.0,,,,//arquivos/in/pokemon_bkp/cd/649/678a96b5adecb-ldip0-ialsc-4359ccc37706d80d5ae766a57d5be016.jpg
https://www.ligapokemon.com.br/?view=cards/search&card=edid=649%20ed=PRE,PRE,0.10,17.99,6953.0,Ciphermaniac's Codebreaking (#104/131),Decodifica&ccedil;&atilde;o da Criptoman&iacute;aca,C,,104,000000000000104,0.0,0.10,2.84,17.99,2025-01-15 17:35:39,1.0,2.0,649.0,0.0,,,,//arquivos/in/pokemon_bkp/cd/649/678a96b78e41a-5um4y-8e756-4359ccc37706d80d5ae766a57d5be016.jpg
https://www.ligapokemon.com.br/?view=cards/search&card=edid=649%20ed=PRE,PRE,0.17,20.00,7090.0,Crispin (#105/131),Pl&iacute;nio,C,,105,000000000000105,0.0,0.17,6.88,20.00,2025-01-15 17:35:39,1.0,2.0,649.0,0.0,,,,//arquivos/in/pokemon_bkp/cd/649/678a96b96a5c9-8j52s-8e5pc-4359ccc37706d80d5ae766a57d5be016.jpg
https://www.ligapokemon.com.br/?view=cards/search&card=edid=649%20ed=PRE,PRE,0.17,38.90,6659.0,Earthen Vessel (#106/131),Recipiente Terrestre,C,,106,000000000000106,0.0,0.17,4.07,38.90,2025-01-15 17:35:39,1.0,2.0,649.0,0.0,,,,//arquivos/in/pokemon_bkp/cd/649/678a96bb458c2-n0h1v-0yncp-4359ccc37706d80d5ae766a57d5be016.jpg
https://www.ligapokemon.com.br/?view=cards/search&card=edid=649%20ed=PRE,PRE,0.10,19.47,6918.0,Explorer's Guidance (#107/131),Lideran&ccedil;a do Explorador,C,,107,000000000000107,0.0,0.10,3.38,19.47,2025-01-15 17:35:40,1.0,2.0,649.0,0.0,,,,//arquivos/in/pokemon_bkp/cd/649/678a96bd167f7-mep8u-nw7zk-4359ccc37706d80d5ae766a57d5be016.jpg
https://www.ligapokemon.com.br/?view=cards/search&card=edid=649%20ed=PRE,PRE,0.10,19.90,6993.0,Festival Grounds (#108/131),Pra&ccedil;a de Festas,C,,108,000000000000108,0.0,0.10,3.04,19.90,2025-01-15 17:35:40,1.0,2.0,649.0,0.0,,,,//arquivos/in/pokemon_bkp/cd/649/678a96bee010a-86bdi-iaqo7-4359ccc37706d80d5ae766a57d5be016.jpg
https://www.ligapokemon.com.br/?view=cards/search&card=edid=649%20ed=PRE,PRE,0.12,10.67,7281.0,Friends in Paldea (#109/131),Amigos em Paldea,C,,109,000000000000109,0.0,0.12,2.32,10.67,2025-01-15 17:35:40,1.0,1.0,649.0,0.0,,,,//arquivos/in/pokemon_bkp/cd/649/678a96c0bbd4b-wvgzb-sluy7-4359ccc37706d80d5ae766a57d5be016.jpg
https://www.ligapokemon.com.br/?view=cards/search&card=edid=649%20ed=PRE,PRE,0.10,19.99,7082.0,Glass Trumpet (#110/131),Trompete de Vidro,C,,110,000000000000110,0.0,0.10,2.72,19.99,2025-01-15 17:35:40,1.0,2.0,649.0,0.0,,,,//arquivos/in/pokemon_bkp/cd/649/678a96c2ac437-5vck8-d42iy-4359ccc37706d80d5ae766a57d5be016.jpg
https://www.ligapokemon.com.br/?view=cards/search&card=edid=649%20ed=PRE,PRE,0.08,10.00,7277.0,Haban Berry (#111/131),Fruta Mera&ccedil;&aacute;,C,,111,000000000000111,0.0,0.08,1.46,10.00,2025-01-15 17:35:40,1.0,1.0,649.0,0.0,,,,//arquivos/in/pokemon_bkp/cd/649/678a96c47c34a-gi2wu-9etdy-4359ccc37706d80d5ae766a57d5be016.jpg
https://www.ligapokemon.com.br/?view=cards/search&card=edid=649%20ed=PRE,PRE,0.15,10.00,7279.0,Janine's Secret Art (#112/131),Dom Secreto da Janine,C,,112,000000000000112,0.0,0.15,2.77,10.00,2025-01-15 17:35:40,1.0,2.0,649.0,0.0,,,,//arquivos/in/pokemon_bkp/cd/649/678a96c65a3ee-vyipo-taeq2-4359ccc37706d80d5ae766a57d5be016.jpg
https://www.ligapokemon.com.br/?view=cards/search&card=edid=649%20ed=PRE,PRE,0.09,21.09,6994.0,Kieran (#113/131),Kiran,C,,113,000000000000113,0.0,0.09,2.42,21.09,2025-01-15 17:35:40,1.0,2.0,649.0,0.0,,,,//arquivos/in/pokemon_bkp/cd/649/678a96c83b1d1-eko3q-5w24d-4359ccc37706d80d5ae766a57d5be016.jpg
https://www.ligapokemon.com.br/?view=cards/search&card=edid=649%20ed=PRE,PRE,0.14,11.90,7091.0,Lacey (#114/131),Tarsila,C,,114,000000000000114,0.0,0.14,1.90,11.90,2025-01-15 17:35:41,1.0,2.0,649.0,0.0,,,,//arquivos/in/pokemon_bkp/cd/649/678a96ca18af2-loyfm-w0te9-4359ccc37706d80d5ae766a57d5be016.jpg
https://www.ligapokemon.com.br/?view=cards/search&card=edid=649%20ed=PRE,PRE,0.09,10.00,7289.0,Larry's Skill (#115/131),Talento do Lauro,C,,115,000000000000115,0.0,0.09,1.91,10.00,2025-01-15 17:35:42,1.0,1.0,649.0,0.0,,,,//arquivos/in/pokemon_bkp/cd/649/678a96cbe45ce-at5rv-ysrep-4359ccc37706d80d5ae766a57d5be016.jpg
https://www.ligapokemon.com.br/?view=cards/search&card=edid=649%20ed=PRE,PRE,22.00,40.00,7290.0,Max Rod (#116/131),Vara de Pescar Max,C,,116,000000000000116,0.0,22.00,31.38,40.00,2025-01-15 17:35:42,2.0,9.0,649.0,0.0,,,,//arquivos/in/pokemon_bkp/cd/649/678a96cdb05dc-qpwua-ah6e1-4359ccc37706d80d5ae766a57d5be016.jpg
https://www.ligapokemon.com.br/?view=cards/search&card=edid=649%20ed=PRE,PRE,12.00,55.00,6917.0,Maximum Belt (#117/131),Cintur&atilde;o M&aacute;ximo,C,,117,000000000000117,0.0,12.00,23.18,55.00,2025-01-15 17:35:42,1.0,9.0,649.0,0.0,,,,//arquivos/in/pokemon_bkp/cd/649/678a96cf8728f-m2gx8-z0gwr-4359ccc37706d80d5ae766a57d5be016.jpg
https://www.ligapokemon.com.br/?view=cards/search&card=edid=649%20ed=PRE,PRE,0.10,10.90,6984.0,Ogre's Mask (#118/131),M&aacute;scara do Ogro,C,,118,000000000000118,0.0,0.10,1.51,10.90,2025-01-15 17:35:42,1.0,2.0,649.0,0.0,,,,//arquivos/in/pokemon_bkp/cd/649/678a96d166565-b9dci-3mcny-4359ccc37706d80d5ae766a57d5be016.jpg
https://www.ligapokemon.com.br/?view=cards/search&card=edid=649%20ed=PRE,PRE,4.45,70.00,6932.0,Prime Catcher (#119/131),Pegador Superior,C,,119,000000000000119,0.0,4.45,12.40,70.00,2025-01-15 17:35:42,1.0,9.0,649.0,0.0,,,,//arquivos/in/pokemon_bkp/cd/649/678a96d346f4f-veq8k-jn5ti-4359ccc37706d80d5ae766a57d5be016.jpg
https://www.ligapokemon.com.br/?view=cards/search&card=edid=649%20ed=PRE,PRE,0.10,14.90,6663.0,Professor Sada's Vitality (#120/131),Vitalidade da Professora Arka,C,,120,000000000000120,0.0,0.10,2.83,14.90,2025-01-15 17:35:42,1.0,2.0,649.0,0.0,,,,//arquivos/in/pokemon_bkp/cd/649/678a96d51e669-39o7a-hkf8s-4359ccc37706d80d5ae766a57d5be016.jpg
https://www.ligapokemon.com.br/?view=cards/search&card=edid=649%20ed=PRE,PRE,0.10,19.90,6682.0,Professor Turo's Scenario (#121/131),Hip&oacute;tese do Professor Turo,C,,121,000000000000121,0.0,0.10,4.39,19.90,2025-01-15 17:35:42,1.0,2.0,649.0,0.0,,,,//arquivos/in/pokemon_bkp/cd/649/678a96d7143a1-1wi3t-bne0m-4359ccc37706d80d5ae766a57d5be016.jpg
https://www.ligapokemon.com.br/?view=cards/search&card=edid=649%20ed=PRE,PRE,0.08,24.99,5294.0,Professor's Research: Professor Oak (#122/131),Pesquisa de Professores: Prof. Carvalho,C,,122,000000000000122,0.0,0.08,4.17,24.99,2025-01-15 17:35:42,1.0,1.0,649.0,0.0,,,,//arquivos/in/pokemon_bkp/cd/649/678a96d8e2175-6b1i2-5ol9y-4359ccc37706d80d5ae766a57d5be016.jpg
https://www.ligapokemon.com.br/?view=cards/search&card=edid=649%20ed=PRE,PRE,0.08,14.90,7218.0,Professor's Research: Professor Elm (#123/131),Pesquisa de Professores: Prof. Elm,C,,123,000000000000123,0.0,0.08,4.49,14.90,2025-01-15 17:35:42,1.0,1.0,649.0,0.0,,,,//arquivos/in/pokemon_bkp/cd/649/678a96dac1940-5laus-7pvdc-4359ccc37706d80d5ae766a57d5be016.jpg
https://www.ligapokemon.com.br/?view=cards/search&card=edid=649%20ed=PRE,PRE,0.08,11.99,5812.0,Professor's Research: Professor Rowan (#124/131),Pesquisa de Professores: Prof. Sorveira,C,,124,000000000000124,0.0,0.08,3.00,11.99,2025-01-15 17:35:43,1.0,1.0,649.0,0.0,,,,//arquivos/in/pokemon_bkp/cd/649/678a96dc95a7f-bpwox-87ch1-4359ccc37706d80d5ae766a57d5be016.jpg
https://www.ligapokemon.com.br/?view=cards/search&card=edid=649%20ed=PRE,PRE,0.08,18.99,7220.0,Professor's Research: Professor Sycamore (#125/131),Pesquisa de Professores: Prof. Sycamore,C,,125,000000000000125,0.0,0.08,2.61,18.99,2025-01-15 17:35:44,1.0,1.0,649.0,0.0,,,,//arquivos/in/pokemon_bkp/cd/649/678a96de5c7a9-p1lce-zh48j-4359ccc37706d80d5ae766a57d5be016.jpg
https://www.ligapokemon.com.br/?view=cards/search&card=edid=649%20ed=PRE,PRE,0.08,19.90,6957.0,Rescue Board (#126/131),Skate de Resgate,C,,126,000000000000126,0.0,0.08,2.81,19.90,2025-01-15 17:35:44,1.0,2.0,649.0,0.0,,,,//arquivos/in/pokemon_bkp/cd/649/678a96e029cb3-s9yel-ekds8-4359ccc37706d80d5ae766a57d5be016.jpg
https://www.ligapokemon.com.br/?view=cards/search&card=edid=649%20ed=PRE,PRE,0.09,20.00,7283.0,Roto-Stick (#127/131),Roto-bast&atilde;o,C,,127,000000000000127,0.0,0.09,2.90,20.00,2025-01-15 17:35:44,1.0,1.0,649.0,0.0,,,,//arquivos/in/pokemon_bkp/cd/649/678a96e203fb1-2dykv-axhio-4359ccc37706d80d5ae766a57d5be016.jpg
https://www.ligapokemon.com.br/?view=cards/search&card=edid=649%20ed=PRE,PRE,4.00,25.00,1464.0,Scoop Up Cyclone (#128/131),Recolhida Ciclone,C,,128,000000000000128,0.0,4.00,8.02,25.00,2025-01-15 17:35:44,1.0,9.0,649.0,0.0,,,,//arquivos/in/pokemon_bkp/cd/649/678a96e3d5ea7-8tia7-bvx4c-4359ccc37706d80d5ae766a57d5be016.jpg
https://www.ligapokemon.com.br/?view=cards/search&card=edid=649%20ed=PRE,PRE,6.45,45.00,7087.0,Sparkling Crystal (#129/131),Cristal Cintilante,C,,129,000000000000129,0.0,6.45,14.57,45.00,2025-01-15 17:35:44,1.0,9.0,649.0,0.0,,,,//arquivos/in/pokemon_bkp/cd/649/678a96e5ceef3-f5u3o-okzru-4359ccc37706d80d5ae766a57d5be016.jpg
https://www.ligapokemon.com.br/?view=cards/search&card=edid=649%20ed=PRE,PRE,0.09,11.99,6677.0,Techno Radar (#130/131),Radar Tecnol&oacute;gico,C,,130,000000000000130,0.0,0.09,1.88,11.99,2025-01-15 17:35:44,1.0,2.0,649.0,0.0,,,,//arquivos/in/pokemon_bkp/cd/649/678a96e7b45a1-8e0iw-xy80a-4359ccc37706d80d5ae766a57d5be016.jpg
https://www.ligapokemon.com.br/?view=cards/search&card=edid=649%20ed=PRE,PRE,2.60,24.90,7288.0,Treasure Tracker (#131/131),Rastreador de Tesouros,C,,131,000000000000131,0.0,2.60,7.47,24.90,2025-01-07 18:04:50,1.0,9.0,649.0,0.0,,,,//arquivos/in/pokemon_bkp/cd/649/678a96e9840ac-0tkpv-x1gl2-4359ccc37706d80d5ae766a57d5be016.jpg
https://www.ligapokemon.com.br/?view=cards/search&card=edid=649%20ed=PRE,PRE,4.00,25.00,7280.0,Amarys (#132/131),Amar&iacute;lis,C,,132,000000000000132,0.0,4.00,10.13,25.00,2025-01-15 17:35:44,1.0,7.0,649.0,0.0,,,,//arquivos/in/pokemon_bkp/cd/649/678a96eb788ba-4p3ue-j59dw-4359ccc37706d80d5ae766a57d5be016.jpg
https://www.ligapokemon.com.br/?view=cards/search&card=edid=649%20ed=PRE,PRE,5.00,25.00,6580.0,Atticus (#133/131),&Eacute;rico,C,,133,000000000000133,0.0,5.00,10.47,25.00,2025-01-15 17:35:44,1.0,7.0,649.0,0.0,,,,//arquivos/in/pokemon_bkp/cd/649/678a96ed50f05-dv4is-qkclg-4359ccc37706d80d5ae766a57d5be016.jpg
https://www.ligapokemon.com.br/?view=cards/search&card=edid=649%20ed=PRE,PRE,4.90,20.00,6580.0,Atticus (#134/131),&Eacute;rico,C,,134,000000000000134,0.0,4.90,8.17,20.00,2025-01-15 17:35:45,1.0,7.0,649.0,0.0,,,,//arquivos/in/pokemon_bkp/cd/649/678a96ef2a644-uxaj4-n47j6-4359ccc37706d80d5ae766a57d5be016.jpg
https://www.ligapokemon.com.br/?view=cards/search&card=edid=649%20ed=PRE,PRE,3.90,19.99,6364.0,Brassius (#135/131),Br&aacute;s,C,,135,000000000000135,0.0,3.90,9.73,19.99,2025-01-15 17:35:46,1.0,7.0,649.0,0.0,,,,//arquivos/in/pokemon_bkp/cd/649/678a96f101321-fxn2p-95o06-4359ccc37706d80d5ae766a57d5be016.jpg
https://www.ligapokemon.com.br/?view=cards/search&card=edid=649%20ed=PRE,PRE,9.85,149.90,6919.0,Eri (#136/131),&Ecirc;ri,C,,136,000000000000136,0.0,9.85,19.00,149.90,2025-01-15 17:35:46,1.0,7.0,649.0,0.0,,,,//arquivos/in/pokemon_bkp/cd/649/678a96f2cf159-hzxs4-g312q-4359ccc37706d80d5ae766a57d5be016.jpg
https://www.ligapokemon.com.br/?view=cards/search&card=edid=649%20ed=PRE,PRE,2.00,100.00,7281.0,Friends in Paldea (#137/131),Amigos em Paldea,C,,137,000000000000137,0.0,2.00,26.04,100.00,2025-01-07 18:04:50,1.0,7.0,649.0,0.0,,,,//arquivos/in/pokemon_bkp/cd/649/678a96f4d2dec-m5a7z-htrpf-4359ccc37706d80d5ae766a57d5be016.jpg
https://www.ligapokemon.com.br/?view=cards/search&card=edid=649%20ed=PRE,PRE,5.00,23.99,6452.0,Giacomo (#138/131),Giacomo,C,,138,000000000000138,0.0,5.00,9.08,23.99,2025-01-15 17:35:46,1.0,7.0,649.0,0.0,,,,//arquivos/in/pokemon_bkp/cd/649/678a96f6a7591-bma5u-uo1pr-4359ccc37706d80d5ae766a57d5be016.jpg
https://www.ligapokemon.com.br/?view=cards/search&card=edid=649%20ed=PRE,PRE,5.85,40.50,7289.0,Larry's Skill (#139/131),Talento do Lauro,C,,139,000000000000139,0.0,5.85,11.62,40.50,2025-01-07 18:04:50,1.0,7.0,649.0,0.0,,,,//arquivos/in/pokemon_bkp/cd/649/678a96f8801a4-2mdwo-zmvbc-4359ccc37706d80d5ae766a57d5be016.jpg
https://www.ligapokemon.com.br/?view=cards/search&card=edid=649%20ed=PRE,PRE,8.45,30.00,6665.0,Mela (#140/131),M&eacute;lia,C,,140,000000000000140,0.0,8.45,15.05,30.00,2025-01-15 17:35:47,1.0,7.0,649.0,0.0,,,,//arquivos/in/pokemon_bkp/cd/649/678a96fa5874f-gl8ni-a413m-4359ccc37706d80d5ae766a57d5be016.jpg
https://www.ligapokemon.com.br/?view=cards/search&card=edid=649%20ed=PRE,PRE,4.90,27.00,6574.0,Ortega (#141/131),Ortega,C,,141,000000000000141,0.0,4.90,8.43,27.00,2025-01-15 17:35:47,1.0,7.0,649.0,0.0,,,,//arquivos/in/pokemon_bkp/cd/649/678a96fc32cba-5hzb1-z2v9t-4359ccc37706d80d5ae766a57d5be016.jpg
https://www.ligapokemon.com.br/?view=cards/search&card=edid=649%20ed=PRE,PRE,4.90,29.70,6685.0,Raifort (#142/131),Moira,C,,142,000000000000142,0.0,4.90,10.40,29.70,2025-01-15 17:35:47,1.0,7.0,649.0,0.0,,,,//arquivos/in/pokemon_bkp/cd/649/678a96fe1108b-q4r7w-2j9wg-4359ccc37706d80d5ae766a57d5be016.jpg
https://www.ligapokemon.com.br/?view=cards/search&card=edid=649%20ed=PRE,PRE,3.96,25.00,7207.0,Tyme (#143/131),Tomila,C,,143,000000000000143,0.0,3.96,7.24,25.00,2025-01-15 17:35:47,2.0,7.0,649.0,0.0,,,,//arquivos/in/pokemon_bkp/cd/649/678a97001c224-u2sdo-7gy1k-4359ccc37706d80d5ae766a57d5be016.jpg
https://www.ligapokemon.com.br/?view=cards/search&card=edid=649%20ed=PRE,PRE,789.00,2300.00,7272.0,Leafeon ex (#144/131),Leafeon ex,G,,144,000000000000144,0.0,789.00,1131.74,2300.00,2025-01-15 17:35:47,8.0,18.0,649.0,0.0,,,,//arquivos/in/pokemon_bkp/cd/649/678a97021d36a-uz5yg-g348c-4359ccc37706d80d5ae766a57d5be016.jpg
https://www.ligapokemon.com.br/?view=cards/search&card=edid=649%20ed=PRE,PRE,162.80,349.90,6980.0,Teal Mask Ogerpon ex (#145/131),Ogerpon M&aacute;scara Turquesa ex,G,,145,000000000000145,0.0,162.80,205.67,349.90,2025-01-07 18:04:51,4.0,18.0,649.0,0.0,,,,//arquivos/in/pokemon_bkp/cd/649/678a970429c15-cga3h-wyhbn-4359ccc37706d80d5ae766a57d5be016.jpg
https://www.ligapokemon.com.br/?view=cards/search&card=edid=649%20ed=PRE,PRE,600.00,1399.90,975.0,Flareon ex (#146/131),Flareon ex,R,,146,000000000000146,0.0,600.00,1038.75,1399.90,2025-01-15 17:35:47,6.0,18.0,649.0,0.0,,,,//arquivos/in/pokemon_bkp/cd/649/678a970633e9c-il8a6-741si-4359ccc37706d80d5ae766a57d5be016.jpg
https://www.ligapokemon.com.br/?view=cards/search&card=edid=649%20ed=PRE,PRE,349.90,851.46,7189.0,Ceruledge ex (#147/131),Ceruledge ex,R,,147,000000000000147,0.0,349.90,578.06,851.46,2025-01-07 18:04:51,5.0,18.0,649.0,0.0,,,,//arquivos/in/pokemon_bkp/cd/649/678a97083065d-3ihpz-hymdu-4359ccc37706d80d5ae766a57d5be016.jpg
https://www.ligapokemon.com.br/?view=cards/search&card=edid=649%20ed=PRE,PRE,92.90,199.90,6981.0,Hearthflame Mask Ogerpon ex (#148/131),Ogerpon M&aacute;scara Fornalha ex,R,,148,000000000000148,0.0,92.90,115.15,199.90,2025-01-15 17:35:48,9.0,18.0,649.0,0.0,,,,//arquivos/in/pokemon_bkp/cd/649/678a970a3e3dd-1yukb-qis6y-4359ccc37706d80d5ae766a57d5be016.jpg
https://www.ligapokemon.com.br/?view=cards/search&card=edid=649%20ed=PRE,PRE,500.00,1999.90,977.0,Vaporeon ex (#149/131),Vaporeon ex,W,,149,000000000000149,0.0,500.00,995.65,1999.90,2025-01-15 17:35:49,6.0,18.0,649.0,0.0,,,,//arquivos/in/pokemon_bkp/cd/649/678a970c45955-ex78h-1uy0e-4359ccc37706d80d5ae766a57d5be016.jpg
https://www.ligapokemon.com.br/?view=cards/search&card=edid=649%20ed=PRE,PRE,350.00,1500.00,7273.0,Glaceon ex (#150/131),Glaceon ex,W,,150,000000000000150,0.0,350.00,791.51,1500.00,2025-01-15 17:35:49,5.0,18.0,649.0,0.0,,,,//arquivos/in/pokemon_bkp/cd/649/678a970e4d3c1-f8ebs-2lo1p-4359ccc37706d80d5ae766a57d5be016.jpg
https://www.ligapokemon.com.br/?view=cards/search&card=edid=649%20ed=PRE,PRE,454.90,640.00,6989.0,Palafin ex (#151/131),Palafin ex,W,,151,000000000000151,0.0,454.90,506.73,640.00,2025-01-07 18:04:51,6.0,18.0,649.0,0.0,,,,//arquivos/in/pokemon_bkp/cd/649/678a97104ba72-c36fm-wre4s-4359ccc37706d80d5ae766a57d5be016.jpg
https://www.ligapokemon.com.br/?view=cards/search&card=edid=649%20ed=PRE,PRE,93.90,249.90,6982.0,Wellspring Mask Ogerpon ex (#152/131),Ogerpon M&aacute;scara Nascente ex,W,,152,000000000000152,0.0,93.90,156.69,249.90,2025-01-15 17:35:49,1.0,18.0,649.0,0.0,,,,//arquivos/in/pokemon_bkp/cd/649/678a97125f8e4-7rqt5-7w9fx-4359ccc37706d80d5ae766a57d5be016.jpg
https://www.ligapokemon.com.br/?view=cards/search&card=edid=649%20ed=PRE,PRE,599.00,2900.00,976.0,Jolteon ex (#153/131),Jolteon ex,L,,153,000000000000153,0.0,599.00,833.96,2900.00,2025-01-15 17:35:49,4.0,18.0,649.0,0.0,,,,//arquivos/in/pokemon_bkp/cd/649/678a97145fa9c-qd1tv-3bo9y-4359ccc37706d80d5ae766a57d5be016.jpg
https://www.ligapokemon.com.br/?view=cards/search&card=edid=649%20ed=PRE,PRE,174.90,359.48,6671.0,Iron Hands ex (#154/131),M&atilde;os F&eacute;rreas ex,L,,154,000000000000154,0.0,174.90,284.18,359.48,2025-01-07 18:04:51,2.0,18.0,649.0,0.0,,,,//arquivos/in/pokemon_bkp/cd/649/678a97166fd75-xst3i-ysi6u-4359ccc37706d80d5ae766a57d5be016.jpg
https://www.ligapokemon.com.br/?view=cards/search&card=edid=649%20ed=PRE,PRE,747.00,4800.00,1928.0,Espeon ex (#155/131),Espeon ex,P,,155,000000000000155,0.0,747.00,1252.01,4800.00,2025-01-07 18:04:52,11.0,18.0,649.0,0.0,,,,//arquivos/in/pokemon_bkp/cd/649/678a97184f4b5-pg42k-m3vha-4359ccc37706d80d5ae766a57d5be016.jpg
https://www.ligapokemon.com.br/?view=cards/search&card=edid=649%20ed=PRE,PRE,1079.77,7399.89,7191.0,Sylveon ex (#156/131),Sylveon ex,P,,156,000000000000156,0.0,1079.77,1491.34,7399.89,2025-01-15 17:35:49,16.0,18.0,649.0,0.0,,,,//arquivos/in/pokemon_bkp/cd/649/678a971a4de27-345u1-ur8zi-4359ccc37706d80d5ae766a57d5be016.jpg
https://www.ligapokemon.com.br/?view=cards/search&card=edid=649%20ed=PRE,PRE,188.90,499.90,6672.0,Iron Valiant ex (#157/131),Valentia F&eacute;rrea ex,P,,157,000000000000157,0.0,188.90,262.11,499.90,2025-01-15 17:35:50,5.0,18.0,649.0,0.0,,,,//arquivos/in/pokemon_bkp/cd/649/678a971c4ace3-epo1h-gkix3-4359ccc37706d80d5ae766a57d5be016.jpg
https://www.ligapokemon.com.br/?view=cards/search&card=edid=649%20ed=PRE,PRE,139.00,340.00,6927.0,Iron Crown ex (#158/131),Chifres F&eacute;rreos ex,P,,158,000000000000158,0.0,139.00,200.90,340.00,2025-01-15 17:35:50,3.0,18.0,649.0,0.0,,,,//arquivos/in/pokemon_bkp/cd/649/678a971e5b5e2-bp4ca-d2eru-4359ccc37706d80d5ae766a57d5be016.jpg
https://www.ligapokemon.com.br/?view=cards/search&card=edid=649%20ed=PRE,PRE,117.90,269.90,6654.0,Sandy Shocks ex (#159/131),Choque Areia ex,F,,159,000000000000159,0.0,117.90,184.60,269.90,2025-01-15 17:35:50,1.0,18.0,649.0,0.0,,,,//arquivos/in/pokemon_bkp/cd/649/678a972063d99-s3qa1-4inbs-4359ccc37706d80d5ae766a57d5be016.jpg
https://www.ligapokemon.com.br/?view=cards/search&card=edid=649%20ed=PRE,PRE,138.49,314.90,6983.0,Cornerstone Mask Ogerpon ex (#160/131),Ogerpon M&aacute;scara Alicerce ex,F,,160,000000000000160,0.0,138.49,194.80,314.90,2025-01-15 17:35:50,4.0,18.0,649.0,0.0,,,,//arquivos/in/pokemon_bkp/cd/649/678a972273e9a-di97k-s9db0-4359ccc37706d80d5ae766a57d5be016.jpg
https://www.ligapokemon.com.br/?view=cards/search&card=edid=649%20ed=PRE,PRE,3799.99,10350.00,1935.0,Umbreon ex (#161/131),Umbreon ex,D,,161,000000000000161,0.0,3799.99,5365.09,10350.00,2025-01-07 18:04:52,48.0,18.0,649.0,0.0,,,,//arquivos/in/pokemon_bkp/cd/649/678a97248ee23-7qiav-wb84j-4359ccc37706d80d5ae766a57d5be016.jpg
https://www.ligapokemon.com.br/?view=cards/search&card=edid=649%20ed=PRE,PRE,299.00,679.98,6657.0,Roaring Moon ex (#162/131),Lua Estrondo ex,D,,162,000000000000162,0.0,299.00,483.16,679.98,2025-01-07 18:04:52,4.0,18.0,649.0,0.0,,,,//arquivos/in/pokemon_bkp/cd/649/678a97269c275-f7any-js0a9-4359ccc37706d80d5ae766a57d5be016.jpg
https://www.ligapokemon.com.br/?view=cards/search&card=edid=649%20ed=PRE,PRE,279.99,849.00,7041.0,Pecharunt ex (#163/131),Pecharunt ex,D,,163,000000000000163,0.0,279.99,343.66,849.00,2025-01-15 17:35:50,3.0,18.0,649.0,0.0,,,,//arquivos/in/pokemon_bkp/cd/649/678a9728b0e9c-dx7ut-5w73l-4359ccc37706d80d5ae766a57d5be016.jpg
https://www.ligapokemon.com.br/?view=cards/search&card=edid=649%20ed=PRE,PRE,192.00,449.99,6634.0,Gholdengo ex (#164/131),Gholdengo ex,M,,164,000000000000164,0.0,192.00,268.69,449.99,2025-01-15 17:35:51,2.0,18.0,649.0,0.0,,,,//arquivos/in/pokemon_bkp/cd/649/678a972abd9aa-eyg8z-0n8y9-4359ccc37706d80d5ae766a57d5be016.jpg
https://www.ligapokemon.com.br/?view=cards/search&card=edid=649%20ed=PRE,PRE,429.90,749.99,6990.0,Dragapult ex (#165/131),Dragapult ex,O,,165,000000000000165,0.0,429.90,566.18,749.99,2025-01-07 18:04:52,4.0,18.0,649.0,0.0,,,,//arquivos/in/pokemon_bkp/cd/649/678a972cc9d88-v1r9f-9u3ta-4359ccc37706d80d5ae766a57d5be016.jpg
https://www.ligapokemon.com.br/?view=cards/search&card=edid=649%20ed=PRE,PRE,260.00,999.90,6912.0,Raging Bolt ex (#166/131),Raio F&uacute;ria ex,O,,166,000000000000166,0.0,260.00,327.29,999.90,2025-01-15 17:35:52,7.0,18.0,649.0,0.0,,,,//arquivos/in/pokemon_bkp/cd/649/678a972ed40f8-38p7o-vm386-4359ccc37706d80d5ae766a57d5be016.jpg
https://www.ligapokemon.com.br/?view=cards/search&card=edid=649%20ed=PRE,PRE,339.99,2059.89,7274.0,Eevee ex (#167/131),Eevee ex,C,,167,000000000000167,0.0,339.99,605.73,2059.89,2025-01-15 17:35:52,3.0,18.0,649.0,0.0,,,,//arquivos/in/pokemon_bkp/cd/649/678a9730cb21c-urtwa-8kux3-4359ccc37706d80d5ae766a57d5be016.jpg
https://www.ligapokemon.com.br/?view=cards/search&card=edid=649%20ed=PRE,PRE,275.00,649.99,6965.0,Bloodmoon Ursaluna ex (#168/131),Ursaluna Lua Sangrenta ex,C,,168,000000000000168,0.0,275.00,400.08,649.99,2025-01-15 17:35:52,2.0,18.0,649.0,0.0,,,,//arquivos/in/pokemon_bkp/cd/649/678a9732a24d5-7ch6j-zvkp3-4359ccc37706d80d5ae766a57d5be016.jpg
https://www.ligapokemon.com.br/?view=cards/search&card=edid=649%20ed=PRE,PRE,178.90,467.50,7081.0,Terapagos ex (#169/131),Terapagos ex,C,,169,000000000000169,0.0,178.90,207.88,467.50,2025-01-15 17:35:53,3.0,18.0,649.0,0.0,,,,//arquivos/in/pokemon_bkp/cd/649/678a97349e807-nqk9c-pbnho-4359ccc37706d80d5ae766a57d5be016.jpg
https://www.ligapokemon.com.br/?view=cards/search&card=edid=649%20ed=PRE,PRE,134.75,279.90,7280.0,Amarys (#170/131),Amar&iacute;lis,C,,170,000000000000170,0.0,134.75,225.95,279.90,2025-01-15 17:35:53,1.0,18.0,649.0,0.0,,,,//arquivos/in/pokemon_bkp/cd/649/678a97367c446-iwqax-6xzc3-4359ccc37706d80d5ae766a57d5be016.jpg
https://www.ligapokemon.com.br/?view=cards/search&card=edid=649%20ed=PRE,PRE,269.90,460.00,7090.0,Crispin (#171/131),Pl&iacute;nio,C,,171,000000000000171,0.0,269.90,322.69,460.00,2025-01-15 17:35:53,1.0,18.0,649.0,0.0,,,,//arquivos/in/pokemon_bkp/cd/649/678a97385ccf4-cm9qr-s0ivk-4359ccc37706d80d5ae766a57d5be016.jpg
https://www.ligapokemon.com.br/?view=cards/search&card=edid=649%20ed=PRE,PRE,119.99,299.90,7101.0,Drayton (#172/131),Drayton,C,,172,000000000000172,0.0,119.99,168.70,299.90,2025-01-15 17:35:53,1.0,18.0,649.0,0.0,,,,//arquivos/in/pokemon_bkp/cd/649/678a973a39ad2-vl1sc-052av-4359ccc37706d80d5ae766a57d5be016.jpg
https://www.ligapokemon.com.br/?view=cards/search&card=edid=649%20ed=PRE,PRE,150.00,230.00,7279.0,Janine's Secret Art (#173/131),Dom Secreto da Janine,C,,173,000000000000173,0.0,150.00,168.89,230.00,2025-01-15 17:35:53,1.0,18.0,649.0,0.0,,,,//arquivos/in/pokemon_bkp/cd/649/678a973cebc19-ts71r-1pfzi-4359ccc37706d80d5ae766a57d5be016.jpg
https://www.ligapokemon.com.br/?view=cards/search&card=edid=649%20ed=PRE,PRE,129.85,249.99,6994.0,Kieran (#174/131),Kiran,C,,174,000000000000174,0.0,129.85,214.00,249.99,2025-01-07 18:04:52,1.0,18.0,649.0,0.0,,,,//arquivos/in/pokemon_bkp/cd/649/678a973ee33e6-n6bo2-5c6pz-4359ccc37706d80d5ae766a57d5be016.jpg
https://www.ligapokemon.com.br/?view=cards/search&card=edid=649%20ed=PRE,PRE,130.00,489.00,7091.0,Lacey (#175/131),Tarsila,C,,175,000000000000175,0.0,130.00,177.03,489.00,2025-01-15 17:35:53,3.0,18.0,649.0,0.0,,,,//arquivos/in/pokemon_bkp/cd/649/678a9740e80f2-vkyg3-mp9hu-4359ccc37706d80d5ae766a57d5be016.jpg
https://www.ligapokemon.com.br/?view=cards/search&card=edid=649%20ed=PRE,PRE,34.00,94.58,6923.0,Iron Leaves ex (#176/131),Folhas F&eacute;rreas ex,G,,176,000000000000176,0.0,34.00,53.71,94.58,2025-01-15 17:35:55,1.0,14.0,649.0,0.0,,,,//arquivos/in/pokemon_bkp/cd/649/678a9742e7d58-vlsem-48i01-4359ccc37706d80d5ae766a57d5be016.jpg
https://www.ligapokemon.com.br/?view=cards/search&card=edid=649%20ed=PRE,PRE,50.44,163.98,6980.0,Teal Mask Ogerpon ex (#177/131),Ogerpon M&aacute;scara Turquesa ex,G,,177,000000000000177,0.0,50.44,85.43,163.98,2025-01-15 17:35:55,1.0,14.0,649.0,0.0,,,,//arquivos/in/pokemon_bkp/cd/649/678a9746cbc8c-og3y1-9oh8g-4359ccc37706d80d5ae766a57d5be016.jpg
https://www.ligapokemon.com.br/?view=cards/search&card=edid=649%20ed=PRE,PRE,20.00,119.98,6907.0,Walking Wake ex (#178/131),Onda Ando ex,W,,178,000000000000178,0.0,20.00,43.05,119.98,2025-01-15 17:35:55,3.0,14.0,649.0,0.0,,,,//arquivos/in/pokemon_bkp/cd/649/678a9748a878b-b5nq9-trsw8-4359ccc37706d80d5ae766a57d5be016.jpg
https://www.ligapokemon.com.br/?view=cards/search&card=edid=649%20ed=PRE,PRE,150.00,1099.98,6509.0,Pikachu ex (#179/131),Pikachu ex,L,,179,000000000000179,0.0,150.00,329.27,1099.98,2025-01-15 17:35:55,3.0,14.0,649.0,0.0,,,,//arquivos/in/pokemon_bkp/cd/649/678a974a80e36-k952o-nm0rs-4359ccc37706d80d5ae766a57d5be016.jpg
https://www.ligapokemon.com.br/?view=cards/search&card=edid=649%20ed=PRE,PRE,38.39,195.00,7081.0,Terapagos ex (#180/131),Terapagos ex,C,,180,000000000000180,0.0,38.39,73.83,195.00,2025-01-15 17:35:55,4.0,14.0,649.0,0.0,,,,//arquivos/in/pokemon_bkp/cd/649/678a974c5fcc8-b7hfa-34ha2-4359ccc37706d80d5ae766a57d5be016.jpg
https://www.ligapokemon.com.br/?view=cards/search&card=edid=639%20ed=SSP,SSP,0.14,3.00,531.0,Exeggcute (#001/191),Exeggcute,G,,001,000000000000001,0.0,0.14,0.63,3.00,2024-10-15 19:09:25,0.0,1.0,639.0,0.0,,,,//arquivos/in/pokemon_bkp/cd/639/67350cb46b2b6-25lfb-o6aiz-82ffda375fa28fa9a70a0bb6b0e2b3d6.jpg
https://www.ligapokemon.com.br/?view=cards/search&card=edid=639%20ed=SSP,SSP,0.15,2.50,531.0,Exeggcute (#002/191),Exeggcute,G,,002,000000000000002,0.0,0.15,0.69,2.50,2024-10-15 19:09:25,0.0,1.0,639.0,0.0,,,,//arquivos/in/pokemon_bkp/cd/639/67350cb647db9-27fqh-jnc0w-82ffda375fa28fa9a70a0bb6b0e2b3d6.jpg
https://www.ligapokemon.com.br/?view=cards/search&card=edid=639%20ed=SSP,SSP,0.17,2.50,519.0,Exeggutor (#003/191),Exeggutor,G,,003,000000000000003,0.0,0.17,0.53,2.50,2024-10-15 19:09:25,0.0,2.0,639.0,0.0,,,,//arquivos/in/pokemon_bkp/cd/639/67350cb814428-mtj6y-udne2-82ffda375fa28fa9a70a0bb6b0e2b3d6.jpg
https://www.ligapokemon.com.br/?view=cards/search&card=edid=639%20ed=SSP,SSP,2.97,15.90,7188.0,Durant ex (#004/191),Durant ex,G,,004,000000000000004,0.0,2.97,7.91,15.90,2024-10-15 19:09:26,0.0,20.0,639.0,0.0,,,,//arquivos/in/pokemon_bkp/cd/639/67350cb9dfd4b-nay37-gmvld-82ffda375fa28fa9a70a0bb6b0e2b3d6.jpg
https://www.ligapokemon.com.br/?view=cards/search&card=edid=639%20ed=SSP,SSP,0.13,2.50,572.0,Scatterbug (#005/191),Scatterbug,G,,005,000000000000005,0.0,0.13,0.59,2.50,2024-10-15 19:09:26,0.0,1.0,639.0,0.0,,,,//arquivos/in/pokemon_bkp/cd/639/67350cbbb09ee-orqjb-yq8lh-82ffda375fa28fa9a70a0bb6b0e2b3d6.jpg
https://www.ligapokemon.com.br/?view=cards/search&card=edid=639%20ed=SSP,SSP,0.15,2.50,573.0,Spewpa (#006/191),Spewpa,G,,006,000000000000006,0.0,0.15,0.79,2.50,2024-10-15 19:09:26,0.0,1.0,639.0,0.0,,,,//arquivos/in/pokemon_bkp/cd/639/67350cbd7d6c1-mn83e-1fvh8-82ffda375fa28fa9a70a0bb6b0e2b3d6.jpg
https://www.ligapokemon.com.br/?view=cards/search&card=edid=639%20ed=SSP,SSP,0.13,3.00,574.0,Vivillon (#007/191),Vivillon,G,,007,000000000000007,0.0,0.13,0.58,3.00,2024-10-15 19:09:26,0.0,2.0,639.0,0.0,,,,//arquivos/in/pokemon_bkp/cd/639/67350cbf4e53c-jbgcu-cq1a8-82ffda375fa28fa9a70a0bb6b0e2b3d6.jpg
https://www.ligapokemon.com.br/?view=cards/search&card=edid=639%20ed=SSP,SSP,0.08,3.00,4264.0,Morelull (#008/191),Morelull,G,,008,000000000000008,0.0,0.08,0.68,3.00,2024-10-15 19:09:26,0.0,1.0,639.0,0.0,,,,//arquivos/in/pokemon_bkp/cd/639/67350cc127ee0-e6jv1-ujw2m-82ffda375fa28fa9a70a0bb6b0e2b3d6.jpg
https://www.ligapokemon.com.br/?view=cards/search&card=edid=639%20ed=SSP,SSP,0.16,3.00,4281.0,Shiinotic (#009/191),Shiinotic,G,,009,000000000000009,0.0,0.16,1.19,3.00,2024-10-15 19:09:26,0.0,2.0,639.0,0.0,,,,//arquivos/in/pokemon_bkp/cd/639/67350cc3106ae-mf245-sh910-82ffda375fa28fa9a70a0bb6b0e2b3d6.jpg
https://www.ligapokemon.com.br/?view=cards/search&card=edid=639%20ed=SSP,SSP,0.15,3.00,4346.0,Dhelmise (#010/191),Dhelmise,G,,010,000000000000010,0.0,0.15,0.62,3.00,2024-10-15 19:09:27,0.0,1.0,639.0,0.0,,,,//arquivos/in/pokemon_bkp/cd/639/67350cc4e79e1-uw0t8-7kvez-82ffda375fa28fa9a70a0bb6b0e2b3d6.jpg
https://www.ligapokemon.com.br/?view=cards/search&card=edid=639%20ed=SSP,SSP,0.24,4.99,5250.0,Zarude (#011/191),Zarude,G,,011,000000000000011,0.0,0.24,1.28,4.99,2024-10-15 19:09:28,0.0,3.0,639.0,0.0,,,,//arquivos/in/pokemon_bkp/cd/639/67350cc6d7300-mh46y-pjgnv-82ffda375fa28fa9a70a0bb6b0e2b3d6.jpg
https://www.ligapokemon.com.br/?view=cards/search&card=edid=639%20ed=SSP,SSP,0.15,2.50,6326.0,Capsakid (#012/191),Capsakid,G,,012,000000000000012,0.0,0.15,0.60,2.50,2024-10-15 19:09:29,0.0,1.0,639.0,0.0,,,,//arquivos/in/pokemon_bkp/cd/639/67350cc8add46-ra56d-4xas3-82ffda375fa28fa9a70a0bb6b0e2b3d6.jpg
https://www.ligapokemon.com.br/?view=cards/search&card=edid=639%20ed=SSP,SSP,0.15,2.50,6434.0,Rellor (#013/191),Rellor,G,,013,000000000000013,0.0,0.15,0.49,2.50,2024-10-15 19:09:29,0.0,1.0,639.0,0.0,,,,//arquivos/in/pokemon_bkp/cd/639/67350cca83b3c-eg8bm-2i5cu-82ffda375fa28fa9a70a0bb6b0e2b3d6.jpg
https://www.ligapokemon.com.br/?view=cards/search&card=edid=639%20ed=SSP,SSP,0.24,100.00,6442.0,Rabsca (#014/191),Rabsca,G,,014,000000000000014,0.0,0.24,1.03,100.00,2024-10-15 19:09:29,0.0,3.0,639.0,0.0,,,,//arquivos/in/pokemon_bkp/cd/639/67350ccc75c1b-yutv0-a0wcf-82ffda375fa28fa9a70a0bb6b0e2b3d6.jpg
https://www.ligapokemon.com.br/?view=cards/search&card=edid=639%20ed=SSP,SSP,0.17,3.00,6667.0,Wo-Chien (#015/191),Wo-Chien,G,,015,000000000000015,0.0,0.17,0.61,3.00,2024-10-15 19:09:29,0.0,2.0,639.0,0.0,,,,//arquivos/in/pokemon_bkp/cd/639/67350cce4d3ff-2x6ep-da1i0-82ffda375fa28fa9a70a0bb6b0e2b3d6.jpg
https://www.ligapokemon.com.br/?view=cards/search&card=edid=639%20ed=SSP,SSP,0.15,3.00,36.0,Vulpix (#016/191),Vulpix,R,,016,000000000000016,0.0,0.15,0.53,3.00,2024-10-15 19:09:30,0.0,1.0,639.0,0.0,,,,//arquivos/in/pokemon_bkp/cd/639/67350cd1081ea-v8ze2-wl8ri-82ffda375fa28fa9a70a0bb6b0e2b3d6.jpg
https://www.ligapokemon.com.br/?view=cards/search&card=edid=639%20ed=SSP,SSP,0.17,3.00,37.0,Ninetales (#017/191),Ninetales,R,,017,000000000000017,0.0,0.17,0.58,3.00,2024-10-15 19:09:30,0.0,2.0,639.0,0.0,,,,//arquivos/in/pokemon_bkp/cd/639/67350cd30946c-uf15m-awqk2-82ffda375fa28fa9a70a0bb6b0e2b3d6.jpg
https://www.ligapokemon.com.br/?view=cards/search&card=edid=639%20ed=SSP,SSP,0.17,2.50,6386.0,Paldean Tauros (#018/191),Tauros de Paldea,R,,018,000000000000018,0.0,0.17,0.76,2.50,2024-10-15 19:09:30,0.0,2.0,639.0,0.0,,,,//arquivos/in/pokemon_bkp/cd/639/67350cd507df5-7bqu5-8bt9n-82ffda375fa28fa9a70a0bb6b0e2b3d6.jpg
https://www.ligapokemon.com.br/?view=cards/search&card=edid=639%20ed=SSP,SSP,0.20,4.90,255.0,Ho-Oh (#019/191),Ho-Oh,R,,019,000000000000019,0.0,0.20,0.66,4.90,2024-10-15 19:09:30,1.0,2.0,639.0,0.0,,,,//arquivos/in/pokemon_bkp/cd/639/67350cd7070bc-86ri3-pgnt1-82ffda375fa28fa9a70a0bb6b0e2b3d6.jpg
https://www.ligapokemon.com.br/?view=cards/search&card=edid=639%20ed=SSP,SSP,0.15,3.00,1896.0,Castform Sunny Form (#020/191),Castform Forma Ensolarada,R,,020,000000000000020,0.0,0.15,0.58,3.00,2024-10-15 19:09:30,0.0,1.0,639.0,0.0,,,,//arquivos/in/pokemon_bkp/cd/639/67350cd90ac3f-bnh4f-qzv9m-82ffda375fa28fa9a70a0bb6b0e2b3d6.jpg
https://www.ligapokemon.com.br/?view=cards/search&card=edid=639%20ed=SSP,SSP,0.30,7.99,39.0,Victini (#021/191),Victini,R,,021,000000000000021,0.0,0.30,5.07,7.99,2024-10-15 19:09:31,0.0,2.0,639.0,0.0,,,,//arquivos/in/pokemon_bkp/cd/639/67350cdb0a6ee-owt7v-mis7a-82ffda375fa28fa9a70a0bb6b0e2b3d6.jpg
https://www.ligapokemon.com.br/?view=cards/search&card=edid=639%20ed=SSP,SSP,0.15,3.00,577.0,Pansear (#022/191),Pansear,R,,022,000000000000022,0.0,0.15,0.61,3.00,2024-10-15 19:09:31,0.0,1.0,639.0,0.0,,,,//arquivos/in/pokemon_bkp/cd/639/67350cdcd82e4-c8emf-t1f8w-82ffda375fa28fa9a70a0bb6b0e2b3d6.jpg
https://www.ligapokemon.com.br/?view=cards/search&card=edid=639%20ed=SSP,SSP,0.15,2.50,578.0,Simisear (#023/191),Simisear,R,,023,000000000000023,0.0,0.15,0.55,2.50,2024-10-15 19:09:31,0.0,1.0,639.0,0.0,,,,//arquivos/in/pokemon_bkp/cd/639/67350cdebb445-4ietp-x2fl6-82ffda375fa28fa9a70a0bb6b0e2b3d6.jpg
https://www.ligapokemon.com.br/?view=cards/search&card=edid=639%20ed=SSP,SSP,0.09,3.00,714.0,Larvesta (#024/191),Larvesta,R,,024,000000000000024,0.0,0.09,0.48,3.00,2024-10-15 19:09:31,0.0,1.0,639.0,0.0,,,,//arquivos/in/pokemon_bkp/cd/639/67350ce0a22dd-b9t0i-wo4r0-82ffda375fa28fa9a70a0bb6b0e2b3d6.jpg
https://www.ligapokemon.com.br/?view=cards/search&card=edid=639%20ed=SSP,SSP,0.13,3.00,715.0,Volcarona (#025/191),Volcarona,R,,025,000000000000025,0.0,0.13,0.48,3.00,2024-10-15 19:09:32,0.0,1.0,639.0,0.0,,,,//arquivos/in/pokemon_bkp/cd/639/67350ce2730b9-e6ath-619z0-82ffda375fa28fa9a70a0bb6b0e2b3d6.jpg
https://www.ligapokemon.com.br/?view=cards/search&card=edid=639%20ed=SSP,SSP,0.15,3.00,4317.0,Oricorio (#026/191),Oricorio,R,,026,000000000000026,0.0,0.15,0.58,3.00,2024-10-15 19:09:32,0.0,1.0,639.0,0.0,,,,//arquivos/in/pokemon_bkp/cd/639/67350ce4495e6-2hgj3-aulkt-82ffda375fa28fa9a70a0bb6b0e2b3d6.jpg
https://www.ligapokemon.com.br/?view=cards/search&card=edid=639%20ed=SSP,SSP,0.11,3.00,4977.0,Sizzlipede (#027/191),Sizzlipede,R,,027,000000000000027,0.0,0.11,0.49,3.00,2024-10-15 19:09:32,0.0,1.0,639.0,0.0,,,,//arquivos/in/pokemon_bkp/cd/639/67350ce629a60-s8tuf-in964-82ffda375fa28fa9a70a0bb6b0e2b3d6.jpg
https://www.ligapokemon.com.br/?view=cards/search&card=edid=639%20ed=SSP,SSP,0.15,4.90,4949.0,Centiskorch (#028/191),Centiskorch,R,,028,000000000000028,0.0,0.15,0.59,4.90,2024-10-15 19:09:32,0.0,1.0,639.0,0.0,,,,//arquivos/in/pokemon_bkp/cd/639/67350ce7f179b-1zgwb-01kwy-82ffda375fa28fa9a70a0bb6b0e2b3d6.jpg
https://www.ligapokemon.com.br/?view=cards/search&card=edid=639%20ed=SSP,SSP,0.15,3.00,6354.0,Fuecoco (#029/191),Fuecoco,R,,029,000000000000029,0.0,0.15,0.64,3.00,2024-10-15 19:09:32,0.0,1.0,639.0,0.0,,,,//arquivos/in/pokemon_bkp/cd/639/67350ce9c20cd-07ugl-tzoyx-82ffda375fa28fa9a70a0bb6b0e2b3d6.jpg
https://www.ligapokemon.com.br/?view=cards/search&card=edid=639%20ed=SSP,SSP,0.15,2.50,6387.0,Crocalor (#030/191),Crocalor,R,,030,000000000000030,0.0,0.15,0.63,2.50,2024-10-15 19:09:32,0.0,1.0,639.0,0.0,,,,//arquivos/in/pokemon_bkp/cd/639/67350ceb9b8b6-yma7d-8vucl-82ffda375fa28fa9a70a0bb6b0e2b3d6.jpg
https://www.ligapokemon.com.br/?view=cards/search&card=edid=639%20ed=SSP,SSP,0.30,100.00,6419.0,Skeledirge (#031/191),Skeledirge,R,,031,000000000000031,0.0,0.30,1.09,100.00,2024-10-15 19:09:33,0.0,3.0,639.0,0.0,,,,//arquivos/in/pokemon_bkp/cd/639/67350ced778b4-w9kxe-s0ewr-82ffda375fa28fa9a70a0bb6b0e2b3d6.jpg
https://www.ligapokemon.com.br/?view=cards/search&card=edid=639%20ed=SSP,SSP,0.20,3.50,6294.0,Charcadet (#032/191),Charcadet,R,,032,000000000000032,0.0,0.20,1.25,3.50,2024-10-15 19:09:34,0.0,1.0,639.0,0.0,,,,//arquivos/in/pokemon_bkp/cd/639/67350cef562ad-owvr4-74gwa-82ffda375fa28fa9a70a0bb6b0e2b3d6.jpg
https://www.ligapokemon.com.br/?view=cards/search&card=edid=639%20ed=SSP,SSP,0.15,5.90,6294.0,Charcadet (#033/191),Charcadet,R,,033,000000000000033,0.0,0.15,0.94,5.90,2024-10-15 19:09:34,0.0,1.0,639.0,0.0,,,,//arquivos/in/pokemon_bkp/cd/639/67350cf130d4e-ln3qo-a26vy-82ffda375fa28fa9a70a0bb6b0e2b3d6.jpg
https://www.ligapokemon.com.br/?view=cards/search&card=edid=639%20ed=SSP,SSP,0.16,2.90,6295.0,Armarouge (#034/191),Armarouge,R,,034,000000000000034,0.0,0.16,0.73,2.90,2024-10-15 19:09:34,0.0,2.0,639.0,0.0,,,,//arquivos/in/pokemon_bkp/cd/639/67350cf30a01f-rjvnl-rtgne-82ffda375fa28fa9a70a0bb6b0e2b3d6.jpg
https://www.ligapokemon.com.br/?view=cards/search&card=edid=639%20ed=SSP,SSP,0.20,3.00,6460.0,Ceruledge (#035/191),Ceruledge,R,,035,000000000000035,0.0,0.20,0.73,3.00,2024-10-15 19:09:34,0.0,2.0,639.0,0.0,,,,//arquivos/in/pokemon_bkp/cd/639/67350cf4d3b1a-qaupk-guihs-82ffda375fa28fa9a70a0bb6b0e2b3d6.jpg
https://www.ligapokemon.com.br/?view=cards/search&card=edid=639%20ed=SSP,SSP,29.50,89.90,7189.0,Ceruledge ex (#036/191),Ceruledge ex,R,,036,000000000000036,0.0,29.50,45.68,89.90,2024-10-15 19:09:34,27.0,20.0,639.0,0.0,,,,//arquivos/in/pokemon_bkp/cd/639/67350cf6abf45-782w0-tqiku-82ffda375fa28fa9a70a0bb6b0e2b3d6.jpg
https://www.ligapokemon.com.br/?view=cards/search&card=edid=639%20ed=SSP,SSP,4.75,14.90,6582.0,Scovillain ex (#037/191),Scovillain ex,R,,037,000000000000037,0.0,4.75,8.61,14.90,2024-10-15 19:09:34,0.0,20.0,639.0,0.0,,,,//arquivos/in/pokemon_bkp/cd/639/67350cf88255f-mvwst-w0tg4-82ffda375fa28fa9a70a0bb6b0e2b3d6.jpg
https://www.ligapokemon.com.br/?view=cards/search&card=edid=639%20ed=SSP,SSP,0.20,100.00,7098.0,Gouging Fire (#038/191),Fogo Corros&atilde;o,R,,038,000000000000038,0.0,0.20,1.34,100.00,2024-10-15 19:09:34,0.0,3.0,639.0,0.0,,,,//arquivos/in/pokemon_bkp/cd/639/67350cfa4585d-rdyh9-e3c8u-82ffda375fa28fa9a70a0bb6b0e2b3d6.jpg
https://www.ligapokemon.com.br/?view=cards/search&card=edid=639%20ed=SSP,SSP,0.16,3.00,6386.0,Paldean Tauros (#039/191),Tauros de Paldea,W,,039,000000000000039,0.0,0.16,0.79,3.00,2024-10-15 19:09:35,0.0,2.0,639.0,0.0,,,,//arquivos/in/pokemon_bkp/cd/639/67350cfc1e63d-vtqdg-qon1v-82ffda375fa28fa9a70a0bb6b0e2b3d6.jpg
https://www.ligapokemon.com.br/?view=cards/search&card=edid=639%20ed=SSP,SSP,0.15,2.50,1042.0,Mantine (#040/191),Mantine,W,,040,000000000000040,0.0,0.15,0.51,2.50,2024-10-15 19:09:35,0.0,1.0,639.0,0.0,,,,//arquivos/in/pokemon_bkp/cd/639/67350cfde369c-5b0vi-zdusm-82ffda375fa28fa9a70a0bb6b0e2b3d6.jpg
https://www.ligapokemon.com.br/?view=cards/search&card=edid=639%20ed=SSP,SSP,0.09,3.00,206.0,Feebas (#041/191),Feebas,W,,041,000000000000041,0.0,0.09,0.59,3.00,2024-10-15 19:09:36,0.0,1.0,639.0,0.0,,,,//arquivos/in/pokemon_bkp/cd/639/67350cffbbc81-86zqg-j9hwz-82ffda375fa28fa9a70a0bb6b0e2b3d6.jpg
https://www.ligapokemon.com.br/?view=cards/search&card=edid=639%20ed=SSP,SSP,6.90,58.00,1781.0,Milotic ex (#042/191),Milotic ex,W,,042,000000000000042,0.0,6.90,12.99,58.00,2024-10-15 19:09:36,1.0,20.0,639.0,0.0,,,,//arquivos/in/pokemon_bkp/cd/639/67350d0190673-hycr9-2f05w-82ffda375fa28fa9a70a0bb6b0e2b3d6.jpg
https://www.ligapokemon.com.br/?view=cards/search&card=edid=639%20ed=SSP,SSP,0.15,3.00,456.0,Spheal (#043/191),Spheal,W,,043,000000000000043,0.0,0.15,1.07,3.00,2024-10-15 19:09:36,0.0,1.0,639.0,0.0,,,,//arquivos/in/pokemon_bkp/cd/639/67350d037b245-4be7y-nbv7e-82ffda375fa28fa9a70a0bb6b0e2b3d6.jpg
https://www.ligapokemon.com.br/?view=cards/search&card=edid=639%20ed=SSP,SSP,0.15,3.00,442.0,Sealeo (#044/191),Sealeo,W,,044,000000000000044,0.0,0.15,0.65,3.00,2024-10-15 19:09:37,0.0,1.0,639.0,0.0,,,,//arquivos/in/pokemon_bkp/cd/639/67350d054a484-bro0s-tpd8i-82ffda375fa28fa9a70a0bb6b0e2b3d6.jpg
https://www.ligapokemon.com.br/?view=cards/search&card=edid=639%20ed=SSP,SSP,0.18,2.50,1127.0,Walrein (#045/191),Walrein,W,,045,000000000000045,0.0,0.18,0.69,2.50,2024-10-15 19:09:37,0.0,2.0,639.0,0.0,,,,//arquivos/in/pokemon_bkp/cd/639/67350d071d46e-go3eq-64afd-82ffda375fa28fa9a70a0bb6b0e2b3d6.jpg
https://www.ligapokemon.com.br/?view=cards/search&card=edid=639%20ed=SSP,SSP,0.13,2.50,4181.0,Shellos (#046/191),Shellos,W,,046,000000000000046,0.0,0.13,0.64,2.50,2024-10-15 19:09:37,0.0,1.0,639.0,0.0,,,,//arquivos/in/pokemon_bkp/cd/639/67350d08eab17-0ma6l-f6rok-82ffda375fa28fa9a70a0bb6b0e2b3d6.jpg
https://www.ligapokemon.com.br/?view=cards/search&card=edid=639%20ed=SSP,SSP,0.09,2.50,815.0,Cryogonal (#047/191),Cryogonal,W,,047,000000000000047,0.0,0.09,0.46,2.50,2024-10-15 19:09:37,0.0,1.0,639.0,0.0,,,,//arquivos/in/pokemon_bkp/cd/639/67350d0abe733-wfduh-xrvzk-82ffda375fa28fa9a70a0bb6b0e2b3d6.jpg
https://www.ligapokemon.com.br/?view=cards/search&card=edid=639%20ed=SSP,SSP,4.95,14.90,7114.0,Black Kyurem ex (#048/191),Kyurem Preto ex,W,,048,000000000000048,0.0,4.95,9.63,14.90,2024-10-15 19:09:38,0.0,20.0,639.0,0.0,,,,//arquivos/in/pokemon_bkp/cd/639/67350d0c932c0-nbix6-mfcyd-82ffda375fa28fa9a70a0bb6b0e2b3d6.jpg
https://www.ligapokemon.com.br/?view=cards/search&card=edid=639%20ed=SSP,SSP,0.21,3.00,4240.0,Bruxish (#049/191),Bruxish,W,,049,000000000000049,0.0,0.21,0.65,3.00,2024-10-15 19:09:38,0.0,2.0,639.0,0.0,,,,//arquivos/in/pokemon_bkp/cd/639/67350d0e6b121-gaszc-d503q-82ffda375fa28fa9a70a0bb6b0e2b3d6.jpg
https://www.ligapokemon.com.br/?view=cards/search&card=edid=639%20ed=SSP,SSP,0.12,3.00,6355.0,Quaxly (#050/191),Quaxly,W,,050,000000000000050,0.0,0.12,0.42,3.00,2024-10-15 19:09:38,0.0,1.0,639.0,0.0,,,,//arquivos/in/pokemon_bkp/cd/639/67350d10487bf-35bzj-u4rwd-82ffda375fa28fa9a70a0bb6b0e2b3d6.jpg
https://www.ligapokemon.com.br/?view=cards/search&card=edid=639%20ed=SSP,SSP,0.15,3.00,6389.0,Quaxwell (#051/191),Quaxwell,W,,051,000000000000051,0.0,0.15,0.65,3.00,2024-10-15 19:09:39,0.0,1.0,639.0,0.0,,,,//arquivos/in/pokemon_bkp/cd/639/67350d12183c1-0hrlz-klg0x-82ffda375fa28fa9a70a0bb6b0e2b3d6.jpg
https://www.ligapokemon.com.br/?view=cards/search&card=edid=639%20ed=SSP,SSP,0.17,3.90,6356.0,Quaquaval (#052/191),Quaquaval,W,,052,000000000000052,0.0,0.17,0.81,3.90,2024-10-15 19:09:39,0.0,2.0,639.0,0.0,,,,//arquivos/in/pokemon_bkp/cd/639/67350d13e8291-iva1m-x64tn-82ffda375fa28fa9a70a0bb6b0e2b3d6.jpg
https://www.ligapokemon.com.br/?view=cards/search&card=edid=639%20ed=SSP,SSP,0.15,3.00,6328.0,Cetoddle (#053/191),Cetoddle,W,,053,000000000000053,0.0,0.15,0.61,3.00,2024-10-15 19:09:39,0.0,1.0,639.0,0.0,,,,//arquivos/in/pokemon_bkp/cd/639/67350d15b8956-4zo2c-toi7k-82ffda375fa28fa9a70a0bb6b0e2b3d6.jpg
https://www.ligapokemon.com.br/?view=cards/search&card=edid=639%20ed=SSP,SSP,0.15,3.00,6329.0,Cetitan (#054/191),Cetitan,W,,054,000000000000054,0.0,0.15,0.65,3.00,2024-10-15 19:09:40,0.0,1.0,639.0,0.0,,,,//arquivos/in/pokemon_bkp/cd/639/67350d178c55f-zlyac-hretx-82ffda375fa28fa9a70a0bb6b0e2b3d6.jpg
https://www.ligapokemon.com.br/?view=cards/search&card=edid=639%20ed=SSP,SSP,0.17,3.00,6669.0,Iron Bundle (#055/191),Pacote F&eacute;rreo,W,,055,000000000000055,0.0,0.17,0.95,3.00,2024-10-15 19:09:40,0.0,2.0,639.0,0.0,,,,//arquivos/in/pokemon_bkp/cd/639/67350d196659a-ogzmb-8s1ry-82ffda375fa28fa9a70a0bb6b0e2b3d6.jpg
https://www.ligapokemon.com.br/?view=cards/search&card=edid=639%20ed=SSP,SSP,0.34,100.00,6670.0,Chien-Pao (#056/191),Chien-Pao,W,,056,000000000000056,0.0,0.34,8.31,100.00,2024-10-15 19:09:40,0.0,3.0,639.0,0.0,,,,//arquivos/in/pokemon_bkp/cd/639/67350d1b3e49d-oq83z-0rohe-82ffda375fa28fa9a70a0bb6b0e2b3d6.jpg
https://www.ligapokemon.com.br/?view=cards/search&card=edid=639%20ed=SSP,SSP,34.99,99.90,6509.0,Pikachu ex (#057/191),Pikachu ex,L,,057,000000000000057,0.0,34.99,51.78,99.90,2024-10-15 19:09:40,2.0,20.0,639.0,0.0,,,,//arquivos/in/pokemon_bkp/cd/639/67350d1d1652a-bxc8f-1jrpq-82ffda375fa28fa9a70a0bb6b0e2b3d6.jpg
https://www.ligapokemon.com.br/?view=cards/search&card=edid=639%20ed=SSP,SSP,0.15,2.90,453.0,Magnemite (#058/191),Magnemite,L,,058,000000000000058,0.0,0.15,0.75,2.90,2024-10-15 19:09:40,0.0,1.0,639.0,0.0,,,,//arquivos/in/pokemon_bkp/cd/639/67350d1f99b66-t2jm6-zhwx6-82ffda375fa28fa9a70a0bb6b0e2b3d6.jpg
https://www.ligapokemon.com.br/?view=cards/search&card=edid=639%20ed=SSP,SSP,0.20,5.00,431.0,Magneton (#059/191),Magneton,L,,059,000000000000059,0.0,0.20,1.33,5.00,2024-10-15 19:09:40,0.0,2.0,639.0,0.0,,,,//arquivos/in/pokemon_bkp/cd/639/67350d216cd4e-j23bu-zq382-82ffda375fa28fa9a70a0bb6b0e2b3d6.jpg
https://www.ligapokemon.com.br/?view=cards/search&card=edid=639%20ed=SSP,SSP,0.16,2.50,662.0,Magnezone (#060/191),Magnezone,L,,060,000000000000060,0.0,0.16,0.70,2.50,2024-10-15 19:09:40,0.0,2.0,639.0,0.0,,,,//arquivos/in/pokemon_bkp/cd/639/67350d234f18f-ymz1p-2j30d-82ffda375fa28fa9a70a0bb6b0e2b3d6.jpg
https://www.ligapokemon.com.br/?view=cards/search&card=edid=639%20ed=SSP,SSP,0.13,3.00,5.0,Rotom (#061/191),Rotom,L,,061,000000000000061,0.0,0.13,0.61,3.00,2024-10-15 19:09:41,0.0,1.0,639.0,0.0,,,,//arquivos/in/pokemon_bkp/cd/639/67350d25263ea-l1x6g-nwldb-82ffda375fa28fa9a70a0bb6b0e2b3d6.jpg
https://www.ligapokemon.com.br/?view=cards/search&card=edid=639%20ed=SSP,SSP,0.12,3.00,245.0,Blitzle (#062/191),Blitzle,L,,062,000000000000062,0.0,0.12,0.59,3.00,2024-10-15 19:09:42,0.0,1.0,639.0,0.0,,,,//arquivos/in/pokemon_bkp/cd/639/67350d26f3b73-89qtn-q1j32-82ffda375fa28fa9a70a0bb6b0e2b3d6.jpg
https://www.ligapokemon.com.br/?view=cards/search&card=edid=639%20ed=SSP,SSP,0.13,3.00,816.0,Zebstrika (#063/191),Zebstrika,L,,063,000000000000063,0.0,0.13,0.48,3.00,2024-10-15 19:09:42,0.0,1.0,639.0,0.0,,,,//arquivos/in/pokemon_bkp/cd/639/67350d28d8157-sxh9n-iuoka-82ffda375fa28fa9a70a0bb6b0e2b3d6.jpg
https://www.ligapokemon.com.br/?view=cards/search&card=edid=639%20ed=SSP,SSP,0.15,3.00,95.0,Stunfisk (#064/191),Stunfisk,L,,064,000000000000064,0.0,0.15,0.93,3.00,2024-10-15 19:09:42,0.0,1.0,639.0,0.0,,,,//arquivos/in/pokemon_bkp/cd/639/67350d2aa5714-lk19j-qouai-82ffda375fa28fa9a70a0bb6b0e2b3d6.jpg
https://www.ligapokemon.com.br/?view=cards/search&card=edid=639%20ed=SSP,SSP,0.30,4.99,4368.0,Tapu Koko (#065/191),Tapu Koko,L,,065,000000000000065,0.0,0.30,1.00,4.99,2024-10-15 19:09:42,0.0,3.0,639.0,0.0,,,,//arquivos/in/pokemon_bkp/cd/639/67350d2c7d9b0-ju5yt-ngjtd-82ffda375fa28fa9a70a0bb6b0e2b3d6.jpg
https://www.ligapokemon.com.br/?view=cards/search&card=edid=639%20ed=SSP,SSP,0.15,2.50,6300.0,Wattrel (#066/191),Wattrel,L,,066,000000000000066,0.0,0.15,0.55,2.50,2024-10-15 19:09:42,0.0,1.0,639.0,0.0,,,,//arquivos/in/pokemon_bkp/cd/639/67350d2e6c0b7-va30n-vphb4-82ffda375fa28fa9a70a0bb6b0e2b3d6.jpg
https://www.ligapokemon.com.br/?view=cards/search&card=edid=639%20ed=SSP,SSP,0.21,2.50,6301.0,Kilowattrel (#067/191),Kilowattrel,L,,067,000000000000067,0.0,0.21,0.82,2.50,2024-10-15 19:09:42,0.0,2.0,639.0,0.0,,,,//arquivos/in/pokemon_bkp/cd/639/67350d3038bbc-nj6qa-c6qp0-82ffda375fa28fa9a70a0bb6b0e2b3d6.jpg
https://www.ligapokemon.com.br/?view=cards/search&card=edid=639%20ed=SSP,SSP,4.32,14.90,7190.0,Kilowattrel ex (#068/191),Kilowattrel ex,L,,068,000000000000068,0.0,4.32,7.74,14.90,2024-10-15 19:09:42,0.0,20.0,639.0,0.0,,,,//arquivos/in/pokemon_bkp/cd/639/67350d320e80d-epsa5-gzmid-82ffda375fa28fa9a70a0bb6b0e2b3d6.jpg
https://www.ligapokemon.com.br/?view=cards/search&card=edid=639%20ed=SSP,SSP,0.20,3.00,6357.0,Miraidon (#069/191),Miraidon,L,,069,000000000000069,0.0,0.20,0.99,3.00,2024-10-15 19:09:43,1.0,2.0,639.0,0.0,,,,//arquivos/in/pokemon_bkp/cd/639/67350d33e421c-itkp6-y56dp-82ffda375fa28fa9a70a0bb6b0e2b3d6.jpg
https://www.ligapokemon.com.br/?view=cards/search&card=edid=639%20ed=SSP,SSP,0.15,3.00,225.0,Togepi (#070/191),Togepi,P,,070,000000000000070,0.0,0.15,0.64,3.00,2024-10-15 19:09:43,0.0,1.0,639.0,0.0,,,,//arquivos/in/pokemon_bkp/cd/639/67350d35b997e-6h7w2-6r8xp-82ffda375fa28fa9a70a0bb6b0e2b3d6.jpg
https://www.ligapokemon.com.br/?view=cards/search&card=edid=639%20ed=SSP,SSP,0.20,3.00,194.0,Togetic (#071/191),Togetic,P,,071,000000000000071,0.0,0.20,0.71,3.00,2024-10-15 19:09:44,0.0,1.0,639.0,0.0,,,,//arquivos/in/pokemon_bkp/cd/639/67350d37842f6-sq718-h9v0t-82ffda375fa28fa9a70a0bb6b0e2b3d6.jpg
https://www.ligapokemon.com.br/?view=cards/search&card=edid=639%20ed=SSP,SSP,0.30,100.00,154.0,Togekiss (#072/191),Togekiss,P,,072,000000000000072,0.0,0.30,1.48,100.00,2024-10-15 19:09:44,0.0,3.0,639.0,0.0,,,,//arquivos/in/pokemon_bkp/cd/639/67350d395122c-1yzls-sxqfw-82ffda375fa28fa9a70a0bb6b0e2b3d6.jpg
https://www.ligapokemon.com.br/?view=cards/search&card=edid=639%20ed=SSP,SSP,0.13,3.00,843.0,Marill (#073/191),Marill,P,,073,000000000000073,0.0,0.13,0.61,3.00,2024-10-15 19:09:44,0.0,1.0,639.0,0.0,,,,//arquivos/in/pokemon_bkp/cd/639/67350d3b220b4-dpis4-sdz64-82ffda375fa28fa9a70a0bb6b0e2b3d6.jpg
https://www.ligapokemon.com.br/?view=cards/search&card=edid=639%20ed=SSP,SSP,0.16,3.00,838.0,Azumarill (#074/191),Azumarill,P,,074,000000000000074,0.0,0.16,1.12,3.00,2024-10-15 19:09:45,0.0,2.0,639.0,0.0,,,,//arquivos/in/pokemon_bkp/cd/639/67350d3cea6e7-49doc-qszt5-82ffda375fa28fa9a70a0bb6b0e2b3d6.jpg
https://www.ligapokemon.com.br/?view=cards/search&card=edid=639%20ed=SSP,SSP,0.24,3.00,304.0,Smoochum (#075/191),Smoochum,P,,075,000000000000075,0.0,0.24,0.81,3.00,2024-10-15 19:09:45,0.0,1.0,639.0,0.0,,,,//arquivos/in/pokemon_bkp/cd/639/67350d3ec630a-sba5q-rgwnd-82ffda375fa28fa9a70a0bb6b0e2b3d6.jpg
https://www.ligapokemon.com.br/?view=cards/search&card=edid=639%20ed=SSP,SSP,49.99,94.91,1541.0,Latias ex (#076/191),Latias ex,P,,076,000000000000076,0.0,49.99,61.99,94.91,2024-10-15 19:09:45,0.0,20.0,639.0,0.0,,,,//arquivos/in/pokemon_bkp/cd/639/67350d4087713-e03xi-j0dum-82ffda375fa28fa9a70a0bb6b0e2b3d6.jpg
https://www.ligapokemon.com.br/?view=cards/search&card=edid=639%20ed=SSP,SSP,0.20,2.00,165.0,Latios (#077/191),Latios,P,,077,000000000000077,0.0,0.20,0.78,2.00,2024-10-15 19:09:45,1.0,2.0,639.0,0.0,,,,//arquivos/in/pokemon_bkp/cd/639/67350d425ce1f-7m3wx-1n9j0-82ffda375fa28fa9a70a0bb6b0e2b3d6.jpg
https://www.ligapokemon.com.br/?view=cards/search&card=edid=639%20ed=SSP,SSP,0.20,3.00,1124.0,Uxie (#078/191),Uxie,P,,078,000000000000078,0.0,0.20,1.61,3.00,2024-10-15 19:09:45,0.0,1.0,639.0,0.0,,,,//arquivos/in/pokemon_bkp/cd/639/67350d4433848-teu8c-ia2dm-82ffda375fa28fa9a70a0bb6b0e2b3d6.jpg
https://www.ligapokemon.com.br/?view=cards/search&card=edid=639%20ed=SSP,SSP,0.15,3.00,1123.0,Mesprit (#079/191),Mesprit,P,,079,000000000000079,0.0,0.15,0.95,3.00,2024-10-15 19:09:45,0.0,1.0,639.0,0.0,,,,//arquivos/in/pokemon_bkp/cd/639/67350d4603a4f-ru2is-cynmt-82ffda375fa28fa9a70a0bb6b0e2b3d6.jpg
https://www.ligapokemon.com.br/?view=cards/search&card=edid=639%20ed=SSP,SSP,0.20,2.99,1121.0,Azelf (#080/191),Azelf,P,,080,000000000000080,0.0,0.20,0.67,2.99,2024-10-15 19:09:45,0.0,1.0,639.0,0.0,,,,//arquivos/in/pokemon_bkp/cd/639/67350d47d20ed-fh0ne-rxjon-82ffda375fa28fa9a70a0bb6b0e2b3d6.jpg
https://www.ligapokemon.com.br/?view=cards/search&card=edid=639%20ed=SSP,SSP,0.15,3.00,80.0,Sigilyph (#081/191),Sigilyph,P,,081,000000000000081,0.0,0.15,0.65,3.00,2024-10-15 19:09:46,0.0,1.0,639.0,0.0,,,,//arquivos/in/pokemon_bkp/cd/639/67350d49bdfda-di29f-db5a4-82ffda375fa28fa9a70a0bb6b0e2b3d6.jpg
https://www.ligapokemon.com.br/?view=cards/search&card=edid=639%20ed=SSP,SSP,0.10,3.00,727.0,Yamask (#082/191),Yamask,P,,082,000000000000082,0.0,0.10,0.78,3.00,2024-10-15 19:09:47,0.0,1.0,639.0,0.0,,,,//arquivos/in/pokemon_bkp/cd/639/67350d4b97c6d-sefym-r4toy-82ffda375fa28fa9a70a0bb6b0e2b3d6.jpg
https://www.ligapokemon.com.br/?view=cards/search&card=edid=639%20ed=SSP,SSP,0.26,100.00,728.0,Cofagrigus (#083/191),Cofagrigus,P,,083,000000000000083,0.0,0.26,1.06,100.00,2024-10-15 19:09:47,0.0,3.0,639.0,0.0,,,,//arquivos/in/pokemon_bkp/cd/639/67350d4d6c34e-fwh8c-e8dbs-82ffda375fa28fa9a70a0bb6b0e2b3d6.jpg
https://www.ligapokemon.com.br/?view=cards/search&card=edid=639%20ed=SSP,SSP,0.14,2.50,1957.0,Espurr (#084/191),Espurr,P,,084,000000000000084,0.0,0.14,0.66,2.50,2024-10-15 19:09:47,0.0,1.0,639.0,0.0,,,,//arquivos/in/pokemon_bkp/cd/639/67350d4f3b265-gvkn9-1fupc-82ffda375fa28fa9a70a0bb6b0e2b3d6.jpg
https://www.ligapokemon.com.br/?view=cards/search&card=edid=639%20ed=SSP,SSP,0.20,2.50,1690.0,Meowstic (#085/191),Meowstic,P,,085,000000000000085,0.0,0.20,0.66,2.50,2024-10-15 19:09:48,0.0,2.0,639.0,0.0,,,,//arquivos/in/pokemon_bkp/cd/639/67350d51170e4-qjubc-scbk1-82ffda375fa28fa9a70a0bb6b0e2b3d6.jpg
https://www.ligapokemon.com.br/?view=cards/search&card=edid=639%20ed=SSP,SSP,24.00,44.90,7191.0,Sylveon ex (#086/191),Sylveon ex,P,,086,000000000000086,0.0,24.00,27.26,44.90,2024-10-15 19:09:48,0.0,20.0,639.0,0.0,,,,//arquivos/in/pokemon_bkp/cd/639/67350d5311d84-d6tey-bj791-82ffda375fa28fa9a70a0bb6b0e2b3d6.jpg
https://www.ligapokemon.com.br/?view=cards/search&card=edid=639%20ed=SSP,SSP,0.09,3.00,1172.0,Dedenne (#087/191),Dedenne,P,,087,000000000000087,0.0,0.09,0.46,3.00,2024-10-15 19:09:49,0.0,1.0,639.0,0.0,,,,//arquivos/in/pokemon_bkp/cd/639/67350d54dfe66-7xpk5-ks5ma-82ffda375fa28fa9a70a0bb6b0e2b3d6.jpg
https://www.ligapokemon.com.br/?view=cards/search&card=edid=639%20ed=SSP,SSP,0.20,3.00,621.0,Xerneas (#088/191),Xerneas,P,,088,000000000000088,0.0,0.20,0.72,3.00,2024-10-15 19:09:49,1.0,2.0,639.0,0.0,,,,//arquivos/in/pokemon_bkp/cd/639/67350d56b16f5-6jf8m-2t6ci-82ffda375fa28fa9a70a0bb6b0e2b3d6.jpg
https://www.ligapokemon.com.br/?view=cards/search&card=edid=639%20ed=SSP,SSP,0.15,3.00,4317.0,Oricorio (#089/191),Oricorio,P,,089,000000000000089,0.0,0.15,0.79,3.00,2024-10-15 19:09:49,0.0,1.0,639.0,0.0,,,,//arquivos/in/pokemon_bkp/cd/639/67350d589b766-xzigc-6agup-82ffda375fa28fa9a70a0bb6b0e2b3d6.jpg
https://www.ligapokemon.com.br/?view=cards/search&card=edid=639%20ed=SSP,SSP,0.08,2.50,4280.0,Sandygast (#090/191),Sandygast,P,,090,000000000000090,0.0,0.08,0.55,2.50,2024-10-15 19:09:49,0.0,1.0,639.0,0.0,,,,//arquivos/in/pokemon_bkp/cd/639/67350d5a62ce8-vd5rh-qa1tp-82ffda375fa28fa9a70a0bb6b0e2b3d6.jpg
https://www.ligapokemon.com.br/?view=cards/search&card=edid=639%20ed=SSP,SSP,5.20,14.90,7171.0,Palossand ex (#091/191),Palossand ex,P,,091,000000000000091,0.0,5.20,8.01,14.90,2024-10-15 19:09:51,0.0,20.0,639.0,0.0,,,,//arquivos/in/pokemon_bkp/cd/639/67350d5c471b0-c6oud-wfr95-82ffda375fa28fa9a70a0bb6b0e2b3d6.jpg
https://www.ligapokemon.com.br/?view=cards/search&card=edid=639%20ed=SSP,SSP,0.32,6.00,4406.0,Tapu Lele (#092/191),Tapu Lele,P,,092,000000000000092,0.0,0.32,1.38,6.00,2024-10-15 19:09:51,0.0,3.0,639.0,0.0,,,,//arquivos/in/pokemon_bkp/cd/639/67350d5e1ee88-vy14h-uzalk-82ffda375fa28fa9a70a0bb6b0e2b3d6.jpg
https://www.ligapokemon.com.br/?view=cards/search&card=edid=639%20ed=SSP,SSP,0.21,3.00,5058.0,Indeedee (#093/191),Indeedee,P,,093,000000000000093,0.0,0.21,0.64,3.00,2024-10-15 19:09:51,0.0,2.0,639.0,0.0,,,,//arquivos/in/pokemon_bkp/cd/639/67350d5fea3c6-pm6kb-ad5fe-82ffda375fa28fa9a70a0bb6b0e2b3d6.jpg
https://www.ligapokemon.com.br/?view=cards/search&card=edid=639%20ed=SSP,SSP,0.15,3.00,6304.0,Flittle (#094/191),Flittle,P,,094,000000000000094,0.0,0.15,0.55,3.00,2024-10-15 19:09:51,0.0,1.0,639.0,0.0,,,,//arquivos/in/pokemon_bkp/cd/639/67350d61bdc44-4l0ry-10fv5-82ffda375fa28fa9a70a0bb6b0e2b3d6.jpg
https://www.ligapokemon.com.br/?view=cards/search&card=edid=639%20ed=SSP,SSP,0.17,3.00,6305.0,Espathra (#095/191),Espathra,P,,095,000000000000095,0.0,0.17,0.72,3.00,2024-10-15 19:09:51,0.0,2.0,639.0,0.0,,,,//arquivos/in/pokemon_bkp/cd/639/67350d639c63b-c2yf1-sb5kd-82ffda375fa28fa9a70a0bb6b0e2b3d6.jpg
https://www.ligapokemon.com.br/?view=cards/search&card=edid=639%20ed=SSP,SSP,0.21,2.50,6909.0,Flutter Mane (#096/191),Juba Sopro,P,,096,000000000000096,0.0,0.21,1.00,2.50,2024-10-15 19:09:51,0.0,2.0,639.0,0.0,,,,//arquivos/in/pokemon_bkp/cd/639/67350d657dd65-ubiwz-0wlg5-82ffda375fa28fa9a70a0bb6b0e2b3d6.jpg
https://www.ligapokemon.com.br/?view=cards/search&card=edid=639%20ed=SSP,SSP,0.15,4.90,6632.0,Gimmighoul (#097/191),Gimmighoul,P,,097,000000000000097,0.0,0.15,1.03,4.90,2024-10-15 19:09:51,0.0,1.0,639.0,0.0,,,,//arquivos/in/pokemon_bkp/cd/639/67350d675c034-cegmu-6c2nl-82ffda375fa28fa9a70a0bb6b0e2b3d6.jpg
https://www.ligapokemon.com.br/?view=cards/search&card=edid=639%20ed=SSP,SSP,0.13,3.90,218.0,Mankey (#098/191),Mankey,F,,098,000000000000098,0.0,0.13,0.92,3.90,2024-10-15 19:09:51,0.0,1.0,639.0,0.0,,,,//arquivos/in/pokemon_bkp/cd/639/67350d693eedd-9251h-ae6vp-82ffda375fa28fa9a70a0bb6b0e2b3d6.jpg
https://www.ligapokemon.com.br/?view=cards/search&card=edid=639%20ed=SSP,SSP,0.13,3.00,169.0,Primeape (#099/191),Primeape,F,,099,000000000000099,0.0,0.13,0.48,3.00,2024-10-15 19:09:52,0.0,1.0,639.0,0.0,,,,//arquivos/in/pokemon_bkp/cd/639/67350d6b10b61-dp6ns-bl5i1-82ffda375fa28fa9a70a0bb6b0e2b3d6.jpg
https://www.ligapokemon.com.br/?view=cards/search&card=edid=639%20ed=SSP,SSP,0.20,2.50,6337.0,Annihilape (#100/191),Annihilape,F,,100,000000000000100,0.0,0.20,0.70,2.50,2024-10-15 19:09:52,0.0,2.0,639.0,0.0,,,,//arquivos/in/pokemon_bkp/cd/639/67350d6cddadd-1yd79-0wold-82ffda375fa28fa9a70a0bb6b0e2b3d6.jpg
https://www.ligapokemon.com.br/?view=cards/search&card=edid=639%20ed=SSP,SSP,0.16,3.00,6386.0,Paldean Tauros (#101/191),Tauros de Paldea,F,,101,000000000000101,0.0,0.16,0.66,3.00,2024-10-15 19:09:53,0.0,2.0,639.0,0.0,,,,//arquivos/in/pokemon_bkp/cd/639/67350d6eb45f3-1ujgy-ajkch-82ffda375fa28fa9a70a0bb6b0e2b3d6.jpg
https://www.ligapokemon.com.br/?view=cards/search&card=edid=639%20ed=SSP,SSP,0.09,3.00,332.0,Phanpy (#102/191),Phanpy,F,,102,000000000000102,0.0,0.09,0.50,3.00,2024-10-15 19:09:53,0.0,1.0,639.0,0.0,,,,//arquivos/in/pokemon_bkp/cd/639/67350d7088b00-s8tyx-nprcw-82ffda375fa28fa9a70a0bb6b0e2b3d6.jpg
https://www.ligapokemon.com.br/?view=cards/search&card=edid=639%20ed=SSP,SSP,0.15,3.00,139.0,Donphan (#103/191),Donphan,F,,103,000000000000103,0.0,0.15,0.86,3.00,2024-10-15 19:09:53,0.0,1.0,639.0,0.0,,,,//arquivos/in/pokemon_bkp/cd/639/67350d725ea6b-sbczq-k5d8p-82ffda375fa28fa9a70a0bb6b0e2b3d6.jpg
https://www.ligapokemon.com.br/?view=cards/search&card=edid=639%20ed=SSP,SSP,0.13,3.00,347.0,Trapinch (#104/191),Trapinch,F,,104,000000000000104,0.0,0.13,1.31,3.00,2024-10-15 19:09:53,0.0,1.0,639.0,0.0,,,,//arquivos/in/pokemon_bkp/cd/639/67350d743c661-djtf1-cl4w3-82ffda375fa28fa9a70a0bb6b0e2b3d6.jpg
https://www.ligapokemon.com.br/?view=cards/search&card=edid=639%20ed=SSP,SSP,0.15,2.50,311.0,Vibrava (#105/191),Vibrava,F,,105,000000000000105,0.0,0.15,0.66,2.50,2024-10-15 19:09:53,0.0,1.0,639.0,0.0,,,,//arquivos/in/pokemon_bkp/cd/639/67350d761b379-7ldpz-mqxcu-82ffda375fa28fa9a70a0bb6b0e2b3d6.jpg
https://www.ligapokemon.com.br/?view=cards/search&card=edid=639%20ed=SSP,SSP,4.90,14.99,475.0,Flygon ex (#106/191),Flygon ex,F,,106,000000000000106,0.0,4.90,10.33,14.99,2024-10-15 19:09:54,0.0,20.0,639.0,0.0,,,,//arquivos/in/pokemon_bkp/cd/639/67350d7814ce6-r42d1-kdtoz-82ffda375fa28fa9a70a0bb6b0e2b3d6.jpg
https://www.ligapokemon.com.br/?view=cards/search&card=edid=639%20ed=SSP,SSP,0.21,100.00,4171.0,Gastrodon (#107/191),Gastrodon,F,,107,000000000000107,0.0,0.21,1.11,100.00,2024-10-15 19:09:54,0.0,3.0,639.0,0.0,,,,//arquivos/in/pokemon_bkp/cd/639/67350d79ee789-top1u-06n3d-82ffda375fa28fa9a70a0bb6b0e2b3d6.jpg
https://www.ligapokemon.com.br/?view=cards/search&card=edid=639%20ed=SSP,SSP,0.12,3.00,730.0,Drilbur (#108/191),Drilbur,F,,108,000000000000108,0.0,0.12,0.84,3.00,2024-10-15 19:09:54,0.0,1.0,639.0,0.0,,,,//arquivos/in/pokemon_bkp/cd/639/67350d7bd3e5c-yqc6t-j63cm-82ffda375fa28fa9a70a0bb6b0e2b3d6.jpg
https://www.ligapokemon.com.br/?view=cards/search&card=edid=639%20ed=SSP,SSP,0.15,3.00,731.0,Excadrill (#109/191),Excadrill,F,,109,000000000000109,0.0,0.15,0.70,3.00,2024-10-15 19:09:54,0.0,1.0,639.0,0.0,,,,//arquivos/in/pokemon_bkp/cd/639/67350d7dace53-48jhu-9z7fn-82ffda375fa28fa9a70a0bb6b0e2b3d6.jpg
https://www.ligapokemon.com.br/?view=cards/search&card=edid=639%20ed=SSP,SSP,0.25,100.00,97.0,Landorus (#110/191),Landorus,F,,110,000000000000110,0.0,0.25,1.15,100.00,2024-10-15 19:09:54,0.0,3.0,639.0,0.0,,,,//arquivos/in/pokemon_bkp/cd/639/67350d7f88aa7-zov9y-g9543-82ffda375fa28fa9a70a0bb6b0e2b3d6.jpg
https://www.ligapokemon.com.br/?view=cards/search&card=edid=639%20ed=SSP,SSP,0.18,4.90,4268.0,Passimian (#111/191),Passimian,F,,111,000000000000111,0.0,0.18,0.64,4.90,2024-10-15 19:09:55,0.0,2.0,639.0,0.0,,,,//arquivos/in/pokemon_bkp/cd/639/67350d816c5a0-7c8bs-wr9lg-82ffda375fa28fa9a70a0bb6b0e2b3d6.jpg
https://www.ligapokemon.com.br/?view=cards/search&card=edid=639%20ed=SSP,SSP,0.15,3.00,4966.0,Clobbopus (#112/191),Clobbopus,F,,112,000000000000112,0.0,0.15,0.70,3.00,2024-10-15 19:09:55,0.0,1.0,639.0,0.0,,,,//arquivos/in/pokemon_bkp/cd/639/67350d8344979-jrtg3-g9mvk-82ffda375fa28fa9a70a0bb6b0e2b3d6.jpg
https://www.ligapokemon.com.br/?view=cards/search&card=edid=639%20ed=SSP,SSP,0.15,3.00,4944.0,Grapploct (#113/191),Grapploct,F,,113,000000000000113,0.0,0.15,0.65,3.00,2024-10-15 19:09:56,0.0,1.0,639.0,0.0,,,,//arquivos/in/pokemon_bkp/cd/639/67350d851d725-ne9lt-wdpyf-82ffda375fa28fa9a70a0bb6b0e2b3d6.jpg
https://www.ligapokemon.com.br/?view=cards/search&card=edid=639%20ed=SSP,SSP,0.15,3.00,6444.0,Glimmet (#114/191),Glimmet,F,,114,000000000000114,0.0,0.15,0.82,3.00,2024-10-15 19:09:56,0.0,1.0,639.0,0.0,,,,//arquivos/in/pokemon_bkp/cd/639/67350d86f0f2d-lw7pr-3dtrj-82ffda375fa28fa9a70a0bb6b0e2b3d6.jpg
https://www.ligapokemon.com.br/?view=cards/search&card=edid=639%20ed=SSP,SSP,0.15,3.00,6445.0,Glimmora (#115/191),Glimmora,F,,115,000000000000115,0.0,0.15,0.64,3.00,2024-10-15 19:09:56,0.0,1.0,639.0,0.0,,,,//arquivos/in/pokemon_bkp/cd/639/67350d88d8f8e-rphb0-62fmw-82ffda375fa28fa9a70a0bb6b0e2b3d6.jpg
https://www.ligapokemon.com.br/?view=cards/search&card=edid=639%20ed=SSP,SSP,0.20,5.00,6358.0,Koraidon (#116/191),Koraidon,F,,116,000000000000116,0.0,0.20,1.55,5.00,2024-10-15 19:09:56,0.0,2.0,639.0,0.0,,,,//arquivos/in/pokemon_bkp/cd/639/67350d8ad72d8-mao1h-3xzlh-82ffda375fa28fa9a70a0bb6b0e2b3d6.jpg
https://www.ligapokemon.com.br/?view=cards/search&card=edid=639%20ed=SSP,SSP,0.12,3.00,105.0,Deino (#117/191),Deino,D,,117,000000000000117,0.0,0.12,0.76,3.00,2024-10-15 19:09:56,0.0,1.0,639.0,0.0,,,,//arquivos/in/pokemon_bkp/cd/639/67350d8d0958d-z0g49-6v4ir-82ffda375fa28fa9a70a0bb6b0e2b3d6.jpg
https://www.ligapokemon.com.br/?view=cards/search&card=edid=639%20ed=SSP,SSP,0.18,3.00,106.0,Zweilous (#118/191),Zweilous,D,,118,000000000000118,0.0,0.18,0.62,3.00,2024-10-15 19:09:56,0.0,1.0,639.0,0.0,,,,//arquivos/in/pokemon_bkp/cd/639/67350d8f0a074-dkxzf-wyuh3-82ffda375fa28fa9a70a0bb6b0e2b3d6.jpg
https://www.ligapokemon.com.br/?view=cards/search&card=edid=639%20ed=SSP,SSP,9.45,76.90,7172.0,Hydreigon ex (#119/191),Hydreigon ex,D,,119,000000000000119,0.0,9.45,17.06,76.90,2024-10-15 19:09:57,0.0,20.0,639.0,0.0,,,,//arquivos/in/pokemon_bkp/cd/639/67350d912af17-zxf4m-rolyv-82ffda375fa28fa9a70a0bb6b0e2b3d6.jpg
https://www.ligapokemon.com.br/?view=cards/search&card=edid=639%20ed=SSP,SSP,0.13,3.00,6466.0,Shroodle (#120/191),Shroodle,D,,120,000000000000120,0.0,0.13,0.57,3.00,2024-10-15 19:09:57,0.0,1.0,639.0,0.0,,,,//arquivos/in/pokemon_bkp/cd/639/67350d940acf0-vlpr7-zsvqg-82ffda375fa28fa9a70a0bb6b0e2b3d6.jpg
https://www.ligapokemon.com.br/?view=cards/search&card=edid=639%20ed=SSP,SSP,0.18,3.00,6467.0,Grafaiai (#121/191),Grafaiai,D,,121,000000000000121,0.0,0.18,0.97,3.00,2024-10-15 19:09:58,0.0,2.0,639.0,0.0,,,,//arquivos/in/pokemon_bkp/cd/639/67350d960b26e-rcu14-jlexn-82ffda375fa28fa9a70a0bb6b0e2b3d6.jpg
https://www.ligapokemon.com.br/?view=cards/search&card=edid=639%20ed=SSP,SSP,0.09,2.50,4227.0,Alolan Diglett (#122/191),Diglett de Alola,M,,122,000000000000122,0.0,0.09,0.55,2.50,2024-10-15 19:09:58,0.0,1.0,639.0,0.0,,,,//arquivos/in/pokemon_bkp/cd/639/67350db32db57-6em85-co7eh-82ffda375fa28fa9a70a0bb6b0e2b3d6.jpg
https://www.ligapokemon.com.br/?view=cards/search&card=edid=639%20ed=SSP,SSP,0.19,6.00,4228.0,Alolan Dugtrio (#123/191),Dugtrio de Alola,M,,123,000000000000123,0.0,0.19,0.73,6.00,2024-10-15 19:09:58,0.0,2.0,639.0,0.0,,,,//arquivos/in/pokemon_bkp/cd/639/67350db4eb748-xkdhm-16xjr-82ffda375fa28fa9a70a0bb6b0e2b3d6.jpg
https://www.ligapokemon.com.br/?view=cards/search&card=edid=639%20ed=SSP,SSP,0.09,1.75,192.0,Skarmory (#124/191),Skarmory,M,,124,000000000000124,0.0,0.09,0.48,1.75,2024-10-15 19:09:59,0.0,1.0,639.0,0.0,,,,//arquivos/in/pokemon_bkp/cd/639/67350db6c051b-jb12p-eda84-82ffda375fa28fa9a70a0bb6b0e2b3d6.jpg
https://www.ligapokemon.com.br/?view=cards/search&card=edid=639%20ed=SSP,SSP,0.18,2.50,1595.0,Registeel (#125/191),Registeel,M,,125,000000000000125,0.0,0.18,0.85,2.50,2024-10-15 19:09:59,1.0,2.0,639.0,0.0,,,,//arquivos/in/pokemon_bkp/cd/639/67350db895da5-wab6p-jcdx4-82ffda375fa28fa9a70a0bb6b0e2b3d6.jpg
https://www.ligapokemon.com.br/?view=cards/search&card=edid=639%20ed=SSP,SSP,0.13,3.00,389.0,Bronzor (#126/191),Bronzor,M,,126,000000000000126,0.0,0.13,0.69,3.00,2024-10-15 19:09:59,0.0,1.0,639.0,0.0,,,,//arquivos/in/pokemon_bkp/cd/639/67350dba69a63-u6cdg-lmh2b-82ffda375fa28fa9a70a0bb6b0e2b3d6.jpg
https://www.ligapokemon.com.br/?view=cards/search&card=edid=639%20ed=SSP,SSP,0.15,3.00,369.0,Bronzong (#127/191),Bronzong,M,,127,000000000000127,0.0,0.15,1.03,3.00,2024-10-15 19:09:59,0.0,1.0,639.0,0.0,,,,//arquivos/in/pokemon_bkp/cd/639/67350dbc33849-qnuw5-6aygs-82ffda375fa28fa9a70a0bb6b0e2b3d6.jpg
https://www.ligapokemon.com.br/?view=cards/search&card=edid=639%20ed=SSP,SSP,0.15,3.00,1170.0,Klefki (#128/191),Klefki,M,,128,000000000000128,0.0,0.15,0.59,3.00,2024-10-15 19:09:59,0.0,1.0,639.0,0.0,,,,//arquivos/in/pokemon_bkp/cd/639/67350dbdf1966-k29l1-jq2r4-82ffda375fa28fa9a70a0bb6b0e2b3d6.jpg
https://www.ligapokemon.com.br/?view=cards/search&card=edid=639%20ed=SSP,SSP,0.09,10.00,5019.0,Duraludon (#129/191),Duraludon,M,,129,000000000000129,0.0,0.09,1.16,10.00,2024-10-15 19:09:59,0.0,1.0,639.0,0.0,,,,//arquivos/in/pokemon_bkp/cd/639/67350dbfc5bc0-nx1fg-7hszx-82ffda375fa28fa9a70a0bb6b0e2b3d6.jpg
https://www.ligapokemon.com.br/?view=cards/search&card=edid=639%20ed=SSP,SSP,6.50,68.99,7106.0,Archaludon ex (#130/191),Archaludon ex,M,,130,000000000000130,0.0,6.50,17.34,68.99,2024-10-15 19:09:59,2.0,20.0,639.0,0.0,,,,//arquivos/in/pokemon_bkp/cd/639/67350dc19ce5b-7pfb9-rx8z6-82ffda375fa28fa9a70a0bb6b0e2b3d6.jpg
https://www.ligapokemon.com.br/?view=cards/search&card=edid=639%20ed=SSP,SSP,0.15,5.00,6857.0,Gholdengo (#131/191),Gholdengo,M,,131,000000000000131,0.0,0.15,0.77,5.00,2024-10-15 19:10:00,1.0,2.0,639.0,0.0,,,,//arquivos/in/pokemon_bkp/cd/639/67350dc379bf0-uqogf-g1xac-82ffda375fa28fa9a70a0bb6b0e2b3d6.jpg
https://www.ligapokemon.com.br/?view=cards/search&card=edid=639%20ed=SSP,SSP,0.20,100.00,7126.0,Iron Crown (#132/191),Chifres F&eacute;rreos,M,,132,000000000000132,0.0,0.20,2.00,100.00,2024-10-15 19:10:01,0.0,3.0,639.0,0.0,,,,//arquivos/in/pokemon_bkp/cd/639/67350dc555ecb-ulcr8-f4l2w-82ffda375fa28fa9a70a0bb6b0e2b3d6.jpg
https://www.ligapokemon.com.br/?view=cards/search&card=edid=639%20ed=SSP,SSP,4.90,22.99,7099.0,Alolan Exeggutor ex (#133/191),Exeggutor de Alola ex,O,,133,000000000000133,0.0,4.90,9.20,22.99,2024-10-15 19:10:01,1.0,20.0,639.0,0.0,,,,//arquivos/in/pokemon_bkp/cd/639/67350dc74ed58-aczpl-zno8l-82ffda375fa28fa9a70a0bb6b0e2b3d6.jpg
https://www.ligapokemon.com.br/?view=cards/search&card=edid=639%20ed=SSP,SSP,0.21,3.00,103.0,Altaria (#134/191),Altaria,O,,134,000000000000134,0.0,0.21,0.65,3.00,2024-10-15 19:10:01,0.0,2.0,639.0,0.0,,,,//arquivos/in/pokemon_bkp/cd/639/67350dc9268cd-7bjkm-7k325-82ffda375fa28fa9a70a0bb6b0e2b3d6.jpg
https://www.ligapokemon.com.br/?view=cards/search&card=edid=639%20ed=SSP,SSP,0.40,31.04,158.0,Dialga (#135/191),Dialga,O,,135,000000000000135,0.0,0.40,1.03,31.04,2024-10-15 19:10:01,1.0,3.0,639.0,0.0,,,,//arquivos/in/pokemon_bkp/cd/639/67350dcaec440-8jdvn-mzyjq-82ffda375fa28fa9a70a0bb6b0e2b3d6.jpg
https://www.ligapokemon.com.br/?view=cards/search&card=edid=639%20ed=SSP,SSP,0.40,4.99,168.0,Palkia (#136/191),Palkia,O,,136,000000000000136,0.0,0.40,1.19,4.99,2024-10-15 19:10:01,1.0,3.0,639.0,0.0,,,,//arquivos/in/pokemon_bkp/cd/639/67350dccc9abc-23yx5-26avn-82ffda375fa28fa9a70a0bb6b0e2b3d6.jpg
https://www.ligapokemon.com.br/?view=cards/search&card=edid=639%20ed=SSP,SSP,0.17,3.00,4363.0,Turtonator (#137/191),Turtonator,O,,137,000000000000137,0.0,0.17,0.51,3.00,2024-10-15 19:10:01,0.0,2.0,639.0,0.0,,,,//arquivos/in/pokemon_bkp/cd/639/67350dcea2b03-74ck6-tha2j-82ffda375fa28fa9a70a0bb6b0e2b3d6.jpg
https://www.ligapokemon.com.br/?view=cards/search&card=edid=639%20ed=SSP,SSP,0.15,3.00,5000.0,Applin (#138/191),Applin,O,,138,000000000000138,0.0,0.15,1.10,3.00,2024-10-15 19:10:01,0.0,1.0,639.0,0.0,,,,//arquivos/in/pokemon_bkp/cd/639/67350dd077a51-6itqn-z10uq-82ffda375fa28fa9a70a0bb6b0e2b3d6.jpg
https://www.ligapokemon.com.br/?view=cards/search&card=edid=639%20ed=SSP,SSP,0.17,3.00,4996.0,Flapple (#139/191),Flapple,O,,139,000000000000139,0.0,0.17,0.57,3.00,2024-10-15 19:10:02,0.0,2.0,639.0,0.0,,,,//arquivos/in/pokemon_bkp/cd/639/67350dd24bc50-5eua8-xzip5-82ffda375fa28fa9a70a0bb6b0e2b3d6.jpg
https://www.ligapokemon.com.br/?view=cards/search&card=edid=639%20ed=SSP,SSP,0.20,3.00,4998.0,Appletun (#140/191),Appletun,O,,140,000000000000140,0.0,0.20,0.70,3.00,2024-10-15 19:10:02,0.0,2.0,639.0,0.0,,,,//arquivos/in/pokemon_bkp/cd/639/67350dd417de6-yda0t-u4v91-82ffda375fa28fa9a70a0bb6b0e2b3d6.jpg
https://www.ligapokemon.com.br/?view=cards/search&card=edid=639%20ed=SSP,SSP,0.35,4.99,7173.0,Eternatus (#141/191),Eternatus,O,,141,000000000000141,0.0,0.35,1.19,4.99,2024-10-15 19:10:03,1.0,3.0,639.0,0.0,,,,//arquivos/in/pokemon_bkp/cd/639/67350dd5dd295-428rf-gaksb-82ffda375fa28fa9a70a0bb6b0e2b3d6.jpg
https://www.ligapokemon.com.br/?view=cards/search&card=edid=639%20ed=SSP,SSP,4.95,14.99,7174.0,Tatsugiri ex (#142/191),Tatsugiri ex,O,,142,000000000000142,0.0,4.95,10.46,14.99,2024-11-25 15:14:17,0.0,20.0,639.0,0.0,,,,//arquivos/in/pokemon_bkp/cd/639/6744be84bfd58-n0a5t-ibxfj-82ffda375fa28fa9a70a0bb6b0e2b3d6.jpg
https://www.ligapokemon.com.br/?view=cards/search&card=edid=639%20ed=SSP,SSP,0.21,59.90,127.0,Eevee (#143/191),Eevee,C,,143,000000000000143,0.0,0.21,8.10,59.90,2024-10-15 19:10:06,0.0,1.0,639.0,0.0,,,,//arquivos/in/pokemon_bkp/cd/639/67350dd98fb8c-k8i74-4gwe3-82ffda375fa28fa9a70a0bb6b0e2b3d6.jpg
https://www.ligapokemon.com.br/?view=cards/search&card=edid=639%20ed=SSP,SSP,0.15,2.00,515.0,Snorlax (#144/191),Snorlax,C,,144,000000000000144,0.0,0.15,0.51,2.00,2024-10-15 19:10:07,1.0,1.0,639.0,0.0,,,,//arquivos/in/pokemon_bkp/cd/639/67350ddb5be27-1pvfc-0s43a-82ffda375fa28fa9a70a0bb6b0e2b3d6.jpg
https://www.ligapokemon.com.br/?view=cards/search&card=edid=639%20ed=SSP,SSP,0.13,3.00,763.0,Slakoth (#145/191),Slakoth,C,,145,000000000000145,0.0,0.13,0.52,3.00,2024-10-15 19:10:08,0.0,1.0,639.0,0.0,,,,//arquivos/in/pokemon_bkp/cd/639/67350ddd2598c-xek9t-syrt9-82ffda375fa28fa9a70a0bb6b0e2b3d6.jpg
https://www.ligapokemon.com.br/?view=cards/search&card=edid=639%20ed=SSP,SSP,0.15,3.00,759.0,Vigoroth (#146/191),Vigoroth,C,,146,000000000000146,0.0,0.15,0.95,3.00,2024-10-15 19:10:10,0.0,1.0,639.0,0.0,,,,//arquivos/in/pokemon_bkp/cd/639/67350ddeeda7c-7txbk-1wpsh-82ffda375fa28fa9a70a0bb6b0e2b3d6.jpg
https://www.ligapokemon.com.br/?view=cards/search&card=edid=639%20ed=SSP,SSP,5.00,20.00,7175.0,Slaking ex (#147/191),Slaking ex,C,,147,000000000000147,0.0,5.00,8.91,20.00,2024-10-15 19:10:11,0.0,20.0,639.0,0.0,,,,//arquivos/in/pokemon_bkp/cd/639/67350de0c8436-9ajp6-me3b6-82ffda375fa28fa9a70a0bb6b0e2b3d6.jpg
https://www.ligapokemon.com.br/?view=cards/search&card=edid=639%20ed=SSP,SSP,0.09,3.00,111.0,Swablu (#148/191),Swablu,C,,148,000000000000148,0.0,0.09,0.83,3.00,2024-10-15 19:10:11,0.0,1.0,639.0,0.0,,,,//arquivos/in/pokemon_bkp/cd/639/67350de2a3492-ctx0u-6nzbe-82ffda375fa28fa9a70a0bb6b0e2b3d6.jpg
https://www.ligapokemon.com.br/?view=cards/search&card=edid=639%20ed=SSP,SSP,0.15,3.00,198.0,Zangoose (#149/191),Zangoose,C,,149,000000000000149,0.0,0.15,0.80,3.00,2024-10-15 19:10:11,0.0,1.0,639.0,0.0,,,,//arquivos/in/pokemon_bkp/cd/639/67350de473ab2-w74ad-upv8d-82ffda375fa28fa9a70a0bb6b0e2b3d6.jpg
https://www.ligapokemon.com.br/?view=cards/search&card=edid=639%20ed=SSP,SSP,0.15,3.00,291.0,Kecleon (#150/191),Kecleon,C,,150,000000000000150,0.0,0.15,0.65,3.00,2024-10-15 19:10:11,0.0,1.0,639.0,0.0,,,,//arquivos/in/pokemon_bkp/cd/639/67350de648842-jah5u-x4l3h-82ffda375fa28fa9a70a0bb6b0e2b3d6.jpg
https://www.ligapokemon.com.br/?view=cards/search&card=edid=639%20ed=SSP,SSP,0.15,2.50,115.0,Bouffalant (#151/191),Bouffalant,C,,151,000000000000151,0.0,0.15,0.70,2.50,2024-10-15 19:10:12,0.0,1.0,639.0,0.0,,,,//arquivos/in/pokemon_bkp/cd/639/67350de8206f9-wf56n-na2cy-82ffda375fa28fa9a70a0bb6b0e2b3d6.jpg
https://www.ligapokemon.com.br/?view=cards/search&card=edid=639%20ed=SSP,SSP,0.09,3.00,1549.0,Rufflet (#152/191),Rufflet,C,,152,000000000000152,0.0,0.09,0.47,3.00,2024-10-15 19:10:12,0.0,1.0,639.0,0.0,,,,//arquivos/in/pokemon_bkp/cd/639/67350de9ee494-574ek-82izq-82ffda375fa28fa9a70a0bb6b0e2b3d6.jpg
https://www.ligapokemon.com.br/?view=cards/search&card=edid=639%20ed=SSP,SSP,0.16,3.00,1550.0,Braviary (#153/191),Braviary,C,,153,000000000000153,0.0,0.16,0.48,3.00,2024-10-15 19:10:12,0.0,2.0,639.0,0.0,,,,//arquivos/in/pokemon_bkp/cd/639/67350debca95c-j9or2-4xuw2-82ffda375fa28fa9a70a0bb6b0e2b3d6.jpg
https://www.ligapokemon.com.br/?view=cards/search&card=edid=639%20ed=SSP,SSP,0.11,49.00,1159.0,Helioptile (#154/191),Helioptile,C,,154,000000000000154,0.0,0.11,0.59,49.00,2024-10-15 19:10:12,0.0,1.0,639.0,0.0,,,,//arquivos/in/pokemon_bkp/cd/639/67350ded9f501-kuswh-s1wjh-82ffda375fa28fa9a70a0bb6b0e2b3d6.jpg
https://www.ligapokemon.com.br/?view=cards/search&card=edid=639%20ed=SSP,SSP,0.15,3.00,1160.0,Heliolisk (#155/191),Heliolisk,C,,155,000000000000155,0.0,0.15,0.61,3.00,2024-10-15 19:10:12,0.0,1.0,639.0,0.0,,,,//arquivos/in/pokemon_bkp/cd/639/67350def7b41b-2knfm-m5nwv-82ffda375fa28fa9a70a0bb6b0e2b3d6.jpg
https://www.ligapokemon.com.br/?view=cards/search&card=edid=639%20ed=SSP,SSP,0.15,2.50,4266.0,Oranguru (#156/191),Oranguru,C,,156,000000000000156,0.0,0.15,0.67,2.50,2024-10-15 19:10:13,0.0,1.0,639.0,0.0,,,,//arquivos/in/pokemon_bkp/cd/639/67350df15bb93-5nc76-zmfjt-82ffda375fa28fa9a70a0bb6b0e2b3d6.jpg
https://www.ligapokemon.com.br/?view=cards/search&card=edid=639%20ed=SSP,SSP,0.15,3.00,6342.0,Tandemaus (#157/191),Tandemaus,C,,157,000000000000157,0.0,0.15,0.75,3.00,2024-10-15 19:10:13,0.0,1.0,639.0,0.0,,,,//arquivos/in/pokemon_bkp/cd/639/67350df33a91a-x631w-ug7w3-82ffda375fa28fa9a70a0bb6b0e2b3d6.jpg
https://www.ligapokemon.com.br/?view=cards/search&card=edid=639%20ed=SSP,SSP,0.16,2.50,6343.0,Maushold (#158/191),Maushold,C,,158,000000000000158,0.0,0.16,0.79,2.50,2024-10-15 19:10:13,0.0,2.0,639.0,0.0,,,,//arquivos/in/pokemon_bkp/cd/639/67350df513e42-f0lsy-01n3j-82ffda375fa28fa9a70a0bb6b0e2b3d6.jpg
https://www.ligapokemon.com.br/?view=cards/search&card=edid=639%20ed=SSP,SSP,4.00,19.00,6361.0,Cyclizar ex (#159/191),Cyclizar ex,C,,159,000000000000159,0.0,4.00,9.02,19.00,2024-10-15 19:10:13,0.0,20.0,639.0,0.0,,,,//arquivos/in/pokemon_bkp/cd/639/67350df7032ca-ifw70-3o8s7-82ffda375fa28fa9a70a0bb6b0e2b3d6.jpg
https://www.ligapokemon.com.br/?view=cards/search&card=edid=639%20ed=SSP,SSP,3.90,12.90,7193.0,Flamigo ex (#160/191),Flamigo ex,C,,160,000000000000160,0.0,3.90,8.73,12.90,2024-10-15 19:10:13,0.0,20.0,639.0,0.0,,,,//arquivos/in/pokemon_bkp/cd/639/67350df8db484-9y3ea-fqij7-82ffda375fa28fa9a70a0bb6b0e2b3d6.jpg
https://www.ligapokemon.com.br/?view=cards/search&card=edid=639%20ed=SSP,SSP,0.43,6.00,7176.0,Terapagos (#161/191),Terapagos,C,,161,000000000000161,0.0,0.43,1.61,6.00,2024-10-15 19:10:14,1.0,3.0,639.0,0.0,,,,//arquivos/in/pokemon_bkp/cd/639/67350dfab9c47-p3w4o-2dbpq-82ffda375fa28fa9a70a0bb6b0e2b3d6.jpg
https://www.ligapokemon.com.br/?view=cards/search&card=edid=639%20ed=SSP,SSP,4.50,20.00,7178.0,Amulet of Hope (#162/191),Amuleto da Esperan&ccedil;a,C,,162,000000000000162,0.0,4.50,10.49,20.00,2024-10-15 19:10:15,0.0,9.0,639.0,0.0,,,,//arquivos/in/pokemon_bkp/cd/639/67350dfc993fc-wtsk1-p62sz-82ffda375fa28fa9a70a0bb6b0e2b3d6.jpg
https://www.ligapokemon.com.br/?view=cards/search&card=edid=639%20ed=SSP,SSP,0.09,3.00,7194.0,Babiri Berry (#163/191),Fruta Babiri,C,,163,000000000000163,0.0,0.09,0.70,3.00,2024-10-15 19:10:15,0.0,2.0,639.0,0.0,,,,//arquivos/in/pokemon_bkp/cd/639/67350dfe6e5e1-bjk6v-amx01-82ffda375fa28fa9a70a0bb6b0e2b3d6.jpg
https://www.ligapokemon.com.br/?view=cards/search&card=edid=639%20ed=SSP,SSP,16.90,42.50,7195.0,Brilliant Blender (#164/191),Liquidificador Perfeito,C,,164,000000000000164,0.0,16.90,26.88,42.50,2024-10-15 19:10:15,0.0,9.0,639.0,0.0,,,,//arquivos/in/pokemon_bkp/cd/639/67350e003a056-4i6do-nc3be-82ffda375fa28fa9a70a0bb6b0e2b3d6.jpg
https://www.ligapokemon.com.br/?view=cards/search&card=edid=639%20ed=SSP,SSP,0.11,3.90,7196.0,Call Bell (#165/191),Sininho de Mesa,C,,165,000000000000165,0.0,0.11,1.06,3.90,2024-10-15 19:10:15,0.0,2.0,639.0,0.0,,,,//arquivos/in/pokemon_bkp/cd/639/67350e0208700-qtcvx-kr3a5-82ffda375fa28fa9a70a0bb6b0e2b3d6.jpg
https://www.ligapokemon.com.br/?view=cards/search&card=edid=639%20ed=SSP,SSP,0.09,3.90,7197.0,Chill Teaser Toy (#166/191),Varinha Relaxante,C,,166,000000000000166,0.0,0.09,0.71,3.90,2024-10-15 19:10:15,0.0,2.0,639.0,0.0,,,,//arquivos/in/pokemon_bkp/cd/639/67350e03c98d8-fcmgi-w5l0g-82ffda375fa28fa9a70a0bb6b0e2b3d6.jpg
https://www.ligapokemon.com.br/?view=cards/search&card=edid=639%20ed=SSP,SSP,0.09,3.00,7198.0,Clemont's Quick Wit (#167/191),Sagacidade do Clemont,C,,167,000000000000167,0.0,0.09,0.57,3.00,2024-10-15 19:10:15,0.0,2.0,639.0,0.0,,,,//arquivos/in/pokemon_bkp/cd/639/67350e059ea54-4h7xg-ungze-82ffda375fa28fa9a70a0bb6b0e2b3d6.jpg
https://www.ligapokemon.com.br/?view=cards/search&card=edid=639%20ed=SSP,SSP,0.09,2.50,7179.0,Colbur Berry (#168/191),Fruta Capicho,C,,168,000000000000168,0.0,0.09,0.69,2.50,2024-10-15 19:10:15,0.0,2.0,639.0,0.0,,,,//arquivos/in/pokemon_bkp/cd/639/67350e0781057-acegv-lw2s6-82ffda375fa28fa9a70a0bb6b0e2b3d6.jpg
https://www.ligapokemon.com.br/?view=cards/search&card=edid=639%20ed=SSP,SSP,0.18,9.90,4659.0,Counter Gain (#169/191),Contra-ataque de Alcance,C,,169,000000000000169,0.0,0.18,2.17,9.90,2024-10-15 19:10:15,0.0,2.0,639.0,0.0,,,,//arquivos/in/pokemon_bkp/cd/639/67350e0961fa8-vj84c-l5fsq-82ffda375fa28fa9a70a0bb6b0e2b3d6.jpg
https://www.ligapokemon.com.br/?view=cards/search&card=edid=639%20ed=SSP,SSP,9.98,19.90,7181.0,Cyrano (#170/191),Cyrano,C,,170,000000000000170,0.0,9.98,14.78,19.90,2024-10-15 19:10:16,3.0,2.0,639.0,0.0,,,,//arquivos/in/pokemon_bkp/cd/639/67350e0b3c1b9-tqfa2-y06p4-82ffda375fa28fa9a70a0bb6b0e2b3d6.jpg
https://www.ligapokemon.com.br/?view=cards/search&card=edid=639%20ed=SSP,SSP,0.15,5.00,7199.0,Deduction Kit (#171/191),Kit de Investiga&ccedil;&atilde;o,C,,171,000000000000171,0.0,0.15,0.78,5.00,2024-10-15 19:10:17,0.0,2.0,639.0,0.0,,,,//arquivos/in/pokemon_bkp/cd/639/67350e0d18e48-1qlij-kr705-82ffda375fa28fa9a70a0bb6b0e2b3d6.jpg
https://www.ligapokemon.com.br/?view=cards/search&card=edid=639%20ed=SSP,SSP,0.12,3.00,7200.0,Dragon Elixir (#172/191),Elixir do Drag&atilde;o,C,,172,000000000000172,0.0,0.12,0.74,3.00,2024-10-15 19:10:17,0.0,2.0,639.0,0.0,,,,//arquivos/in/pokemon_bkp/cd/639/67350e0eda924-qhkyw-myqgk-82ffda375fa28fa9a70a0bb6b0e2b3d6.jpg
https://www.ligapokemon.com.br/?view=cards/search&card=edid=639%20ed=SSP,SSP,0.14,3.00,7129.0,Drasna (#173/191),Drasna,C,,173,000000000000173,0.0,0.14,1.24,3.00,2024-10-15 19:10:17,0.0,1.0,639.0,0.0,,,,//arquivos/in/pokemon_bkp/cd/639/67350e10a360b-02dw7-4pkq9-82ffda375fa28fa9a70a0bb6b0e2b3d6.jpg
https://www.ligapokemon.com.br/?view=cards/search&card=edid=639%20ed=SSP,SSP,0.08,5.00,7101.0,Drayton (#174/191),Drayton,C,,174,000000000000174,0.0,0.08,1.04,5.00,2024-10-15 19:10:17,0.0,2.0,639.0,0.0,,,,//arquivos/in/pokemon_bkp/cd/639/67350e127fb52-vmr2w-m09vb-82ffda375fa28fa9a70a0bb6b0e2b3d6.jpg
https://www.ligapokemon.com.br/?view=cards/search&card=edid=639%20ed=SSP,SSP,0.15,4.90,403.0,Dusk Ball (#175/191),Bola de Penumbra,C,,175,000000000000175,0.0,0.15,1.10,4.90,2024-10-15 19:10:17,0.0,2.0,639.0,0.0,,,,//arquivos/in/pokemon_bkp/cd/639/67350e145993e-mq14h-fjm3n-82ffda375fa28fa9a70a0bb6b0e2b3d6.jpg
https://www.ligapokemon.com.br/?view=cards/search&card=edid=639%20ed=SSP,SSP,7.90,68.90,7127.0,Energy Search PRO (#176/191),Busca de Energia Profissional,C,,176,000000000000176,0.0,7.90,14.15,68.90,2024-10-15 19:10:18,0.0,9.0,639.0,0.0,,,,//arquivos/in/pokemon_bkp/cd/639/67350e1638e9e-7fwom-92ome-82ffda375fa28fa9a70a0bb6b0e2b3d6.jpg
https://www.ligapokemon.com.br/?view=cards/search&card=edid=639%20ed=SSP,SSP,0.39,10.00,7184.0,Gravity Mountain (#177/191),Montanha da Gravidade,C,,177,000000000000177,0.0,0.39,4.98,10.00,2024-10-15 19:10:18,0.0,2.0,639.0,0.0,,,,//arquivos/in/pokemon_bkp/cd/639/67350e18071ed-i2o3r-i0kl7-82ffda375fa28fa9a70a0bb6b0e2b3d6.jpg
https://www.ligapokemon.com.br/?view=cards/search&card=edid=639%20ed=SSP,SSP,0.15,3.90,7201.0,Jasmine's Gaze (#178/191),Olhar da Jasmine,C,,178,000000000000178,0.0,0.15,0.89,3.90,2024-10-15 19:10:18,0.0,2.0,639.0,0.0,,,,//arquivos/in/pokemon_bkp/cd/639/67350e19c383e-ebcuf-8r9lj-82ffda375fa28fa9a70a0bb6b0e2b3d6.jpg
https://www.ligapokemon.com.br/?view=cards/search&card=edid=639%20ed=SSP,SSP,0.20,4.90,7102.0,Lisia's Appeal (#179/191),Apelo da Elisia,C,,179,000000000000179,0.0,0.20,1.43,4.90,2024-10-15 19:10:18,0.0,2.0,639.0,0.0,,,,//arquivos/in/pokemon_bkp/cd/639/67350e1c055a5-4c5zk-emwrc-82ffda375fa28fa9a70a0bb6b0e2b3d6.jpg
https://www.ligapokemon.com.br/?view=cards/search&card=edid=639%20ed=SSP,SSP,0.30,8.90,7202.0,Lively Stadium (#180/191),Est&aacute;dio Animado,C,,180,000000000000180,0.0,0.30,1.80,8.90,2024-10-15 19:10:18,0.0,2.0,639.0,0.0,,,,//arquivos/in/pokemon_bkp/cd/639/67350e1e063ca-p5ek6-g4mrw-82ffda375fa28fa9a70a0bb6b0e2b3d6.jpg
https://www.ligapokemon.com.br/?view=cards/search&card=edid=639%20ed=SSP,SSP,0.09,4.90,7203.0,Meddling Memo (#181/191),Memorando Intrometido,C,,181,000000000000181,0.0,0.09,0.87,4.90,2024-10-15 19:10:19,0.0,2.0,639.0,0.0,,,,//arquivos/in/pokemon_bkp/cd/639/67350e2003a11-i1ys9-f2jk0-82ffda375fa28fa9a70a0bb6b0e2b3d6.jpg
https://www.ligapokemon.com.br/?view=cards/search&card=edid=639%20ed=SSP,SSP,5.60,29.90,7108.0,Megaton Blower (#182/191),Ventilador Megaton,C,,182,000000000000182,0.0,5.60,11.47,29.90,2024-10-15 19:10:19,0.0,9.0,639.0,0.0,,,,//arquivos/in/pokemon_bkp/cd/639/67350e2207df3-5j34z-cv91n-82ffda375fa28fa9a70a0bb6b0e2b3d6.jpg
https://www.ligapokemon.com.br/?view=cards/search&card=edid=639%20ed=SSP,SSP,39.90,178.79,7204.0,Miracle Headset (#183/191),Fone de Ouvido Milagroso,C,,183,000000000000183,0.0,39.90,124.99,178.79,2024-10-15 19:10:20,16.0,9.0,639.0,0.0,,,,//arquivos/in/pokemon_bkp/cd/639/67350e2407e5b-we1m9-p9a47-82ffda375fa28fa9a70a0bb6b0e2b3d6.jpg
https://www.ligapokemon.com.br/?view=cards/search&card=edid=639%20ed=SSP,SSP,0.09,4.75,7128.0,Passho Berry (#184/191),Fruta Passho,C,,184,000000000000184,0.0,0.09,0.96,4.75,2024-10-15 19:10:20,0.0,2.0,639.0,0.0,,,,//arquivos/in/pokemon_bkp/cd/639/67350e440d662-sxaot-wvhoy-82ffda375fa28fa9a70a0bb6b0e2b3d6.jpg
https://www.ligapokemon.com.br/?view=cards/search&card=edid=639%20ed=SSP,SSP,68.49,139.90,7205.0,Precious Trolley (#185/191),Carrinho Precioso,C,,185,000000000000185,0.0,68.49,93.74,139.90,2024-10-15 19:10:20,2.0,9.0,639.0,0.0,,,,//arquivos/in/pokemon_bkp/cd/639/67350ea52fb09-wtm64-y09eb-82ffda375fa28fa9a70a0bb6b0e2b3d6.jpg
https://www.ligapokemon.com.br/?view=cards/search&card=edid=639%20ed=SSP,SSP,5.90,49.90,2086.0,Scramble Switch (#186/191),Chave de Embaralhamento,C,,186,000000000000186,0.0,5.90,10.94,49.90,2024-10-15 19:10:20,0.0,9.0,639.0,0.0,,,,//arquivos/in/pokemon_bkp/cd/639/67350f18f138d-z6d9g-139cy-82ffda375fa28fa9a70a0bb6b0e2b3d6.jpg
https://www.ligapokemon.com.br/?view=cards/search&card=edid=639%20ed=SSP,SSP,0.13,5.00,7109.0,Surfer (#187/191),Surfista,C,,187,000000000000187,0.0,0.13,1.26,5.00,2024-10-15 19:10:20,0.0,2.0,639.0,0.0,,,,//arquivos/in/pokemon_bkp/cd/639/67350f5d78228-4tmd1-mioux-82ffda375fa28fa9a70a0bb6b0e2b3d6.jpg
https://www.ligapokemon.com.br/?view=cards/search&card=edid=639%20ed=SSP,SSP,0.09,3.00,7180.0,Technical Machine: Fluorite (#188/191),M&aacute;quina T&eacute;cnica: Fluorita,C,,188,000000000000188,0.0,0.09,0.65,3.00,2024-10-15 19:10:20,0.0,2.0,639.0,0.0,,,,//arquivos/in/pokemon_bkp/cd/639/67350f9a74799-yjqwo-e2zv8-82ffda375fa28fa9a70a0bb6b0e2b3d6.jpg
https://www.ligapokemon.com.br/?view=cards/search&card=edid=639%20ed=SSP,SSP,0.18,6.90,7206.0,Tera Orb (#189/191),Orbe Tera,C,,189,000000000000189,0.0,0.18,1.53,6.90,2024-10-15 19:10:20,0.0,2.0,639.0,0.0,,,,//arquivos/in/pokemon_bkp/cd/639/67350fec7341a-05rka-p57nf-82ffda375fa28fa9a70a0bb6b0e2b3d6.jpg
https://www.ligapokemon.com.br/?view=cards/search&card=edid=639%20ed=SSP,SSP,0.15,3.00,7207.0,Tyme (#190/191),Tomila,C,,190,000000000000190,0.0,0.15,0.82,3.00,2024-10-15 19:10:21,0.0,2.0,639.0,0.0,,,,//arquivos/in/pokemon_bkp/cd/639/67351034dcd85-56ipc-mwnue-82ffda375fa28fa9a70a0bb6b0e2b3d6.jpg
https://www.ligapokemon.com.br/?view=cards/search&card=edid=639%20ed=SSP,SSP,84.99,130.00,7208.0,Enriching Energy (#191/191),Energia Enriquecedora,C,,191,000000000000191,0.0,84.99,93.88,130.00,2024-10-15 19:10:22,6.0,9.0,639.0,0.0,,,,//arquivos/in/pokemon_bkp/cd/639/6735109d7785b-d2b1u-y7abs-82ffda375fa28fa9a70a0bb6b0e2b3d6.jpg
https://www.ligapokemon.com.br/?view=cards/search&card=edid=639%20ed=SSP,SSP,31.00,120.00,531.0,Exeggcute (#192/191),Exeggcute,G,,192,000000000000192,0.0,31.00,49.15,120.00,2024-10-15 19:10:22,1.0,17.0,639.0,0.0,,,,//arquivos/in/pokemon_bkp/cd/639/673510fd4f499-qoe6s-t3uhf-82ffda375fa28fa9a70a0bb6b0e2b3d6.jpg
https://www.ligapokemon.com.br/?view=cards/search&card=edid=639%20ed=SSP,SSP,19.00,40.00,574.0,Vivillon (#193/191),Vivillon,G,,193,000000000000193,0.0,19.00,32.15,40.00,2024-10-15 19:10:22,1.0,17.0,639.0,0.0,,,,//arquivos/in/pokemon_bkp/cd/639/6735115c39160-8umzs-4wz9l-82ffda375fa28fa9a70a0bb6b0e2b3d6.jpg
https://www.ligapokemon.com.br/?view=cards/search&card=edid=639%20ed=SSP,SSP,15.00,40.00,4281.0,Shiinotic (#194/191),Shiinotic,G,,194,000000000000194,0.0,15.00,24.61,40.00,2024-10-15 19:10:22,1.0,17.0,639.0,0.0,,,,//arquivos/in/pokemon_bkp/cd/639/673511a2e7cee-631uq-yet8q-82ffda375fa28fa9a70a0bb6b0e2b3d6.jpg
https://www.ligapokemon.com.br/?view=cards/search&card=edid=639%20ed=SSP,SSP,23.90,89.90,1896.0,Castform Sunny Form (#195/191),Castform Forma Ensolarada,R,,195,000000000000195,0.0,23.90,39.72,89.90,2024-10-15 19:10:22,1.0,17.0,639.0,0.0,,,,//arquivos/in/pokemon_bkp/cd/639/673511e16b89a-ce9nw-7tyz0-82ffda375fa28fa9a70a0bb6b0e2b3d6.jpg
https://www.ligapokemon.com.br/?view=cards/search&card=edid=639%20ed=SSP,SSP,12.90,50.00,714.0,Larvesta (#196/191),Larvesta,R,,196,000000000000196,0.0,12.90,26.49,50.00,2024-10-24 17:45:20,1.0,17.0,639.0,0.0,,,,//arquivos/in/pokemon_bkp/cd/639/6740cbde27ea5-z2q96-rk5op-82ffda375fa28fa9a70a0bb6b0e2b3d6.jpg
https://www.ligapokemon.com.br/?view=cards/search&card=edid=639%20ed=SSP,SSP,60.00,129.99,6460.0,Ceruledge (#197/191),Ceruledge,R,,197,000000000000197,0.0,60.00,88.75,129.99,2024-10-15 19:10:23,2.0,17.0,639.0,0.0,,,,//arquivos/in/pokemon_bkp/cd/639/673511fd43bdf-qi1z0-gk8nz-82ffda375fa28fa9a70a0bb6b0e2b3d6.jpg
https://www.ligapokemon.com.br/?view=cards/search&card=edid=639%20ed=SSP,SSP,24.99,89.00,206.0,Feebas (#198/191),Feebas,W,,198,000000000000198,0.0,24.99,46.08,89.00,2024-10-15 19:10:23,3.0,17.0,639.0,0.0,,,,//arquivos/in/pokemon_bkp/cd/639/673511ff17b8a-3dmsn-271v0-82ffda375fa28fa9a70a0bb6b0e2b3d6.jpg
https://www.ligapokemon.com.br/?view=cards/search&card=edid=639%20ed=SSP,SSP,26.90,49.99,456.0,Spheal (#199/191),Spheal,W,,199,000000000000199,0.0,26.90,35.87,49.99,2024-10-15 19:10:23,1.0,17.0,639.0,0.0,,,,//arquivos/in/pokemon_bkp/cd/639/67351200e151a-yv2bu-xrjuk-82ffda375fa28fa9a70a0bb6b0e2b3d6.jpg
https://www.ligapokemon.com.br/?view=cards/search&card=edid=639%20ed=SSP,SSP,9.90,40.00,4240.0,Bruxish (#200/191),Bruxish,W,,200,000000000000200,0.0,9.90,21.35,40.00,2024-10-15 19:10:23,1.0,17.0,639.0,0.0,,,,//arquivos/in/pokemon_bkp/cd/639/67351202b156c-thjvd-1xr3z-82ffda375fa28fa9a70a0bb6b0e2b3d6.jpg
https://www.ligapokemon.com.br/?view=cards/search&card=edid=639%20ed=SSP,SSP,7.90,40.00,6329.0,Cetitan (#201/191),Cetitan,W,,201,000000000000201,0.0,7.90,19.62,40.00,2024-10-15 19:10:23,1.0,17.0,639.0,0.0,,,,//arquivos/in/pokemon_bkp/cd/639/673512048b3b8-c0ry1-r1mxd-82ffda375fa28fa9a70a0bb6b0e2b3d6.jpg
https://www.ligapokemon.com.br/?view=cards/search&card=edid=639%20ed=SSP,SSP,8.80,40.00,95.0,Stunfisk (#202/191),Stunfisk,L,,202,000000000000202,0.0,8.80,19.88,40.00,2024-10-24 17:45:20,1.0,17.0,639.0,0.0,,,,//arquivos/in/pokemon_bkp/cd/639/6740cbdfc965c-dr34s-yx6p8-82ffda375fa28fa9a70a0bb6b0e2b3d6.jpg
https://www.ligapokemon.com.br/?view=cards/search&card=edid=639%20ed=SSP,SSP,40.00,189.00,165.0,Latios (#203/191),Latios,P,,203,000000000000203,0.0,40.00,77.79,189.00,2024-10-15 19:10:24,4.0,17.0,639.0,0.0,,,,//arquivos/in/pokemon_bkp/cd/639/673512065b081-bptj2-j8fst-82ffda375fa28fa9a70a0bb6b0e2b3d6.jpg
https://www.ligapokemon.com.br/?view=cards/search&card=edid=639%20ed=SSP,SSP,30.00,89.99,1123.0,Mesprit (#204/191),Mesprit,P,,204,000000000000204,0.0,30.00,48.70,89.99,2024-10-15 19:10:24,1.0,17.0,639.0,0.0,,,,//arquivos/in/pokemon_bkp/cd/639/673512082f2a5-4a9ei-p3acb-82ffda375fa28fa9a70a0bb6b0e2b3d6.jpg
https://www.ligapokemon.com.br/?view=cards/search&card=edid=639%20ed=SSP,SSP,24.50,69.99,332.0,Phanpy (#205/191),Phanpy,F,,205,000000000000205,0.0,24.50,43.09,69.99,2024-10-15 19:10:24,1.0,17.0,639.0,0.0,,,,//arquivos/in/pokemon_bkp/cd/639/6735120a11598-inbaz-uitr0-82ffda375fa28fa9a70a0bb6b0e2b3d6.jpg
https://www.ligapokemon.com.br/?view=cards/search&card=edid=639%20ed=SSP,SSP,12.90,40.00,311.0,Vibrava (#206/191),Vibrava,F,,206,000000000000206,0.0,12.90,26.03,40.00,2024-10-15 19:10:25,1.0,17.0,639.0,0.0,,,,//arquivos/in/pokemon_bkp/cd/639/6735120bdb49b-03n2a-ew80f-82ffda375fa28fa9a70a0bb6b0e2b3d6.jpg
https://www.ligapokemon.com.br/?view=cards/search&card=edid=639%20ed=SSP,SSP,20.00,59.99,4966.0,Clobbopus (#207/191),Clobbopus,F,,207,000000000000207,0.0,20.00,35.57,59.99,2024-10-15 19:10:25,3.0,17.0,639.0,0.0,,,,//arquivos/in/pokemon_bkp/cd/639/6735120dac1ac-omuvf-4mtx5-82ffda375fa28fa9a70a0bb6b0e2b3d6.jpg
https://www.ligapokemon.com.br/?view=cards/search&card=edid=639%20ed=SSP,SSP,24.50,69.90,4228.0,Alolan Dugtrio (#208/191),Dugtrio de Alola,M,,208,000000000000208,0.0,24.50,41.66,69.90,2024-10-15 19:10:25,1.0,17.0,639.0,0.0,,,,//arquivos/in/pokemon_bkp/cd/639/6735120f999dd-kpdf9-3k2y1-82ffda375fa28fa9a70a0bb6b0e2b3d6.jpg
https://www.ligapokemon.com.br/?view=cards/search&card=edid=639%20ed=SSP,SSP,24.90,180.00,192.0,Skarmory (#209/191),Skarmory,M,,209,000000000000209,0.0,24.90,45.11,180.00,2024-10-15 19:10:25,1.0,17.0,639.0,0.0,,,,//arquivos/in/pokemon_bkp/cd/639/67351211670ee-9g2up-p2ro0-82ffda375fa28fa9a70a0bb6b0e2b3d6.jpg
https://www.ligapokemon.com.br/?view=cards/search&card=edid=639%20ed=SSP,SSP,14.90,44.45,4996.0,Flapple (#210/191),Flapple,O,,210,000000000000210,0.0,14.90,29.16,44.45,2024-10-15 19:10:25,1.0,17.0,639.0,0.0,,,,//arquivos/in/pokemon_bkp/cd/639/673512135df40-4zgt8-xr9ut-82ffda375fa28fa9a70a0bb6b0e2b3d6.jpg
https://www.ligapokemon.com.br/?view=cards/search&card=edid=639%20ed=SSP,SSP,19.90,52.60,4998.0,Appletun (#211/191),Appletun,O,,211,000000000000211,0.0,19.90,37.55,52.60,2024-10-15 19:10:25,0.0,17.0,639.0,0.0,,,,//arquivos/in/pokemon_bkp/cd/639/6735121533b8a-veukx-is19e-82ffda375fa28fa9a70a0bb6b0e2b3d6.jpg
https://www.ligapokemon.com.br/?view=cards/search&card=edid=639%20ed=SSP,SSP,29.75,139.45,763.0,Slakoth (#212/191),Slakoth,C,,212,000000000000212,0.0,29.75,54.07,139.45,2024-10-24 17:45:21,1.0,17.0,639.0,0.0,,,,//arquivos/in/pokemon_bkp/cd/639/6740cbe16fc45-esvh6-364ho-82ffda375fa28fa9a70a0bb6b0e2b3d6.jpg
https://www.ligapokemon.com.br/?view=cards/search&card=edid=639%20ed=SSP,SSP,19.90,50.00,291.0,Kecleon (#213/191),Kecleon,C,,213,000000000000213,0.0,19.90,41.91,50.00,2024-10-15 19:10:25,1.0,17.0,639.0,0.0,,,,//arquivos/in/pokemon_bkp/cd/639/67351217261f0-a09he-6i7dr-82ffda375fa28fa9a70a0bb6b0e2b3d6.jpg
https://www.ligapokemon.com.br/?view=cards/search&card=edid=639%20ed=SSP,SSP,21.00,50.00,1550.0,Braviary (#214/191),Braviary,C,,214,000000000000214,0.0,21.00,37.40,50.00,2024-10-15 19:10:27,1.0,17.0,639.0,0.0,,,,//arquivos/in/pokemon_bkp/cd/639/6735121924c90-z6qr3-9phgv-82ffda375fa28fa9a70a0bb6b0e2b3d6.jpg
https://www.ligapokemon.com.br/?view=cards/search&card=edid=639%20ed=SSP,SSP,7.66,20.00,7188.0,Durant ex (#215/191),Durant ex,G,,215,000000000000215,0.0,7.66,13.46,20.00,2024-10-24 17:45:21,1.0,7.0,639.0,0.0,,,,//arquivos/in/pokemon_bkp/cd/639/6740cbe320f08-b8jr1-u0obz-82ffda375fa28fa9a70a0bb6b0e2b3d6.jpg
https://www.ligapokemon.com.br/?view=cards/search&card=edid=639%20ed=SSP,SSP,7.75,19.90,6582.0,Scovillain ex (#216/191),Scovillain ex,R,,216,000000000000216,0.0,7.75,12.38,19.90,2024-10-24 17:45:21,0.0,7.0,639.0,0.0,,,,//arquivos/in/pokemon_bkp/cd/639/6740cbe4d8285-ia92z-2x3ei-82ffda375fa28fa9a70a0bb6b0e2b3d6.jpg
https://www.ligapokemon.com.br/?view=cards/search&card=edid=639%20ed=SSP,SSP,15.00,74.90,1781.0,Milotic ex (#217/191),Milotic ex,W,,217,000000000000217,0.0,15.00,26.40,74.90,2024-10-24 17:45:21,1.0,7.0,639.0,0.0,,,,//arquivos/in/pokemon_bkp/cd/639/6740cbe67bffc-e67ag-dqamp-82ffda375fa28fa9a70a0bb6b0e2b3d6.jpg
https://www.ligapokemon.com.br/?view=cards/search&card=edid=639%20ed=SSP,SSP,9.90,29.90,7114.0,Black Kyurem ex (#218/191),Kyurem Preto ex,W,,218,000000000000218,0.0,9.90,16.70,29.90,2024-10-15 19:10:27,0.0,7.0,639.0,0.0,,,,//arquivos/in/pokemon_bkp/cd/639/6735121b0df0b-m1ufc-1nd8u-82ffda375fa28fa9a70a0bb6b0e2b3d6.jpg
https://www.ligapokemon.com.br/?view=cards/search&card=edid=639%20ed=SSP,SSP,62.99,214.45,6509.0,Pikachu ex (#219/191),Pikachu ex,L,,219,000000000000219,0.0,62.99,94.72,214.45,2024-10-15 19:10:27,2.0,7.0,639.0,0.0,,,,//arquivos/in/pokemon_bkp/cd/639/6735121cd6ff6-ntmw2-jzl7c-82ffda375fa28fa9a70a0bb6b0e2b3d6.jpg
https://www.ligapokemon.com.br/?view=cards/search&card=edid=639%20ed=SSP,SSP,84.90,105.00,1541.0,Latias ex (#220/191),Latias ex,P,,220,000000000000220,0.0,84.90,89.00,105.00,2024-10-15 19:10:27,1.0,7.0,639.0,0.0,,,,//arquivos/in/pokemon_bkp/cd/639/6735121ea202f-mgplu-lo1ng-82ffda375fa28fa9a70a0bb6b0e2b3d6.jpg
https://www.ligapokemon.com.br/?view=cards/search&card=edid=639%20ed=SSP,SSP,7.19,24.99,7171.0,Palossand ex (#221/191),Palossand ex,P,,221,000000000000221,0.0,7.19,10.85,24.99,2024-10-24 17:45:21,1.0,7.0,639.0,0.0,,,,//arquivos/in/pokemon_bkp/cd/639/6740cbe82690c-w0fuo-qf8l7-82ffda375fa28fa9a70a0bb6b0e2b3d6.jpg
https://www.ligapokemon.com.br/?view=cards/search&card=edid=639%20ed=SSP,SSP,9.90,24.99,475.0,Flygon ex (#222/191),Flygon ex,F,,222,000000000000222,0.0,9.90,18.14,24.99,2024-10-15 19:10:27,0.0,7.0,639.0,0.0,,,,//arquivos/in/pokemon_bkp/cd/639/673512209b936-8p2sa-g9smd-82ffda375fa28fa9a70a0bb6b0e2b3d6.jpg
https://www.ligapokemon.com.br/?view=cards/search&card=edid=639%20ed=SSP,SSP,14.50,84.00,7172.0,Hydreigon ex (#223/191),Hydreigon ex,D,,223,000000000000223,0.0,14.50,26.02,84.00,2024-10-24 17:45:21,0.0,7.0,639.0,0.0,,,,//arquivos/in/pokemon_bkp/cd/639/6740cbea47e70-znxm2-n82we-82ffda375fa28fa9a70a0bb6b0e2b3d6.jpg
https://www.ligapokemon.com.br/?view=cards/search&card=edid=639%20ed=SSP,SSP,12.00,60.00,7106.0,Archaludon ex (#224/191),Archaludon ex,M,,224,000000000000224,0.0,12.00,23.07,60.00,2024-10-15 19:10:27,0.0,7.0,639.0,0.0,,,,//arquivos/in/pokemon_bkp/cd/639/67351222698f4-p40gn-7rsyv-82ffda375fa28fa9a70a0bb6b0e2b3d6.jpg
https://www.ligapokemon.com.br/?view=cards/search&card=edid=639%20ed=SSP,SSP,9.35,39.50,7099.0,Alolan Exeggutor ex (#225/191),Exeggutor de Alola ex,O,,225,000000000000225,0.0,9.35,14.90,39.50,2024-10-15 19:10:28,0.0,7.0,639.0,0.0,,,,//arquivos/in/pokemon_bkp/cd/639/673512243da3b-ndq69-56at1-82ffda375fa28fa9a70a0bb6b0e2b3d6.jpg
https://www.ligapokemon.com.br/?view=cards/search&card=edid=639%20ed=SSP,SSP,7.90,21.89,7174.0,Tatsugiri ex (#226/191),Tatsugiri ex,O,,226,000000000000226,0.0,7.90,12.39,21.89,2024-10-24 17:45:21,0.0,7.0,639.0,0.0,,,,//arquivos/in/pokemon_bkp/cd/639/6740cbebe36b3-37bze-7zndk-82ffda375fa28fa9a70a0bb6b0e2b3d6.jpg
https://www.ligapokemon.com.br/?view=cards/search&card=edid=639%20ed=SSP,SSP,8.95,22.90,7175.0,Slaking ex (#227/191),Slaking ex,C,,227,000000000000227,0.0,8.95,13.62,22.90,2024-10-24 17:45:21,0.0,7.0,639.0,0.0,,,,//arquivos/in/pokemon_bkp/cd/639/6740cbed7b30a-i127o-v32yj-82ffda375fa28fa9a70a0bb6b0e2b3d6.jpg
https://www.ligapokemon.com.br/?view=cards/search&card=edid=639%20ed=SSP,SSP,7.00,28.00,6361.0,Cyclizar ex (#228/191),Cyclizar ex,C,,228,000000000000228,0.0,7.00,12.24,28.00,2024-10-15 19:10:28,0.0,7.0,639.0,0.0,,,,//arquivos/in/pokemon_bkp/cd/639/67351225e4c80-sbhd1-ix7z9-82ffda375fa28fa9a70a0bb6b0e2b3d6.jpg
https://www.ligapokemon.com.br/?view=cards/search&card=edid=639%20ed=SSP,SSP,11.65,38.75,7198.0,Clemont's Quick Wit (#229/191),Sagacidade do Clemont,C,,229,000000000000229,0.0,11.65,18.85,38.75,2024-10-24 17:45:22,0.0,7.0,639.0,0.0,,,,//arquivos/in/pokemon_bkp/cd/639/6740cbef1b645-5q034-xqpba-82ffda375fa28fa9a70a0bb6b0e2b3d6.jpg
https://www.ligapokemon.com.br/?view=cards/search&card=edid=639%20ed=SSP,SSP,60.00,150.00,7181.0,Cyrano (#230/191),Cyrano,C,,230,000000000000230,0.0,60.00,103.94,150.00,2024-10-15 19:10:28,2.0,7.0,639.0,0.0,,,,//arquivos/in/pokemon_bkp/cd/639/67351227b6645-6wabc-am894-82ffda375fa28fa9a70a0bb6b0e2b3d6.jpg
https://www.ligapokemon.com.br/?view=cards/search&card=edid=639%20ed=SSP,SSP,8.50,29.99,7129.0,Drasna (#231/191),Drasna,C,,231,000000000000231,0.0,8.50,16.37,29.99,2024-10-15 19:10:28,0.0,7.0,639.0,0.0,,,,//arquivos/in/pokemon_bkp/cd/639/673512298eff9-kag51-s8tb7-82ffda375fa28fa9a70a0bb6b0e2b3d6.jpg
https://www.ligapokemon.com.br/?view=cards/search&card=edid=639%20ed=SSP,SSP,14.90,44.75,7101.0,Drayton (#232/191),Drayton,C,,232,000000000000232,0.0,14.90,25.06,44.75,2024-10-15 19:10:29,0.0,7.0,639.0,0.0,,,,//arquivos/in/pokemon_bkp/cd/639/6735122b41c1c-6e3ol-z5g3m-82ffda375fa28fa9a70a0bb6b0e2b3d6.jpg
https://www.ligapokemon.com.br/?view=cards/search&card=edid=639%20ed=SSP,SSP,12.90,49.99,7201.0,Jasmine's Gaze (#233/191),Olhar da Jasmine,C,,233,000000000000233,0.0,12.90,25.66,49.99,2024-10-15 19:10:29,0.0,7.0,639.0,0.0,,,,//arquivos/in/pokemon_bkp/cd/639/6735122d0cd01-eaxkw-eozu2-82ffda375fa28fa9a70a0bb6b0e2b3d6.jpg
https://www.ligapokemon.com.br/?view=cards/search&card=edid=639%20ed=SSP,SSP,29.90,97.90,7102.0,Lisia's Appeal (#234/191),Apelo da Elisia,C,,234,000000000000234,0.0,29.90,45.48,97.90,2024-10-15 19:10:29,1.0,7.0,639.0,0.0,,,,//arquivos/in/pokemon_bkp/cd/639/6735122ed3a00-ancpz-v4ptd-82ffda375fa28fa9a70a0bb6b0e2b3d6.jpg
https://www.ligapokemon.com.br/?view=cards/search&card=edid=639%20ed=SSP,SSP,11.90,39.97,7109.0,Surfer (#235/191),Surfista,C,,235,000000000000235,0.0,11.90,20.32,39.97,2024-10-15 19:10:30,0.0,7.0,639.0,0.0,,,,//arquivos/in/pokemon_bkp/cd/639/67351230a3099-qd6cl-qbo7s-82ffda375fa28fa9a70a0bb6b0e2b3d6.jpg
https://www.ligapokemon.com.br/?view=cards/search&card=edid=639%20ed=SSP,SSP,76.50,219.99,7188.0,Durant ex (#236/191),Durant ex,G,,236,000000000000236,0.0,76.50,126.73,219.99,2024-10-24 17:45:22,5.0,18.0,639.0,0.0,,,,//arquivos/in/pokemon_bkp/cd/639/6740cbf0cce7f-fhasr-13h9a-82ffda375fa28fa9a70a0bb6b0e2b3d6.jpg
https://www.ligapokemon.com.br/?view=cards/search&card=edid=639%20ed=SSP,SSP,272.00,680.00,1781.0,Milotic ex (#237/191),Milotic ex,W,,237,000000000000237,0.0,272.00,395.58,680.00,2024-10-15 19:10:30,7.0,18.0,639.0,0.0,,,,//arquivos/in/pokemon_bkp/cd/639/6735123271f17-vcgo4-25hw1-82ffda375fa28fa9a70a0bb6b0e2b3d6.jpg
https://www.ligapokemon.com.br/?view=cards/search&card=edid=639%20ed=SSP,SSP,880.00,5000.00,6509.0,Pikachu ex (#238/191),Pikachu ex,L,,238,000000000000238,0.0,880.00,1173.65,5000.00,2024-10-15 19:10:30,36.0,18.0,639.0,0.0,,,,//arquivos/in/pokemon_bkp/cd/639/67351234448b5-np8ec-3oc6h-82ffda375fa28fa9a70a0bb6b0e2b3d6.jpg
https://www.ligapokemon.com.br/?view=cards/search&card=edid=639%20ed=SSP,SSP,499.00,1163.90,1541.0,Latias ex (#239/191),Latias ex,P,,239,000000000000239,0.0,499.00,575.23,1163.90,2024-10-15 19:10:30,8.0,18.0,639.0,0.0,,,,//arquivos/in/pokemon_bkp/cd/639/673512360db88-2ioar-3qtlm-82ffda375fa28fa9a70a0bb6b0e2b3d6.jpg
https://www.ligapokemon.com.br/?view=cards/search&card=edid=639%20ed=SSP,SSP,108.00,600.00,7172.0,Hydreigon ex (#240/191),Hydreigon ex,D,,240,000000000000240,0.0,108.00,194.23,600.00,2024-10-24 17:45:23,1.0,18.0,639.0,0.0,,,,//arquivos/in/pokemon_bkp/cd/639/6740cbf27f052-sab1o-ml3fh-82ffda375fa28fa9a70a0bb6b0e2b3d6.jpg
https://www.ligapokemon.com.br/?view=cards/search&card=edid=639%20ed=SSP,SSP,88.75,389.90,7106.0,Archaludon ex (#241/191),Archaludon ex,M,,241,000000000000241,0.0,88.75,144.45,389.90,2024-10-15 19:10:31,2.0,18.0,639.0,0.0,,,,//arquivos/in/pokemon_bkp/cd/639/67351238270aa-9k1pa-eup9c-82ffda375fa28fa9a70a0bb6b0e2b3d6.jpg
https://www.ligapokemon.com.br/?view=cards/search&card=edid=639%20ed=SSP,SSP,105.75,448.60,7099.0,Alolan Exeggutor ex (#242/191),Exeggutor de Alola ex,O,,242,000000000000242,0.0,105.75,189.17,448.60,2024-10-15 19:10:31,0.0,18.0,639.0,0.0,,,,//arquivos/in/pokemon_bkp/cd/639/6735123a160e2-cxkvg-9n5i8-82ffda375fa28fa9a70a0bb6b0e2b3d6.jpg
https://www.ligapokemon.com.br/?view=cards/search&card=edid=639%20ed=SSP,SSP,33.92,129.90,7198.0,Clemont's Quick Wit (#243/191),Sagacidade do Clemont,C,,243,000000000000243,0.0,33.92,68.41,129.90,2024-10-24 17:45:23,0.0,18.0,639.0,0.0,,,,//arquivos/in/pokemon_bkp/cd/639/6740cbf425be7-8k43b-gw46j-82ffda375fa28fa9a70a0bb6b0e2b3d6.jpg
https://www.ligapokemon.com.br/?view=cards/search&card=edid=639%20ed=SSP,SSP,49.90,149.90,7101.0,Drayton (#244/191),Drayton,C,,244,000000000000244,0.0,49.90,81.34,149.90,2024-10-15 19:10:31,0.0,18.0,639.0,0.0,,,,//arquivos/in/pokemon_bkp/cd/639/6735123bd6c9e-n89ey-mn5g3-82ffda375fa28fa9a70a0bb6b0e2b3d6.jpg
https://www.ligapokemon.com.br/?view=cards/search&card=edid=639%20ed=SSP,SSP,69.90,199.99,7201.0,Jasmine's Gaze (#245/191),Olhar da Jasmine,C,,245,000000000000245,0.0,69.90,107.09,199.99,2024-10-24 17:45:23,1.0,18.0,639.0,0.0,,,,//arquivos/in/pokemon_bkp/cd/639/6740cbf5b54d9-3iadp-tbpq1-82ffda375fa28fa9a70a0bb6b0e2b3d6.jpg
https://www.ligapokemon.com.br/?view=cards/search&card=edid=639%20ed=SSP,SSP,153.00,449.90,7102.0,Lisia's Appeal (#246/191),Apelo da Elisia,C,,246,000000000000246,0.0,153.00,231.11,449.90,2024-10-15 19:10:32,1.0,18.0,639.0,0.0,,,,//arquivos/in/pokemon_bkp/cd/639/6735123da3fe1-n352g-wyefp-82ffda375fa28fa9a70a0bb6b0e2b3d6.jpg
https://www.ligapokemon.com.br/?view=cards/search&card=edid=639%20ed=SSP,SSP,271.92,738.00,6509.0,Pikachu ex (#247/191),Pikachu ex,L,,247,000000000000247,0.0,271.92,413.53,738.00,2024-10-24 17:45:23,15.0,15.0,639.0,0.0,,,,//arquivos/in/pokemon_bkp/cd/639/6740cbf7610a1-9w7pi-ysja6-82ffda375fa28fa9a70a0bb6b0e2b3d6.jpg
https://www.ligapokemon.com.br/?view=cards/search&card=edid=639%20ed=SSP,SSP,60.00,129.99,7099.0,Alolan Exeggutor ex (#248/191),Exeggutor de Alola ex,O,,248,000000000000248,0.0,60.00,86.74,129.99,2024-10-24 17:45:23,0.0,15.0,639.0,0.0,,,,//arquivos/in/pokemon_bkp/cd/639/6740cbf9007a2-vpieq-nwr13-82ffda375fa28fa9a70a0bb6b0e2b3d6.jpg
https://www.ligapokemon.com.br/?view=cards/search&card=edid=639%20ed=SSP,SSP,34.00,70.00,4659.0,Counter Gain (#249/191),Contra-ataque de Alcance,C,,249,000000000000249,0.0,34.00,50.25,70.00,2024-10-24 17:45:23,0.0,15.0,639.0,0.0,,,,//arquivos/in/pokemon_bkp/cd/639/6740cbfa92195-20cmy-h574l-82ffda375fa28fa9a70a0bb6b0e2b3d6.jpg
https://www.ligapokemon.com.br/?view=cards/search&card=edid=639%20ed=SSP,SSP,62.99,125.98,7184.0,Gravity Mountain (#250/191),Montanha da Gravidade,C,,250,000000000000250,0.0,62.99,83.63,125.98,2024-10-30 16:04:22,0.0,15.0,639.0,0.0,,,,//arquivos/in/pokemon_bkp/cd/639/6740cbfc3af0f-jgkr3-ksmyc-82ffda375fa28fa9a70a0bb6b0e2b3d6.jpg
https://www.ligapokemon.com.br/?view=cards/search&card=edid=639%20ed=SSP,SSP,75.00,239.90,7044.0,Night Stretcher (#251/191),Maca Noturna,C,,251,000000000000251,0.0,75.00,125.42,239.90,2024-10-30 16:04:22,1.0,15.0,639.0,0.0,,,,//arquivos/in/pokemon_bkp/cd/639/6740cbfdcc8e5-mhazo-05vo8-82ffda375fa28fa9a70a0bb6b0e2b3d6.jpg
https://www.ligapokemon.com.br/?view=cards/search&card=edid=639%20ed=SSP,SSP,38.95,129.45,6401.0,Jet Energy (#252/191),Energia a Jato,E,,252,000000000000252,0.0,38.95,55.27,129.45,2024-10-30 16:04:23,1.0,15.0,639.0,0.0,,,,//arquivos/in/pokemon_bkp/cd/639/6740cbff6ad06-s08r9-eb05d-82ffda375fa28fa9a70a0bb6b0e2b3d6.jpg
https://www.ligapokemon.com.br/?view=cards/search&card=edid=633%20ed=SV8,SV8,0.45,0.50,531.0,Exeggcute (#001/106),Exeggcute,G,,001,000000000000001,0.0,0.45,0.47,0.50,2024-10-15 20:20:31,0.0,1.0,633.0,0.0,,,,//arquivos/in/pokemon_bkp/cd/633/670ef8d67533b-zlyju-5nfr9-9b9f860cdd409aaaf54a13737806758c.jpg
https://www.ligapokemon.com.br/?view=cards/search&card=edid=633%20ed=SV8,SV8,0.88,1.00,519.0,Exeggutor (#002/106),Exeggutor,G,,002,000000000000002,0.0,0.88,0.95,1.00,2024-10-15 20:20:31,0.0,2.0,633.0,0.0,,,,//arquivos/in/pokemon_bkp/cd/633/670ef8d83bec1-1tsw3-o328f-9b9f860cdd409aaaf54a13737806758c.jpg
https://www.ligapokemon.com.br/?view=cards/search&card=edid=633%20ed=SV8,SV8,5.50,11.90,7188.0,Durant ex (#003/106),Durant ex,G,,003,000000000000003,0.0,5.50,7.70,11.90,2024-10-15 20:20:31,0.0,20.0,633.0,0.0,,,,//arquivos/in/pokemon_bkp/cd/633/670ef8da062fe-a2pce-sri2o-9b9f860cdd409aaaf54a13737806758c.jpg
https://www.ligapokemon.com.br/?view=cards/search&card=edid=633%20ed=SV8,SV8,0.36,0.50,572.0,Scatterbug (#004/106),Scatterbug,G,,004,000000000000004,0.0,0.36,0.46,0.50,2024-10-08 18:17:27,0.0,1.0,633.0,0.0,,,,//arquivos/in/pokemon_bkp/cd/633/6705a17289895-esnyq-e1fvj-9b9f860cdd409aaaf54a13737806758c.jpg
https://www.ligapokemon.com.br/?view=cards/search&card=edid=633%20ed=SV8,SV8,0.36,0.50,573.0,Spewpa (#005/106),Spewpa,G,,005,000000000000005,0.0,0.36,0.46,0.50,2024-10-08 18:17:28,0.0,1.0,633.0,0.0,,,,//arquivos/in/pokemon_bkp/cd/633/6705a17460ee9-l16i5-mhtg0-9b9f860cdd409aaaf54a13737806758c.jpg
https://www.ligapokemon.com.br/?view=cards/search&card=edid=633%20ed=SV8,SV8,0.49,1.00,574.0,Vivillon (#006/106),Vivillon,G,,006,000000000000006,0.0,0.49,0.88,1.00,2024-10-08 18:17:28,0.0,2.0,633.0,0.0,,,,//arquivos/in/pokemon_bkp/cd/633/6705a1763004f-aet5b-wohxj-9b9f860cdd409aaaf54a13737806758c.jpg
https://www.ligapokemon.com.br/?view=cards/search&card=edid=633%20ed=SV8,SV8,0.36,0.50,6326.0,Capsakid (#007/106),Capsakid,G,,007,000000000000007,0.0,0.36,0.46,0.50,2024-10-04 14:26:38,0.0,1.0,633.0,0.0,,,,//arquivos/in/pokemon_bkp/cd/633/6700255de1a63-giuxh-mzfhy-9b9f860cdd409aaaf54a13737806758c.jpg
https://www.ligapokemon.com.br/?view=cards/search&card=edid=633%20ed=SV8,SV8,0.36,0.50,6434.0,Rellor (#008/106),Rellor,G,,008,000000000000008,0.0,0.36,0.46,0.50,2024-10-04 14:26:38,0.0,1.0,633.0,0.0,,,,//arquivos/in/pokemon_bkp/cd/633/6700255fb5bb8-hsndz-hvzwl-9b9f860cdd409aaaf54a13737806758c.jpg
https://www.ligapokemon.com.br/?view=cards/search&card=edid=633%20ed=SV8,SV8,3.29,4.00,6442.0,Rabsca (#009/106),Rabsca,G,,009,000000000000009,0.0,3.29,3.35,4.00,2024-10-04 14:26:38,0.0,3.0,633.0,0.0,,,,//arquivos/in/pokemon_bkp/cd/633/670025618b411-97vuz-kja7g-9b9f860cdd409aaaf54a13737806758c.jpg
https://www.ligapokemon.com.br/?view=cards/search&card=edid=633%20ed=SV8,SV8,0.94,0.95,6667.0,Wo-Chien (#010/106),Wo-Chien,G,,010,000000000000010,0.0,0.94,0.95,0.95,2024-10-04 14:26:39,0.0,2.0,633.0,0.0,,,,//arquivos/in/pokemon_bkp/cd/633/670025635afe1-d9fv4-1o0hp-9b9f860cdd409aaaf54a13737806758c.jpg
https://www.ligapokemon.com.br/?view=cards/search&card=edid=633%20ed=SV8,SV8,0.83,1.00,6386.0,Paldean Tauros (#011/106),Tauros de Paldea,R,,011,000000000000011,0.0,0.83,0.88,1.00,2024-10-15 20:20:31,0.0,2.0,633.0,0.0,,,,//arquivos/in/pokemon_bkp/cd/633/670ef8dbc2949-nt3xu-3qh2o-9b9f860cdd409aaaf54a13737806758c.jpg
https://www.ligapokemon.com.br/?view=cards/search&card=edid=633%20ed=SV8,SV8,0.36,0.36,39.0,Victini (#012/106),Victini,R,,012,000000000000012,0.0,0.36,0.40,0.36,2024-10-15 20:20:31,0.0,2.0,633.0,0.0,,,,//arquivos/in/pokemon_bkp/cd/633/670ef8dd8a8b5-luj19-9ri1h-9b9f860cdd409aaaf54a13737806758c.jpg
https://www.ligapokemon.com.br/?view=cards/search&card=edid=633%20ed=SV8,SV8,0.36,0.50,714.0,Larvesta (#013/106),Larvesta,R,,013,000000000000013,0.0,0.36,0.46,0.50,2024-10-15 20:20:31,0.0,1.0,633.0,0.0,,,,//arquivos/in/pokemon_bkp/cd/633/670ef8df3f0f0-ihyde-qkepj-9b9f860cdd409aaaf54a13737806758c.jpg
https://www.ligapokemon.com.br/?view=cards/search&card=edid=633%20ed=SV8,SV8,0.36,0.50,715.0,Volcarona (#014/106),Volcarona,R,,014,000000000000014,0.0,0.36,0.46,0.50,2024-10-15 20:20:31,0.0,1.0,633.0,0.0,,,,//arquivos/in/pokemon_bkp/cd/633/670ef8e121f09-in4cb-ykefp-9b9f860cdd409aaaf54a13737806758c.jpg
https://www.ligapokemon.com.br/?view=cards/search&card=edid=633%20ed=SV8,SV8,0.36,0.50,4977.0,Sizzlipede (#015/106),Sizzlipede,R,,015,000000000000015,0.0,0.36,0.44,0.50,2024-10-15 20:20:31,0.0,1.0,633.0,0.0,,,,//arquivos/in/pokemon_bkp/cd/633/670ef8e2de3af-pjbd0-j62in-9b9f860cdd409aaaf54a13737806758c.jpg
https://www.ligapokemon.com.br/?view=cards/search&card=edid=633%20ed=SV8,SV8,0.36,0.45,4949.0,Centiskorch (#016/106),Centiskorch,R,,016,000000000000016,0.0,0.36,0.43,0.45,2024-10-15 20:20:31,0.0,1.0,633.0,0.0,,,,//arquivos/in/pokemon_bkp/cd/633/670ef8e4b2e12-xajf8-7oqti-9b9f860cdd409aaaf54a13737806758c.jpg
https://www.ligapokemon.com.br/?view=cards/search&card=edid=633%20ed=SV8,SV8,0.36,0.45,6354.0,Fuecoco (#017/106),Fuecoco,R,,017,000000000000017,0.0,0.36,0.43,0.45,2024-10-02 17:43:31,0.0,1.0,633.0,0.0,,,,//arquivos/in/pokemon_bkp/cd/633/66fdb0bfec4e8-zpsqk-mswkl-9b9f860cdd409aaaf54a13737806758c.jpg
https://www.ligapokemon.com.br/?view=cards/search&card=edid=633%20ed=SV8,SV8,0.36,0.50,6387.0,Crocalor (#018/106),Crocalor,R,,018,000000000000018,0.0,0.36,0.45,0.50,2024-10-02 17:43:32,0.0,1.0,633.0,0.0,,,,//arquivos/in/pokemon_bkp/cd/633/66fdb0c1bf380-4k0jb-pytqb-9b9f860cdd409aaaf54a13737806758c.jpg
https://www.ligapokemon.com.br/?view=cards/search&card=edid=633%20ed=SV8,SV8,1.89,1.89,6419.0,Skeledirge (#019/106),Skeledirge,R,,019,000000000000019,0.0,1.89,1.89,1.89,2024-10-02 17:43:32,0.0,3.0,633.0,0.0,,,,//arquivos/in/pokemon_bkp/cd/633/66fdb0c44e7d3-u9nhx-3lm71-9b9f860cdd409aaaf54a13737806758c.jpg
https://www.ligapokemon.com.br/?view=cards/search&card=edid=633%20ed=SV8,SV8,0.36,0.45,6294.0,Charcadet (#020/106),Charcadet,R,,020,000000000000020,0.0,0.36,0.44,0.45,2024-10-08 18:17:28,0.0,1.0,633.0,0.0,,,,//arquivos/in/pokemon_bkp/cd/633/6705a177ed550-69fuj-u9b2c-9b9f860cdd409aaaf54a13737806758c.jpg
https://www.ligapokemon.com.br/?view=cards/search&card=edid=633%20ed=SV8,SV8,0.75,0.75,6295.0,Armarouge (#021/106),Armarouge,R,,021,000000000000021,0.0,0.75,0.75,0.75,2024-10-08 18:17:28,0.0,2.0,633.0,0.0,,,,//arquivos/in/pokemon_bkp/cd/633/6705a179c37cc-8bl4e-oz1th-9b9f860cdd409aaaf54a13737806758c.jpg
https://www.ligapokemon.com.br/?view=cards/search&card=edid=633%20ed=SV8,SV8,0.85,0.85,6460.0,Ceruledge (#022/106),Ceruledge,R,,022,000000000000022,0.0,0.85,0.85,0.85,2024-10-08 18:17:28,0.0,2.0,633.0,0.0,,,,//arquivos/in/pokemon_bkp/cd/633/6705a17ba2881-7fqoi-37a0b-9b9f860cdd409aaaf54a13737806758c.jpg
https://www.ligapokemon.com.br/?view=cards/search&card=edid=633%20ed=SV8,SV8,5.79,12.00,6582.0,Scovillain ex (#023/106),Scovillain ex,R,,023,000000000000023,0.0,5.79,8.75,12.00,2024-10-04 14:26:39,0.0,20.0,633.0,0.0,,,,//arquivos/in/pokemon_bkp/cd/633/6700256539eef-a6uof-fjpda-9b9f860cdd409aaaf54a13737806758c.jpg
https://www.ligapokemon.com.br/?view=cards/search&card=edid=633%20ed=SV8,SV8,0.83,1.00,6386.0,Paldean Tauros (#024/106),Tauros de Paldea,W,,024,000000000000024,0.0,0.83,0.93,1.00,2024-10-15 20:20:32,0.0,2.0,633.0,0.0,,,,//arquivos/in/pokemon_bkp/cd/633/670ef8e677f4b-6pifv-ui6pr-9b9f860cdd409aaaf54a13737806758c.jpg
https://www.ligapokemon.com.br/?view=cards/search&card=edid=633%20ed=SV8,SV8,0.36,0.50,206.0,Feebas (#025/106),Feebas,W,,025,000000000000025,0.0,0.36,0.46,0.50,2024-10-04 14:26:39,0.0,1.0,633.0,0.0,,,,//arquivos/in/pokemon_bkp/cd/633/6700256716219-wy2i8-tu958-9b9f860cdd409aaaf54a13737806758c.jpg
https://www.ligapokemon.com.br/?view=cards/search&card=edid=633%20ed=SV8,SV8,8.30,30.00,1781.0,Milotic ex (#026/106),Milotic ex,W,,026,000000000000026,0.0,8.30,10.23,30.00,2024-10-02 17:43:32,0.0,20.0,633.0,0.0,,,,//arquivos/in/pokemon_bkp/cd/633/66fdb0c66e9eb-47egx-kdej9-9b9f860cdd409aaaf54a13737806758c.jpg
https://www.ligapokemon.com.br/?view=cards/search&card=edid=633%20ed=SV8,SV8,0.45,0.45,456.0,Spheal (#027/106),Spheal,W,,027,000000000000027,0.0,0.45,0.45,0.45,2024-10-15 20:20:33,0.0,1.0,633.0,0.0,,,,//arquivos/in/pokemon_bkp/cd/633/670ef8e83ee9a-vtjic-ops78-9b9f860cdd409aaaf54a13737806758c.jpg
https://www.ligapokemon.com.br/?view=cards/search&card=edid=633%20ed=SV8,SV8,0.45,0.50,442.0,Sealeo (#028/106),Sealeo,W,,028,000000000000028,0.0,0.45,0.47,0.50,2024-10-15 20:20:33,0.0,1.0,633.0,0.0,,,,//arquivos/in/pokemon_bkp/cd/633/670ef8e9ef780-y238p-ko2q0-9b9f860cdd409aaaf54a13737806758c.jpg
https://www.ligapokemon.com.br/?view=cards/search&card=edid=633%20ed=SV8,SV8,0.85,1.00,1127.0,Walrein (#029/106),Walrein,W,,029,000000000000029,0.0,0.85,0.96,1.00,2024-10-15 20:20:33,0.0,2.0,633.0,0.0,,,,//arquivos/in/pokemon_bkp/cd/633/670ef8ebb1e99-thy71-3xhlu-9b9f860cdd409aaaf54a13737806758c.jpg
https://www.ligapokemon.com.br/?view=cards/search&card=edid=633%20ed=SV8,SV8,0.36,0.50,4181.0,Shellos (#030/106),Shellos,W,,030,000000000000030,0.0,0.36,0.46,0.50,2024-10-15 20:20:33,0.0,1.0,633.0,0.0,,,,//arquivos/in/pokemon_bkp/cd/633/670ef8ed72168-j6zla-szxj8-9b9f860cdd409aaaf54a13737806758c.jpg
https://www.ligapokemon.com.br/?view=cards/search&card=edid=633%20ed=SV8,SV8,0.36,1.00,6669.0,Iron Bundle (#031/106),Pacote F&eacute;rreo,W,,031,000000000000031,0.0,0.36,0.88,1.00,2024-10-02 17:43:32,0.0,2.0,633.0,0.0,,,,//arquivos/in/pokemon_bkp/cd/633/66fdb0c84ffa8-o4wjc-2i49t-9b9f860cdd409aaaf54a13737806758c.jpg
https://www.ligapokemon.com.br/?view=cards/search&card=edid=633%20ed=SV8,SV8,1.85,1.85,6670.0,Chien-Pao (#032/106),Chien-Pao,W,,032,000000000000032,0.0,1.85,1.85,1.85,2024-10-15 20:20:33,0.0,3.0,633.0,0.0,,,,//arquivos/in/pokemon_bkp/cd/633/670ef8ef25078-r3v7c-2dulc-9b9f860cdd409aaaf54a13737806758c.jpg
https://www.ligapokemon.com.br/?view=cards/search&card=edid=633%20ed=SV8,SV8,37.99,69.90,6509.0,Pikachu ex (#033/106),Pikachu ex,L,,033,000000000000033,0.0,37.99,47.61,69.90,2024-10-02 17:43:32,1.0,20.0,633.0,0.0,,,,//arquivos/in/pokemon_bkp/cd/633/66fdb0ca6ea55-nv4cz-fdkpi-9b9f860cdd409aaaf54a13737806758c.jpg
https://www.ligapokemon.com.br/?view=cards/search&card=edid=633%20ed=SV8,SV8,0.36,0.50,453.0,Magnemite (#034/106),Magnemite,L,,034,000000000000034,0.0,0.36,0.45,0.50,2024-10-02 17:43:33,0.0,1.0,633.0,0.0,,,,//arquivos/in/pokemon_bkp/cd/633/66fdb0cc50463-veh6a-h20bf-9b9f860cdd409aaaf54a13737806758c.jpg
https://www.ligapokemon.com.br/?view=cards/search&card=edid=633%20ed=SV8,SV8,0.48,0.65,431.0,Magneton (#035/106),Magneton,L,,035,000000000000035,0.0,0.48,0.57,0.65,2024-10-02 17:43:33,0.0,2.0,633.0,0.0,,,,//arquivos/in/pokemon_bkp/cd/633/66fdb0ce4d836-se2po-58abo-9b9f860cdd409aaaf54a13737806758c.jpg
https://www.ligapokemon.com.br/?view=cards/search&card=edid=633%20ed=SV8,SV8,0.94,1.00,662.0,Magnezone (#036/106),Magnezone,L,,036,000000000000036,0.0,0.94,0.97,1.00,2024-10-02 17:43:33,0.0,2.0,633.0,0.0,,,,//arquivos/in/pokemon_bkp/cd/633/66fdb0d050168-9ax45-qvjyl-9b9f860cdd409aaaf54a13737806758c.jpg
https://www.ligapokemon.com.br/?view=cards/search&card=edid=633%20ed=SV8,SV8,0.45,0.50,5.0,Rotom (#037/106),Rotom,L,,037,000000000000037,0.0,0.45,0.47,0.50,2024-10-15 20:20:33,0.0,1.0,633.0,0.0,,,,//arquivos/in/pokemon_bkp/cd/633/670ef8f0e0998-fn0bv-lo7r1-9b9f860cdd409aaaf54a13737806758c.jpg
https://www.ligapokemon.com.br/?view=cards/search&card=edid=633%20ed=SV8,SV8,0.43,0.50,245.0,Blitzle (#038/106),Blitzle,L,,038,000000000000038,0.0,0.43,0.45,0.50,2024-10-15 20:20:33,0.0,1.0,633.0,0.0,,,,//arquivos/in/pokemon_bkp/cd/633/670ef8f2a7b8a-epal7-z6esp-9b9f860cdd409aaaf54a13737806758c.jpg
https://www.ligapokemon.com.br/?view=cards/search&card=edid=633%20ed=SV8,SV8,0.45,0.50,816.0,Zebstrika (#039/106),Zebstrika,L,,039,000000000000039,0.0,0.45,0.47,0.50,2024-10-15 20:20:34,0.0,1.0,633.0,0.0,,,,//arquivos/in/pokemon_bkp/cd/633/670ef8f469c9b-j17gt-s4fik-9b9f860cdd409aaaf54a13737806758c.jpg
https://www.ligapokemon.com.br/?view=cards/search&card=edid=633%20ed=SV8,SV8,0.43,0.50,95.0,Stunfisk (#040/106),Stunfisk,L,,040,000000000000040,0.0,0.43,0.46,0.50,2024-10-15 20:20:34,0.0,1.0,633.0,0.0,,,,//arquivos/in/pokemon_bkp/cd/633/670ef8f6368cc-7au9p-7p51y-9b9f860cdd409aaaf54a13737806758c.jpg
https://www.ligapokemon.com.br/?view=cards/search&card=edid=633%20ed=SV8,SV8,0.99,4.00,4368.0,Tapu Koko (#041/106),Tapu Koko,L,,041,000000000000041,0.0,0.99,2.07,4.00,2024-10-02 17:43:33,0.0,3.0,633.0,0.0,,,,//arquivos/in/pokemon_bkp/cd/633/66fdb0d236a98-cfd2w-b1vi9-9b9f860cdd409aaaf54a13737806758c.jpg
https://www.ligapokemon.com.br/?view=cards/search&card=edid=633%20ed=SV8,SV8,0.42,0.50,6300.0,Wattrel (#042/106),Wattrel,L,,042,000000000000042,0.0,0.42,0.46,0.50,2024-10-15 20:20:34,0.0,1.0,633.0,0.0,,,,//arquivos/in/pokemon_bkp/cd/633/670ef8f7f1979-wjoh6-2mftp-9b9f860cdd409aaaf54a13737806758c.jpg
https://www.ligapokemon.com.br/?view=cards/search&card=edid=633%20ed=SV8,SV8,0.87,1.00,6301.0,Kilowattrel (#043/106),Kilowattrel,L,,043,000000000000043,0.0,0.87,0.93,1.00,2024-10-15 20:20:35,0.0,2.0,633.0,0.0,,,,//arquivos/in/pokemon_bkp/cd/633/670ef8f9b4c94-s3x4b-jrnyk-9b9f860cdd409aaaf54a13737806758c.jpg
https://www.ligapokemon.com.br/?view=cards/search&card=edid=633%20ed=SV8,SV8,0.75,2.00,6357.0,Miraidon (#044/106),Miraidon,L,,044,000000000000044,0.0,0.75,0.96,2.00,2024-10-08 18:17:28,0.0,2.0,633.0,0.0,,,,//arquivos/in/pokemon_bkp/cd/633/6705a17d85edb-ua9sn-he496-9b9f860cdd409aaaf54a13737806758c.jpg
https://www.ligapokemon.com.br/?view=cards/search&card=edid=633%20ed=SV8,SV8,0.36,1.00,225.0,Togepi (#045/106),Togepi,P,,045,000000000000045,0.0,0.36,0.60,1.00,2024-10-02 17:43:34,0.0,1.0,633.0,0.0,,,,//arquivos/in/pokemon_bkp/cd/633/66fdb0d40a335-fp6qs-d01u6-9b9f860cdd409aaaf54a13737806758c.jpg
https://www.ligapokemon.com.br/?view=cards/search&card=edid=633%20ed=SV8,SV8,0.48,0.48,194.0,Togetic (#046/106),Togetic,P,,046,000000000000046,0.0,0.48,0.48,0.48,2024-10-02 17:43:35,0.0,1.0,633.0,0.0,,,,//arquivos/in/pokemon_bkp/cd/633/66fdb0d5c71b5-cqgw1-ecf9y-9b9f860cdd409aaaf54a13737806758c.jpg
https://www.ligapokemon.com.br/?view=cards/search&card=edid=633%20ed=SV8,SV8,5.00,5.00,154.0,Togekiss (#047/106),Togekiss,P,,047,000000000000047,0.0,5.00,5.00,5.00,2024-10-02 17:43:35,0.0,3.0,633.0,0.0,,,,//arquivos/in/pokemon_bkp/cd/633/66fdb0d79ef40-7gjt0-7ivd5-9b9f860cdd409aaaf54a13737806758c.jpg
https://www.ligapokemon.com.br/?view=cards/search&card=edid=633%20ed=SV8,SV8,0.80,0.80,1124.0,Uxie (#048/106),Uxie,P,,048,000000000000048,0.0,0.80,0.80,0.80,2024-10-04 14:26:39,0.0,1.0,633.0,0.0,,,,//arquivos/in/pokemon_bkp/cd/633/67002568e33af-r4ocs-i3fvh-9b9f860cdd409aaaf54a13737806758c.jpg
https://www.ligapokemon.com.br/?view=cards/search&card=edid=633%20ed=SV8,SV8,0.69,0.69,1123.0,Mesprit (#049/106),Mesprit,P,,049,000000000000049,0.0,0.69,0.69,0.69,2024-10-04 14:26:39,0.0,1.0,633.0,0.0,,,,//arquivos/in/pokemon_bkp/cd/633/6700256ac8443-jalm8-ixdr1-9b9f860cdd409aaaf54a13737806758c.jpg
https://www.ligapokemon.com.br/?view=cards/search&card=edid=633%20ed=SV8,SV8,0.50,0.50,1121.0,Azelf (#050/106),Azelf,P,,050,000000000000050,0.0,0.50,0.50,0.50,2024-10-04 14:26:39,0.0,1.0,633.0,0.0,,,,//arquivos/in/pokemon_bkp/cd/633/6700256c9d98f-ez63q-c3uzt-9b9f860cdd409aaaf54a13737806758c.jpg
https://www.ligapokemon.com.br/?view=cards/search&card=edid=633%20ed=SV8,SV8,0.45,0.50,727.0,Yamask (#051/106),Yamask,P,,051,000000000000051,0.0,0.45,0.46,0.50,2024-10-15 20:20:35,0.0,1.0,633.0,0.0,,,,//arquivos/in/pokemon_bkp/cd/633/670ef8fb7db3a-gbtjl-zq2aw-9b9f860cdd409aaaf54a13737806758c.jpg
https://www.ligapokemon.com.br/?view=cards/search&card=edid=633%20ed=SV8,SV8,1.90,3.00,728.0,Cofagrigus (#052/106),Cofagrigus,P,,052,000000000000052,0.0,1.90,2.04,3.00,2024-10-15 20:20:35,0.0,3.0,633.0,0.0,,,,//arquivos/in/pokemon_bkp/cd/633/670ef8fd40b21-p8noy-tiuqr-9b9f860cdd409aaaf54a13737806758c.jpg
https://www.ligapokemon.com.br/?view=cards/search&card=edid=633%20ed=SV8,SV8,0.36,0.36,1957.0,Espurr (#053/106),Espurr,P,,053,000000000000053,0.0,0.36,0.40,0.36,2024-10-04 14:26:39,0.0,1.0,633.0,0.0,,,,//arquivos/in/pokemon_bkp/cd/633/6700256eaa67e-67v4z-egma0-9b9f860cdd409aaaf54a13737806758c.jpg
https://www.ligapokemon.com.br/?view=cards/search&card=edid=633%20ed=SV8,SV8,0.85,0.85,1690.0,Meowstic (#054/106),Meowstic,P,,054,000000000000054,0.0,0.85,0.85,0.85,2024-10-04 14:26:40,0.0,2.0,633.0,0.0,,,,//arquivos/in/pokemon_bkp/cd/633/6700257080a18-u6vt7-tzx8f-9b9f860cdd409aaaf54a13737806758c.jpg
https://www.ligapokemon.com.br/?view=cards/search&card=edid=633%20ed=SV8,SV8,0.50,0.50,1172.0,Dedenne (#055/106),Dedenne,P,,055,000000000000055,0.0,0.50,0.50,0.50,2024-10-15 20:20:35,0.0,1.0,633.0,0.0,,,,//arquivos/in/pokemon_bkp/cd/633/670ef8ff07215-pasil-u592n-9b9f860cdd409aaaf54a13737806758c.jpg
https://www.ligapokemon.com.br/?view=cards/search&card=edid=633%20ed=SV8,SV8,0.43,0.50,4280.0,Sandygast (#056/106),Sandygast,P,,056,000000000000056,0.0,0.43,0.47,0.50,2024-10-02 17:43:35,0.0,1.0,633.0,0.0,,,,//arquivos/in/pokemon_bkp/cd/633/66fdb0d978de0-9mxci-ckvdx-9b9f860cdd409aaaf54a13737806758c.jpg
https://www.ligapokemon.com.br/?view=cards/search&card=edid=633%20ed=SV8,SV8,5.90,15.00,7171.0,Palossand ex (#057/106),Palossand ex,P,,057,000000000000057,0.0,5.90,8.30,15.00,2024-10-02 17:43:35,0.0,20.0,633.0,0.0,,,,//arquivos/in/pokemon_bkp/cd/633/66fdb0db70f71-j7e60-awndr-9b9f860cdd409aaaf54a13737806758c.jpg
https://www.ligapokemon.com.br/?view=cards/search&card=edid=633%20ed=SV8,SV8,0.50,1.00,5058.0,Indeedee (#058/106),Indeedee,P,,058,000000000000058,0.0,0.50,0.85,1.00,2024-10-15 20:20:35,0.0,2.0,633.0,0.0,,,,//arquivos/in/pokemon_bkp/cd/633/670ef900d55e3-ci3m9-txrug-9b9f860cdd409aaaf54a13737806758c.jpg
https://www.ligapokemon.com.br/?view=cards/search&card=edid=633%20ed=SV8,SV8,0.49,1.00,6909.0,Flutter Mane (#059/106),Juba Sopro,P,,059,000000000000059,0.0,0.49,0.93,1.00,2024-10-02 17:43:35,0.0,2.0,633.0,0.0,,,,//arquivos/in/pokemon_bkp/cd/633/66fdb0dd555aa-0cexn-u8qn6-9b9f860cdd409aaaf54a13737806758c.jpg
https://www.ligapokemon.com.br/?view=cards/search&card=edid=633%20ed=SV8,SV8,0.36,0.50,218.0,Mankey (#060/106),Mankey,F,,060,000000000000060,0.0,0.36,0.46,0.50,2024-10-15 20:20:35,0.0,1.0,633.0,0.0,,,,//arquivos/in/pokemon_bkp/cd/633/670ef902999a1-1ojbs-mhlkc-9b9f860cdd409aaaf54a13737806758c.jpg
https://www.ligapokemon.com.br/?view=cards/search&card=edid=633%20ed=SV8,SV8,0.45,0.45,169.0,Primeape (#061/106),Primeape,F,,061,000000000000061,0.0,0.45,0.45,0.45,2024-10-15 20:20:35,0.0,1.0,633.0,0.0,,,,//arquivos/in/pokemon_bkp/cd/633/670ef90461a14-i1o2p-te05p-9b9f860cdd409aaaf54a13737806758c.jpg
https://www.ligapokemon.com.br/?view=cards/search&card=edid=633%20ed=SV8,SV8,0.73,0.75,6337.0,Annihilape (#062/106),Annihilape,F,,062,000000000000062,0.0,0.73,0.74,0.75,2024-10-15 20:20:35,0.0,2.0,633.0,0.0,,,,//arquivos/in/pokemon_bkp/cd/633/670ef9062d72b-qtjv9-yupek-9b9f860cdd409aaaf54a13737806758c.jpg
https://www.ligapokemon.com.br/?view=cards/search&card=edid=633%20ed=SV8,SV8,0.75,1.00,6386.0,Paldean Tauros (#063/106),Tauros de Paldea,F,,063,000000000000063,0.0,0.75,0.83,1.00,2024-10-15 20:20:35,0.0,2.0,633.0,0.0,,,,//arquivos/in/pokemon_bkp/cd/633/670ef907e9df7-wsxnr-my56r-9b9f860cdd409aaaf54a13737806758c.jpg
https://www.ligapokemon.com.br/?view=cards/search&card=edid=633%20ed=SV8,SV8,0.36,0.50,332.0,Phanpy (#064/106),Phanpy,F,,064,000000000000064,0.0,0.36,0.46,0.50,2024-10-15 20:20:36,0.0,1.0,633.0,0.0,,,,//arquivos/in/pokemon_bkp/cd/633/670ef909ad495-v71fs-pdha1-9b9f860cdd409aaaf54a13737806758c.jpg
https://www.ligapokemon.com.br/?view=cards/search&card=edid=633%20ed=SV8,SV8,0.36,0.50,139.0,Donphan (#065/106),Donphan,F,,065,000000000000065,0.0,0.36,0.45,0.50,2024-10-15 20:20:37,0.0,1.0,633.0,0.0,,,,//arquivos/in/pokemon_bkp/cd/633/670ef90b767b4-hc21m-9x53q-9b9f860cdd409aaaf54a13737806758c.jpg
https://www.ligapokemon.com.br/?view=cards/search&card=edid=633%20ed=SV8,SV8,1.85,2.00,4171.0,Gastrodon (#066/106),Gastrodon,F,,066,000000000000066,0.0,1.85,1.88,2.00,2024-10-15 20:20:37,0.0,3.0,633.0,0.0,,,,//arquivos/in/pokemon_bkp/cd/633/670ef90d445ff-x5yc6-kpnux-9b9f860cdd409aaaf54a13737806758c.jpg
https://www.ligapokemon.com.br/?view=cards/search&card=edid=633%20ed=SV8,SV8,0.36,0.50,6444.0,Glimmet (#067/106),Glimmet,F,,067,000000000000067,0.0,0.36,0.46,0.50,2024-10-15 20:20:37,0.0,1.0,633.0,0.0,,,,//arquivos/in/pokemon_bkp/cd/633/670ef90f0718c-yh7sj-8fvsu-9b9f860cdd409aaaf54a13737806758c.jpg
https://www.ligapokemon.com.br/?view=cards/search&card=edid=633%20ed=SV8,SV8,0.45,0.50,6445.0,Glimmora (#068/106),Glimmora,F,,068,000000000000068,0.0,0.45,0.47,0.50,2024-10-15 20:20:37,0.0,1.0,633.0,0.0,,,,//arquivos/in/pokemon_bkp/cd/633/670ef910bc3a3-zsh8m-5afgd-9b9f860cdd409aaaf54a13737806758c.jpg
https://www.ligapokemon.com.br/?view=cards/search&card=edid=633%20ed=SV8,SV8,0.94,1.00,6358.0,Koraidon (#069/106),Koraidon,F,,069,000000000000069,0.0,0.94,0.97,1.00,2024-10-08 18:17:28,0.0,2.0,633.0,0.0,,,,//arquivos/in/pokemon_bkp/cd/633/6705a17f5d0ad-xsukn-pal6j-9b9f860cdd409aaaf54a13737806758c.jpg
https://www.ligapokemon.com.br/?view=cards/search&card=edid=633%20ed=SV8,SV8,0.45,0.50,105.0,Deino (#070/106),Deino,D,,070,000000000000070,0.0,0.45,0.48,0.50,2024-10-02 17:43:35,0.0,1.0,633.0,0.0,,,,//arquivos/in/pokemon_bkp/cd/633/66fdb0df2c3e1-b0i96-y24mc-9b9f860cdd409aaaf54a13737806758c.jpg
https://www.ligapokemon.com.br/?view=cards/search&card=edid=633%20ed=SV8,SV8,0.75,0.75,106.0,Zweilous (#071/106),Zweilous,D,,071,000000000000071,0.0,0.75,0.75,0.75,2024-10-02 17:43:36,0.0,1.0,633.0,0.0,,,,//arquivos/in/pokemon_bkp/cd/633/66fdb0e0ee739-19etc-djb06-9b9f860cdd409aaaf54a13737806758c.jpg
https://www.ligapokemon.com.br/?view=cards/search&card=edid=633%20ed=SV8,SV8,8.90,39.90,7172.0,Hydreigon ex (#072/106),Hydreigon ex,D,,072,000000000000072,0.0,8.90,14.83,39.90,2024-10-02 17:43:36,0.0,20.0,633.0,0.0,,,,//arquivos/in/pokemon_bkp/cd/633/66fdb0e2e1158-a6tx3-5ebti-9b9f860cdd409aaaf54a13737806758c.jpg
https://www.ligapokemon.com.br/?view=cards/search&card=edid=633%20ed=SV8,SV8,0.36,0.50,6466.0,Shroodle (#073/106),Shroodle,D,,073,000000000000073,0.0,0.36,0.46,0.50,2024-10-15 20:20:37,0.0,1.0,633.0,0.0,,,,//arquivos/in/pokemon_bkp/cd/633/670ef9128b64f-v2xmi-n3ico-9b9f860cdd409aaaf54a13737806758c.jpg
https://www.ligapokemon.com.br/?view=cards/search&card=edid=633%20ed=SV8,SV8,0.36,1.00,6467.0,Grafaiai (#074/106),Grafaiai,D,,074,000000000000074,0.0,0.36,0.85,1.00,2024-10-15 20:20:37,0.0,2.0,633.0,0.0,,,,//arquivos/in/pokemon_bkp/cd/633/670ef9144dea9-ub1in-ux7to-9b9f860cdd409aaaf54a13737806758c.jpg
https://www.ligapokemon.com.br/?view=cards/search&card=edid=633%20ed=SV8,SV8,0.70,0.70,7016.0,Pecharunt (#075/106),Pecharunt,D,,075,000000000000075,0.0,0.70,0.70,0.70,2024-10-02 17:43:36,0.0,2.0,633.0,0.0,,,,//arquivos/in/pokemon_bkp/cd/633/66fdb0e4badb7-e7urs-0nsgl-9b9f860cdd409aaaf54a13737806758c.jpg
https://www.ligapokemon.com.br/?view=cards/search&card=edid=633%20ed=SV8,SV8,0.40,0.45,4227.0,Alolan Diglett (#076/106),Diglett de Alola,M,,076,000000000000076,0.0,0.40,0.44,0.45,2024-10-15 20:20:37,0.0,1.0,633.0,0.0,,,,//arquivos/in/pokemon_bkp/cd/633/670ef9160d73c-vhf4r-31goc-9b9f860cdd409aaaf54a13737806758c.jpg
https://www.ligapokemon.com.br/?view=cards/search&card=edid=633%20ed=SV8,SV8,0.83,1.00,4228.0,Alolan Dugtrio (#077/106),Dugtrio de Alola,M,,077,000000000000077,0.0,0.83,0.88,1.00,2024-10-15 20:20:37,0.0,2.0,633.0,0.0,,,,//arquivos/in/pokemon_bkp/cd/633/670ef917b51f7-vgcnu-cyhf9-9b9f860cdd409aaaf54a13737806758c.jpg
https://www.ligapokemon.com.br/?view=cards/search&card=edid=633%20ed=SV8,SV8,0.36,1.00,389.0,Bronzor (#078/106),Bronzor,M,,078,000000000000078,0.0,0.36,0.48,1.00,2024-10-15 20:20:37,0.0,1.0,633.0,0.0,,,,//arquivos/in/pokemon_bkp/cd/633/670ef91974ad6-naujq-g982b-9b9f860cdd409aaaf54a13737806758c.jpg
https://www.ligapokemon.com.br/?view=cards/search&card=edid=633%20ed=SV8,SV8,0.36,0.50,369.0,Bronzong (#079/106),Bronzong,M,,079,000000000000079,0.0,0.36,0.45,0.50,2024-10-15 20:20:37,0.0,1.0,633.0,0.0,,,,//arquivos/in/pokemon_bkp/cd/633/670ef91b3f68c-p4mo0-zm2dh-9b9f860cdd409aaaf54a13737806758c.jpg
https://www.ligapokemon.com.br/?view=cards/search&card=edid=633%20ed=SV8,SV8,2.79,2.79,7173.0,Eternatus (#080/106),Eternatus,O,,080,000000000000080,0.0,2.79,2.79,2.79,2024-10-02 17:43:37,0.0,3.0,633.0,0.0,,,,//arquivos/in/pokemon_bkp/cd/633/66fdb0e68a977-9dqlm-tu4mh-9b9f860cdd409aaaf54a13737806758c.jpg
https://www.ligapokemon.com.br/?view=cards/search&card=edid=633%20ed=SV8,SV8,5.50,15.00,7174.0,Tatsugiri ex (#081/106),Tatsugiri ex,O,,081,000000000000081,0.0,5.50,8.07,15.00,2024-10-02 17:43:38,0.0,20.0,633.0,0.0,,,,//arquivos/in/pokemon_bkp/cd/633/66fdb0e886039-azhul-vostr-9b9f860cdd409aaaf54a13737806758c.jpg
https://www.ligapokemon.com.br/?view=cards/search&card=edid=633%20ed=SV8,SV8,0.36,0.50,763.0,Slakoth (#082/106),Slakoth,C,,082,000000000000082,0.0,0.36,0.45,0.50,2024-10-02 17:43:38,0.0,1.0,633.0,0.0,,,,//arquivos/in/pokemon_bkp/cd/633/66fdb0ea7ce27-v8w5c-6wyfx-9b9f860cdd409aaaf54a13737806758c.jpg
https://www.ligapokemon.com.br/?view=cards/search&card=edid=633%20ed=SV8,SV8,0.43,0.99,759.0,Vigoroth (#083/106),Vigoroth,C,,083,000000000000083,0.0,0.43,0.50,0.99,2024-10-02 17:43:38,0.0,1.0,633.0,0.0,,,,//arquivos/in/pokemon_bkp/cd/633/66fdb0ec4d5e0-jquox-ni1q5-9b9f860cdd409aaaf54a13737806758c.jpg
https://www.ligapokemon.com.br/?view=cards/search&card=edid=633%20ed=SV8,SV8,5.70,15.00,7175.0,Slaking ex (#084/106),Slaking ex,C,,084,000000000000084,0.0,5.70,9.14,15.00,2024-10-02 17:43:38,0.0,20.0,633.0,0.0,,,,//arquivos/in/pokemon_bkp/cd/633/66fdb0ee2810b-j5rei-dh2fu-9b9f860cdd409aaaf54a13737806758c.jpg
https://www.ligapokemon.com.br/?view=cards/search&card=edid=633%20ed=SV8,SV8,0.43,0.99,198.0,Zangoose (#085/106),Zangoose,C,,085,000000000000085,0.0,0.43,0.50,0.99,2024-10-15 20:20:38,0.0,1.0,633.0,0.0,,,,//arquivos/in/pokemon_bkp/cd/633/670ef91ce966d-aijv7-ajpye-9b9f860cdd409aaaf54a13737806758c.jpg
https://www.ligapokemon.com.br/?view=cards/search&card=edid=633%20ed=SV8,SV8,0.36,0.36,291.0,Kecleon (#086/106),Kecleon,C,,086,000000000000086,0.0,0.36,0.40,0.36,2024-10-15 20:20:38,0.0,1.0,633.0,0.0,,,,//arquivos/in/pokemon_bkp/cd/633/670ef91eab00f-2i8ab-90wd8-9b9f860cdd409aaaf54a13737806758c.jpg
https://www.ligapokemon.com.br/?view=cards/search&card=edid=633%20ed=SV8,SV8,0.36,0.50,115.0,Bouffalant (#087/106),Bouffalant,C,,087,000000000000087,0.0,0.36,0.45,0.50,2024-10-15 20:20:39,0.0,1.0,633.0,0.0,,,,//arquivos/in/pokemon_bkp/cd/633/670ef92073eaa-vdefz-yqulh-9b9f860cdd409aaaf54a13737806758c.jpg
https://www.ligapokemon.com.br/?view=cards/search&card=edid=633%20ed=SV8,SV8,0.36,0.50,1159.0,Helioptile (#088/106),Helioptile,C,,088,000000000000088,0.0,0.36,0.46,0.50,2024-10-15 20:20:39,0.0,1.0,633.0,0.0,,,,//arquivos/in/pokemon_bkp/cd/633/670ef92236a8f-fzrwo-hwyr6-9b9f860cdd409aaaf54a13737806758c.jpg
https://www.ligapokemon.com.br/?view=cards/search&card=edid=633%20ed=SV8,SV8,0.36,0.50,1160.0,Heliolisk (#089/106),Heliolisk,C,,089,000000000000089,0.0,0.36,0.46,0.50,2024-10-15 20:20:39,0.0,1.0,633.0,0.0,,,,//arquivos/in/pokemon_bkp/cd/633/670ef923f3a83-gmd9b-vgfan-9b9f860cdd409aaaf54a13737806758c.jpg
https://www.ligapokemon.com.br/?view=cards/search&card=edid=633%20ed=SV8,SV8,0.45,0.50,4266.0,Oranguru (#090/106),Oranguru,C,,090,000000000000090,0.0,0.45,0.47,0.50,2024-10-15 20:20:39,0.0,1.0,633.0,0.0,,,,//arquivos/in/pokemon_bkp/cd/633/670ef925b9b79-cne1o-wbc9s-9b9f860cdd409aaaf54a13737806758c.jpg
https://www.ligapokemon.com.br/?view=cards/search&card=edid=633%20ed=SV8,SV8,0.50,0.50,6342.0,Tandemaus (#091/106),Tandemaus,C,,091,000000000000091,0.0,0.50,0.50,0.50,2024-10-15 20:20:39,0.0,1.0,633.0,0.0,,,,//arquivos/in/pokemon_bkp/cd/633/670ef92778a57-ab0tu-5n0ck-9b9f860cdd409aaaf54a13737806758c.jpg
https://www.ligapokemon.com.br/?view=cards/search&card=edid=633%20ed=SV8,SV8,0.36,0.36,6343.0,Maushold (#092/106),Maushold,C,,092,000000000000092,0.0,0.36,0.40,0.36,2024-10-15 20:20:39,0.0,2.0,633.0,0.0,,,,//arquivos/in/pokemon_bkp/cd/633/670ef92946796-eut37-ufx5y-9b9f860cdd409aaaf54a13737806758c.jpg
https://www.ligapokemon.com.br/?view=cards/search&card=edid=633%20ed=SV8,SV8,4.19,4.19,7176.0,Terapagos (#093/106),Terapagos,C,,093,000000000000093,0.0,4.19,4.19,4.19,2024-10-02 17:43:39,0.0,3.0,633.0,0.0,,,,//arquivos/in/pokemon_bkp/cd/633/66fdb0f00803d-ey70p-f4grd-9b9f860cdd409aaaf54a13737806758c.jpg
https://www.ligapokemon.com.br/?view=cards/search&card=edid=633%20ed=SV8,SV8,0.36,2.00,7209.0,Deduction Set (#094/106),,C,,094,000000000000094,0.0,0.36,0.93,2.00,2024-10-15 20:20:39,0.0,2.0,633.0,0.0,,,,//arquivos/in/pokemon_bkp/cd/633/670ef92b0e8bd-6tw0l-rnhl3-9b9f860cdd409aaaf54a13737806758c.jpg
https://www.ligapokemon.com.br/?view=cards/search&card=edid=633%20ed=SV8,SV8,18.99,49.99,2086.0,Scramble Switch (#095/106),Chave de Embaralhamento,C,,095,000000000000095,0.0,18.99,37.72,49.99,2024-10-04 14:26:41,0.0,9.0,633.0,0.0,,,,//arquivos/in/pokemon_bkp/cd/633/6700257255edb-rg41u-bnfuk-9b9f860cdd409aaaf54a13737806758c.jpg
https://www.ligapokemon.com.br/?view=cards/search&card=edid=633%20ed=SV8,SV8,0.36,8.00,7197.0,Chill Teaser Toy (#096/106),Varinha Relaxante,C,,096,000000000000096,0.0,0.36,4.12,8.00,2024-10-15 19:44:21,0.0,2.0,633.0,0.0,,,,//arquivos/in/pokemon_bkp/cd/633/670ef04f3b546-byjw1-48pwu-9b9f860cdd409aaaf54a13737806758c.jpg
https://www.ligapokemon.com.br/?view=cards/search&card=edid=633%20ed=SV8,SV8,4.45,29.99,7204.0,Miracle Headset (#097/106),Fone de Ouvido Milagroso,C,,097,000000000000097,0.0,4.45,10.22,29.99,2024-10-15 19:44:21,0.0,9.0,633.0,0.0,,,,//arquivos/in/pokemon_bkp/cd/633/670ef0510c123-xe87a-2ibws-9b9f860cdd409aaaf54a13737806758c.jpg
https://www.ligapokemon.com.br/?view=cards/search&card=edid=633%20ed=SV8,SV8,6.99,11.90,7178.0,Amulet of Hope (#098/106),Amuleto da Esperan&ccedil;a,C,,098,000000000000098,0.0,6.99,7.97,11.90,2024-10-02 17:43:39,0.0,9.0,633.0,0.0,,,,//arquivos/in/pokemon_bkp/cd/633/66fdb0f3e46b3-gf0q7-l1h7x-9b9f860cdd409aaaf54a13737806758c.jpg
https://www.ligapokemon.com.br/?view=cards/search&card=edid=633%20ed=SV8,SV8,0.39,1.00,7179.0,Colbur Berry (#099/106),Fruta Capicho,C,,099,000000000000099,0.0,0.39,0.57,1.00,2024-10-02 17:43:39,0.0,2.0,633.0,0.0,,,,//arquivos/in/pokemon_bkp/cd/633/66fdb0f5af73b-8dr2u-xpf7r-9b9f860cdd409aaaf54a13737806758c.jpg
https://www.ligapokemon.com.br/?view=cards/search&card=edid=633%20ed=SV8,SV8,0.39,1.00,7194.0,Babiri Berry (#100/106),Fruta Babiri,C,,100,000000000000100,0.0,0.39,0.62,1.00,2024-10-15 20:20:39,0.0,2.0,633.0,0.0,,,,//arquivos/in/pokemon_bkp/cd/633/670ef92cbfbb5-t8i70-9qgef-9b9f860cdd409aaaf54a13737806758c.jpg
https://www.ligapokemon.com.br/?view=cards/search&card=edid=633%20ed=SV8,SV8,0.36,1.00,7180.0,Technical Machine: Fluorite (#101/106),M&aacute;quina T&eacute;cnica: Fluorita,C,,101,000000000000101,0.0,0.36,0.79,1.00,2024-10-02 17:43:39,0.0,2.0,633.0,0.0,,,,//arquivos/in/pokemon_bkp/cd/633/66fdb0f77ef0f-x72bk-9a4yt-9b9f860cdd409aaaf54a13737806758c.jpg
https://www.ligapokemon.com.br/?view=cards/search&card=edid=633%20ed=SV8,SV8,0.35,0.38,7181.0,Cyrano (#102/106),Cyrano,C,,102,000000000000102,0.0,0.35,0.38,0.38,2024-10-02 17:43:41,0.0,2.0,633.0,0.0,,,,//arquivos/in/pokemon_bkp/cd/633/66fdb0f94734c-zse0p-439bm-9b9f860cdd409aaaf54a13737806758c.jpg
https://www.ligapokemon.com.br/?view=cards/search&card=edid=633%20ed=SV8,SV8,0.36,0.45,7198.0,Clemont's Quick Wit (#103/106),Sagacidade do Clemont,C,,103,000000000000103,0.0,0.36,0.43,0.45,2024-10-15 19:44:21,0.0,2.0,633.0,0.0,,,,//arquivos/in/pokemon_bkp/cd/633/670ef052d4302-hjucm-jzrdu-9b9f860cdd409aaaf54a13737806758c.jpg
https://www.ligapokemon.com.br/?view=cards/search&card=edid=633%20ed=SV8,SV8,0.35,1.00,7201.0,Jasmine's Gaze (#104/106),Olhar da Jasmine,C,,104,000000000000104,0.0,0.35,0.77,1.00,2024-10-15 19:44:21,0.0,2.0,633.0,0.0,,,,//arquivos/in/pokemon_bkp/cd/633/670ef05493414-emf1z-qmeud-9b9f860cdd409aaaf54a13737806758c.jpg
https://www.ligapokemon.com.br/?view=cards/search&card=edid=633%20ed=SV8,SV8,0.36,0.89,7202.0,Lively Stadium (#105/106),Est&aacute;dio Animado,C,,105,000000000000105,0.0,0.36,0.66,0.89,2024-10-15 19:44:21,0.0,2.0,633.0,0.0,,,,//arquivos/in/pokemon_bkp/cd/633/670ef05673971-d4nh8-j9vdc-9b9f860cdd409aaaf54a13737806758c.jpg
https://www.ligapokemon.com.br/?view=cards/search&card=edid=633%20ed=SV8,SV8,1.00,1.00,7184.0,Gravity Mountain (#106/106),Montanha da Gravidade,C,,106,000000000000106,0.0,1.00,1.00,1.00,2024-10-02 17:43:42,0.0,2.0,633.0,0.0,,,,//arquivos/in/pokemon_bkp/cd/633/66fdb0feb2967-cy9l3-bzmty-9b9f860cdd409aaaf54a13737806758c.jpg
https://www.ligapokemon.com.br/?view=cards/search&card=edid=633%20ed=SV8,SV8,7.99,20.00,574.0,Vivillon (#107/106),Vivillon,G,,107,000000000000107,0.0,7.99,15.34,20.00,2024-10-08 18:17:28,0.0,17.0,633.0,0.0,,,,//arquivos/in/pokemon_bkp/cd/633/67365fc6e252d-s2ikz-9ehk7-9b9f860cdd409aaaf54a13737806758c.jpg
https://www.ligapokemon.com.br/?view=cards/search&card=edid=633%20ed=SV8,SV8,13.00,22.00,714.0,Larvesta (#108/106),Larvesta,R,,108,000000000000108,0.0,13.00,17.15,22.00,2024-10-17 15:49:14,0.0,17.0,633.0,0.0,,,,//arquivos/in/pokemon_bkp/cd/633/67365fc89fe58-nkq4f-xa7zr-9b9f860cdd409aaaf54a13737806758c.jpg
https://www.ligapokemon.com.br/?view=cards/search&card=edid=633%20ed=SV8,SV8,69.80,99.90,6460.0,Ceruledge (#109/106),Ceruledge,R,,109,000000000000109,0.0,69.80,86.49,99.90,2024-10-08 18:17:28,1.0,17.0,633.0,0.0,,,,//arquivos/in/pokemon_bkp/cd/633/67365fca687ef-ldoyn-3zlw9-9b9f860cdd409aaaf54a13737806758c.jpg
https://www.ligapokemon.com.br/?view=cards/search&card=edid=633%20ed=SV8,SV8,17.90,34.00,206.0,Feebas (#110/106),Feebas,W,,110,000000000000110,0.0,17.90,27.63,34.00,2024-10-04 14:26:41,0.0,17.0,633.0,0.0,,,,//arquivos/in/pokemon_bkp/cd/633/67365fcc31a40-r31nh-obdze-9b9f860cdd409aaaf54a13737806758c.jpg
https://www.ligapokemon.com.br/?view=cards/search&card=edid=633%20ed=SV8,SV8,25.00,25.00,456.0,Spheal (#111/106),Spheal,W,,111,000000000000111,0.0,25.00,25.00,25.00,2024-10-15 20:20:40,0.0,17.0,633.0,0.0,,,,//arquivos/in/pokemon_bkp/cd/633/67365fcdd623b-cf1ze-a8s9r-9b9f860cdd409aaaf54a13737806758c.jpg
https://www.ligapokemon.com.br/?view=cards/search&card=edid=633%20ed=SV8,SV8,64.90,80.00,431.0,Magneton (#112/106),Magneton,L,,112,000000000000112,0.0,64.90,75.73,80.00,2026-01-16 20:19:09,0.0,17.0,633.0,0.0,,,Shinji Kanda,//arquivos/in/pokemon_bkp/cd/633/67365fcf8935f-58lxr-fqgyj-9b9f860cdd409aaaf54a13737806758c.jpg
https://www.ligapokemon.com.br/?view=cards/search&card=edid=633%20ed=SV8,SV8,5.85,22.00,95.0,Stunfisk (#113/106),Stunfisk,L,,113,000000000000113,0.0,5.85,17.20,22.00,2024-10-17 15:49:15,0.0,17.0,633.0,0.0,,,,//arquivos/in/pokemon_bkp/cd/633/67365fd1275c7-kzdu5-au0mo-9b9f860cdd409aaaf54a13737806758c.jpg
https://www.ligapokemon.com.br/?view=cards/search&card=edid=633%20ed=SV8,SV8,25.00,25.00,1123.0,Mesprit (#114/106),Mesprit,P,,114,000000000000114,0.0,25.00,25.00,25.00,2024-10-04 14:26:41,0.0,17.0,633.0,0.0,,,,//arquivos/in/pokemon_bkp/cd/633/67365fd2d3f7f-abwnq-5iwya-9b9f860cdd409aaaf54a13737806758c.jpg
https://www.ligapokemon.com.br/?view=cards/search&card=edid=633%20ed=SV8,SV8,19.99,29.90,332.0,Phanpy (#115/106),Phanpy,F,,115,000000000000115,0.0,19.99,22.48,29.90,2024-10-15 20:20:40,0.0,17.0,633.0,0.0,,,,//arquivos/in/pokemon_bkp/cd/633/6748a6b245571-l1u06-d6riu-9b9f860cdd409aaaf54a13737806758c.jpg
https://www.ligapokemon.com.br/?view=cards/search&card=edid=633%20ed=SV8,SV8,19.50,24.31,4228.0,Alolan Dugtrio (#116/106),Dugtrio de Alola,M,,116,000000000000116,0.0,19.50,20.50,24.31,2024-10-17 15:49:15,0.0,17.0,633.0,0.0,,,,//arquivos/in/pokemon_bkp/cd/633/6744cc681c6e1-0hq67-lr2i1-9b9f860cdd409aaaf54a13737806758c.jpg
https://www.ligapokemon.com.br/?view=cards/search&card=edid=633%20ed=SV8,SV8,26.00,34.00,763.0,Slakoth (#117/106),Slakoth,C,,117,000000000000117,0.0,26.00,31.34,34.00,2024-10-17 15:49:15,0.0,17.0,633.0,0.0,,,,//arquivos/in/pokemon_bkp/cd/633/67365fd82874a-urlqp-agmc3-9b9f860cdd409aaaf54a13737806758c.jpg
https://www.ligapokemon.com.br/?view=cards/search&card=edid=633%20ed=SV8,SV8,14.80,20.00,291.0,Kecleon (#118/106),Kecleon,C,,118,000000000000118,0.0,14.80,17.88,20.00,2024-10-15 20:20:40,0.0,17.0,633.0,0.0,,,,//arquivos/in/pokemon_bkp/cd/633/67365fd9d0fa2-l25sh-54ghn-9b9f860cdd409aaaf54a13737806758c.jpg
https://www.ligapokemon.com.br/?view=cards/search&card=edid=633%20ed=SV8,SV8,20.99,29.99,7188.0,Durant ex (#119/106),Durant ex,G,,119,000000000000119,0.0,20.99,23.47,29.99,2024-10-17 15:49:15,0.0,15.0,633.0,0.0,,,,//arquivos/in/pokemon_bkp/cd/633/67365fdb8e674-btdyi-xqihe-9b9f860cdd409aaaf54a13737806758c.jpg
https://www.ligapokemon.com.br/?view=cards/search&card=edid=633%20ed=SV8,SV8,15.99,29.89,6582.0,Scovillain ex (#120/106),Scovillain ex,R,,120,000000000000120,0.0,15.99,21.26,29.89,2024-10-17 15:49:15,0.0,15.0,633.0,0.0,,,,//arquivos/in/pokemon_bkp/cd/633/67365fdd3c961-wyvxj-xqy6v-9b9f860cdd409aaaf54a13737806758c.jpg
https://www.ligapokemon.com.br/?view=cards/search&card=edid=633%20ed=SV8,SV8,24.99,28.00,1781.0,Milotic ex (#121/106),Milotic ex,W,,121,000000000000121,0.0,24.99,26.74,28.00,2024-10-17 15:49:15,0.0,15.0,633.0,0.0,,,,//arquivos/in/pokemon_bkp/cd/633/67365fdeea1d5-s4qdl-9x85f-9b9f860cdd409aaaf54a13737806758c.jpg
https://www.ligapokemon.com.br/?view=cards/search&card=edid=633%20ed=SV8,SV8,198.80,200.00,6509.0,Pikachu ex (#122/106),Pikachu ex,L,,122,000000000000122,0.0,198.80,199.40,200.00,2024-10-02 17:43:42,1.0,15.0,633.0,0.0,,,,//arquivos/in/pokemon_bkp/cd/633/67365fe098bf2-6vcmj-ep67z-9b9f860cdd409aaaf54a13737806758c.jpg
https://www.ligapokemon.com.br/?view=cards/search&card=edid=633%20ed=SV8,SV8,24.99,25.90,7171.0,Palossand ex (#123/106),Palossand ex,P,,123,000000000000123,0.0,24.99,25.30,25.90,2024-10-15 20:20:40,0.0,15.0,633.0,0.0,,,,//arquivos/in/pokemon_bkp/cd/633/67365fe2a36a9-vzcf3-teu01-9b9f860cdd409aaaf54a13737806758c.jpg
https://www.ligapokemon.com.br/?view=cards/search&card=edid=633%20ed=SV8,SV8,39.99,39.99,7172.0,Hydreigon ex (#124/106),Hydreigon ex,D,,124,000000000000124,0.0,39.99,39.99,39.99,2024-10-17 15:49:15,0.0,15.0,633.0,0.0,,,,//arquivos/in/pokemon_bkp/cd/633/67365fe46fcf6-j0rds-t3vs4-9b9f860cdd409aaaf54a13737806758c.jpg
https://www.ligapokemon.com.br/?view=cards/search&card=edid=633%20ed=SV8,SV8,21.00,30.00,7174.0,Tatsugiri ex (#125/106),Tatsugiri ex,O,,125,000000000000125,0.0,21.00,25.43,30.00,2024-10-17 15:49:15,0.0,15.0,633.0,0.0,,,,//arquivos/in/pokemon_bkp/cd/633/67365fe641f5b-cotfb-ci8wg-9b9f860cdd409aaaf54a13737806758c.jpg
https://www.ligapokemon.com.br/?view=cards/search&card=edid=633%20ed=SV8,SV8,18.90,25.00,7175.0,Slaking ex (#126/106),Slaking ex,C,,126,000000000000126,0.0,18.90,22.19,25.00,2024-10-17 15:49:17,0.0,15.0,633.0,0.0,,,,//arquivos/in/pokemon_bkp/cd/633/67365fe808bd1-sz03h-2acyl-9b9f860cdd409aaaf54a13737806758c.jpg
https://www.ligapokemon.com.br/?view=cards/search&card=edid=633%20ed=SV8,SV8,29.80,29.80,7181.0,Cyrano (#127/106),Cyrano,C,,127,000000000000127,0.0,29.80,29.80,29.80,2024-10-15 20:20:41,0.0,15.0,633.0,0.0,,,,//arquivos/in/pokemon_bkp/cd/633/67365fe99a5d0-wqn0m-9mkpn-9b9f860cdd409aaaf54a13737806758c.jpg
https://www.ligapokemon.com.br/?view=cards/search&card=edid=633%20ed=SV8,SV8,27.00,39.99,7198.0,Clemont's Quick Wit (#128/106),Sagacidade do Clemont,C,,128,000000000000128,0.0,27.00,34.48,39.99,2024-10-17 15:49:17,1.0,15.0,633.0,0.0,,,,//arquivos/in/pokemon_bkp/cd/633/67365feb732a6-htjd9-6g0jk-9b9f860cdd409aaaf54a13737806758c.jpg
https://www.ligapokemon.com.br/?view=cards/search&card=edid=633%20ed=SV8,SV8,55.80,119.99,7201.0,Jasmine's Gaze (#129/106),Olhar da Jasmine,C,,129,000000000000129,0.0,55.80,76.98,119.99,2024-10-15 20:20:41,0.0,15.0,633.0,0.0,,,,//arquivos/in/pokemon_bkp/cd/633/6748a6b400282-6djgs-dm9xq-9b9f860cdd409aaaf54a13737806758c.jpg
https://www.ligapokemon.com.br/?view=cards/search&card=edid=633%20ed=SV8,SV8,88.00,149.99,7188.0,Durant ex (#130/106),Durant ex,G,,130,000000000000130,0.0,88.00,133.89,149.99,2024-10-17 15:49:17,0.0,18.0,633.0,0.0,,,,//arquivos/in/pokemon_bkp/cd/633/67365fef4847d-ubjne-uyg4l-9b9f860cdd409aaaf54a13737806758c.jpg
https://www.ligapokemon.com.br/?view=cards/search&card=edid=633%20ed=SV8,SV8,600.00,699.90,1781.0,Milotic ex (#131/106),Milotic ex,W,,131,000000000000131,0.0,600.00,633.30,699.90,2024-10-04 14:26:41,0.0,18.0,633.0,0.0,,,,//arquivos/in/pokemon_bkp/cd/633/67365ff0e92e1-nyalg-7tzhv-9b9f860cdd409aaaf54a13737806758c.jpg
https://www.ligapokemon.com.br/?view=cards/search&card=edid=633%20ed=SV8,SV8,1599.90,3598.90,6509.0,Pikachu ex (#132/106),Pikachu ex,L,,132,000000000000132,0.0,1599.90,2432.94,3598.90,2024-10-04 14:26:41,2.0,18.0,633.0,0.0,,,,//arquivos/in/pokemon_bkp/cd/633/67365ff28ac3b-4h367-7yr9o-9b9f860cdd409aaaf54a13737806758c.jpg
https://www.ligapokemon.com.br/?view=cards/search&card=edid=633%20ed=SV8,SV8,279.90,449.90,7172.0,Hydreigon ex (#133/106),Hydreigon ex,D,,133,000000000000133,0.0,279.90,342.93,449.90,2024-10-15 20:20:41,0.0,18.0,633.0,0.0,,,,//arquivos/in/pokemon_bkp/cd/633/67365ff44600a-1i0y5-ctafh-9b9f860cdd409aaaf54a13737806758c.jpg
https://www.ligapokemon.com.br/?view=cards/search&card=edid=633%20ed=SV8,SV8,139.99,149.99,7198.0,Clemont's Quick Wit (#134/106),Sagacidade do Clemont,C,,134,000000000000134,0.0,139.99,143.26,149.99,2024-10-17 15:49:17,0.0,18.0,633.0,0.0,,,,//arquivos/in/pokemon_bkp/cd/633/67365ff607002-pf1zk-dokb7-9b9f860cdd409aaaf54a13737806758c.jpg
https://www.ligapokemon.com.br/?view=cards/search&card=edid=633%20ed=SV8,SV8,397.90,498.98,7201.0,Jasmine's Gaze (#135/106),Olhar da Jasmine,C,,135,000000000000135,0.0,397.90,436.42,498.98,2024-10-17 15:49:17,0.0,18.0,633.0,0.0,,,,//arquivos/in/pokemon_bkp/cd/633/67365ff7caa3b-koc19-jxfsa-9b9f860cdd409aaaf54a13737806758c.jpg
https://www.ligapokemon.com.br/?view=cards/search&card=edid=633%20ed=SV8,SV8,549.00,595.00,6509.0,Pikachu ex (#136/106),Pikachu ex,L,,136,000000000000136,0.0,549.00,579.83,595.00,2024-10-17 15:49:17,3.0,7.0,633.0,0.0,,,,//arquivos/in/pokemon_bkp/cd/633/67365ff979eae-atybe-lk61q-9b9f860cdd409aaaf54a13737806758c.jpg
https://www.ligapokemon.com.br/?view=cards/search&card=edid=633%20ed=SV8,SV8,88.99,99.99,7044.0,Night Stretcher (#137/106),Maca Noturna,C,,137,000000000000137,0.0,88.99,94.49,99.99,2024-10-17 15:49:17,0.0,7.0,633.0,0.0,,,,//arquivos/in/pokemon_bkp/cd/633/67365ffb3d0e8-g21o3-wid3n-9b9f860cdd409aaaf54a13737806758c.jpg
https://www.ligapokemon.com.br/?view=cards/search&card=edid=633%20ed=SV8,SV8,94.99,94.99,7184.0,Gravity Mountain (#138/106),Montanha da Gravidade,C,,138,000000000000138,0.0,94.99,94.99,94.99,2024-10-17 15:49:18,0.0,7.0,633.0,0.0,,,,//arquivos/in/pokemon_bkp/cd/633/67365ffcf0887-fgb0q-6u9xc-9b9f860cdd409aaaf54a13737806758c.jpg
https://www.ligapokemon.com.br/?view=cards/search&card=edid=612%20ed=SCR,SCR,8.00,29.90,802.0,Venusaur ex (#001/142),Venusaur ex,G,,001,000000000000001,0.0,8.00,18.14,29.90,2024-08-22 17:56:59,1.0,20.0,612.0,0.0,,,,//arquivos/in/pokemon_bkp/cd/612/66e30aa960bfc-xv4fh-gdy9u-38b9d094ae0f5311dd3dcfbf65069bbb.jpg
https://www.ligapokemon.com.br/?view=cards/search&card=edid=612%20ed=SCR,SCR,0.07,3.00,565.0,Ledyba (#002/142),Ledyba,G,,002,000000000000002,0.0,0.07,0.54,3.00,2024-09-11 16:08:32,0.0,1.0,612.0,0.0,,,,//arquivos/in/pokemon_bkp/cd/612/66e30aab47979-xz5gl-3ytd1-38b9d094ae0f5311dd3dcfbf65069bbb.jpg
https://www.ligapokemon.com.br/?view=cards/search&card=edid=612%20ed=SCR,SCR,0.17,4.99,566.0,Ledian (#003/142),Ledian,G,,003,000000000000003,0.0,0.17,0.84,4.99,2024-09-11 16:08:32,0.0,3.0,612.0,0.0,,,,//arquivos/in/pokemon_bkp/cd/612/66e30aad20a88-l9sn2-jp95s-38b9d094ae0f5311dd3dcfbf65069bbb.jpg
https://www.ligapokemon.com.br/?view=cards/search&card=edid=612%20ed=SCR,SCR,0.18,3.50,482.0,Celebi (#004/142),Celebi,G,,004,000000000000004,0.0,0.18,1.17,3.50,2024-08-22 17:57:00,0.0,2.0,612.0,0.0,,,,//arquivos/in/pokemon_bkp/cd/612/66e30aaf0faca-epvgt-tsq1o-38b9d094ae0f5311dd3dcfbf65069bbb.jpg
https://www.ligapokemon.com.br/?view=cards/search&card=edid=612%20ed=SCR,SCR,0.08,3.00,450.0,Lileep (#005/142),Lileep,G,,005,000000000000005,0.0,0.08,0.74,3.00,2024-09-11 16:08:32,0.0,1.0,612.0,0.0,,,,//arquivos/in/pokemon_bkp/cd/612/66e30ab0d66b9-yfckm-pk93i-38b9d094ae0f5311dd3dcfbf65069bbb.jpg
https://www.ligapokemon.com.br/?view=cards/search&card=edid=612%20ed=SCR,SCR,0.20,4.90,423.0,Cradily (#006/142),Cradily,G,,006,000000000000006,0.0,0.20,1.12,4.90,2024-09-11 16:08:32,0.0,3.0,612.0,0.0,,,,//arquivos/in/pokemon_bkp/cd/612/66e30ab2a94a4-3qton-1d4o7-38b9d094ae0f5311dd3dcfbf65069bbb.jpg
https://www.ligapokemon.com.br/?view=cards/search&card=edid=612%20ed=SCR,SCR,0.11,3.00,22.0,Carnivine (#007/142),Carnivine,G,,007,000000000000007,0.0,0.11,0.54,3.00,2024-09-11 16:08:33,0.0,1.0,612.0,0.0,,,,//arquivos/in/pokemon_bkp/cd/612/66e30ab47b2b8-ityf0-vux8o-38b9d094ae0f5311dd3dcfbf65069bbb.jpg
https://www.ligapokemon.com.br/?view=cards/search&card=edid=612%20ed=SCR,SCR,0.09,3.00,1872.0,Mow Rotom (#008/142),Rotom Corte,G,,008,000000000000008,0.0,0.09,0.63,3.00,2024-08-22 17:57:00,0.0,1.0,612.0,0.0,,,,//arquivos/in/pokemon_bkp/cd/612/66e30ab679066-njd43-pk58u-38b9d094ae0f5311dd3dcfbf65069bbb.jpg
https://www.ligapokemon.com.br/?view=cards/search&card=edid=612%20ed=SCR,SCR,0.08,3.00,4253.0,Grubbin (#009/142),Grubbin,G,,009,000000000000009,0.0,0.08,0.46,3.00,2024-09-11 16:08:33,0.0,1.0,612.0,0.0,,,,//arquivos/in/pokemon_bkp/cd/612/66e30ab85400d-dxkon-imdkt-38b9d094ae0f5311dd3dcfbf65069bbb.jpg
https://www.ligapokemon.com.br/?view=cards/search&card=edid=612%20ed=SCR,SCR,0.09,3.00,4958.0,Gossifleur (#010/142),Gossifleur,G,,010,000000000000010,0.0,0.09,0.64,3.00,2024-09-11 16:08:33,0.0,1.0,612.0,0.0,,,,//arquivos/in/pokemon_bkp/cd/612/66e30aba5efd3-ugfx6-izf7j-38b9d094ae0f5311dd3dcfbf65069bbb.jpg
https://www.ligapokemon.com.br/?view=cards/search&card=edid=612%20ed=SCR,SCR,0.09,2.50,4956.0,Eldegoss (#011/142),Eldegoss,G,,011,000000000000011,0.0,0.09,0.44,2.50,2024-09-11 16:08:33,0.0,2.0,612.0,0.0,,,,//arquivos/in/pokemon_bkp/cd/612/66e30abc4cbd7-vgcsh-dpr3y-38b9d094ae0f5311dd3dcfbf65069bbb.jpg
https://www.ligapokemon.com.br/?view=cards/search&card=edid=612%20ed=SCR,SCR,0.12,10.00,5000.0,Applin (#012/142),Applin,G,,012,000000000000012,0.0,0.12,2.21,10.00,2024-08-22 17:57:00,0.0,1.0,612.0,0.0,,,,//arquivos/in/pokemon_bkp/cd/612/66e30abe3c7d8-52zy0-mgx3b-38b9d094ae0f5311dd3dcfbf65069bbb.jpg
https://www.ligapokemon.com.br/?view=cards/search&card=edid=612%20ed=SCR,SCR,0.13,2.00,6964.0,Dipplin (#013/142),Dipplin,G,,013,000000000000013,0.0,0.13,0.53,2.00,2024-08-22 17:57:00,0.0,1.0,612.0,0.0,,,,//arquivos/in/pokemon_bkp/cd/612/66e30ac02441c-8cwhd-2zsv8-38b9d094ae0f5311dd3dcfbf65069bbb.jpg
https://www.ligapokemon.com.br/?view=cards/search&card=edid=612%20ed=SCR,SCR,4.75,19.90,7073.0,Hydrapple ex (#014/142),Hydrapple ex,G,,014,000000000000014,0.0,4.75,9.62,19.90,2024-08-22 17:57:00,0.0,20.0,612.0,0.0,,,,//arquivos/in/pokemon_bkp/cd/612/66e30ac1eef4c-jnsxv-d6ynb-38b9d094ae0f5311dd3dcfbf65069bbb.jpg
https://www.ligapokemon.com.br/?view=cards/search&card=edid=612%20ed=SCR,SCR,0.14,3.00,6384.0,Nymble (#015/142),Nymble,G,,015,000000000000015,0.0,0.14,0.75,3.00,2024-09-11 16:08:33,0.0,1.0,612.0,0.0,,,,//arquivos/in/pokemon_bkp/cd/612/66e30ac3c31bd-b59ta-wt37a-38b9d094ae0f5311dd3dcfbf65069bbb.jpg
https://www.ligapokemon.com.br/?view=cards/search&card=edid=612%20ed=SCR,SCR,0.10,3.00,6385.0,Lokix (#016/142),Lokix,G,,016,000000000000016,0.0,0.10,0.82,3.00,2024-09-11 16:08:33,0.0,1.0,612.0,0.0,,,,//arquivos/in/pokemon_bkp/cd/612/66e30ac58e860-ngmdw-lvrks-38b9d094ae0f5311dd3dcfbf65069bbb.jpg
https://www.ligapokemon.com.br/?view=cards/search&card=edid=612%20ed=SCR,SCR,0.13,25.00,6324.0,Toedscool (#017/142),Toedscool,G,,017,000000000000017,0.0,0.13,0.84,25.00,2024-08-22 17:57:00,0.0,1.0,612.0,0.0,,,,//arquivos/in/pokemon_bkp/cd/612/66e30ac788a6d-gunor-xst3w-38b9d094ae0f5311dd3dcfbf65069bbb.jpg
https://www.ligapokemon.com.br/?view=cards/search&card=edid=612%20ed=SCR,SCR,0.15,3.00,6325.0,Toedscruel (#018/142),Toedscruel,G,,018,000000000000018,0.0,0.15,0.87,3.00,2024-08-22 17:57:00,0.0,2.0,612.0,0.0,,,,//arquivos/in/pokemon_bkp/cd/612/66e30ac98d888-wfo24-5irpo-38b9d094ae0f5311dd3dcfbf65069bbb.jpg
https://www.ligapokemon.com.br/?view=cards/search&card=edid=612%20ed=SCR,SCR,0.15,3.00,694.0,Ponyta (#019/142),Ponyta,R,,019,000000000000019,0.0,0.15,0.62,3.00,2024-09-11 16:08:34,0.0,1.0,612.0,0.0,,,,//arquivos/in/pokemon_bkp/cd/612/66e30acb87eb6-0lher-nzp6f-38b9d094ae0f5311dd3dcfbf65069bbb.jpg
https://www.ligapokemon.com.br/?view=cards/search&card=edid=612%20ed=SCR,SCR,0.10,3.00,683.0,Rapidash (#020/142),Rapidash,R,,020,000000000000020,0.0,0.10,0.57,3.00,2024-09-11 16:08:34,0.0,2.0,612.0,0.0,,,,//arquivos/in/pokemon_bkp/cd/612/66e30acd89c86-4rpoe-rhpi8-38b9d094ae0f5311dd3dcfbf65069bbb.jpg
https://www.ligapokemon.com.br/?view=cards/search&card=edid=612%20ed=SCR,SCR,0.07,3.00,577.0,Pansear (#021/142),Pansear,R,,021,000000000000021,0.0,0.07,0.64,3.00,2024-09-11 16:08:34,0.0,1.0,612.0,0.0,,,,//arquivos/in/pokemon_bkp/cd/612/66e30acf8a221-ufwoe-40tiy-38b9d094ae0f5311dd3dcfbf65069bbb.jpg
https://www.ligapokemon.com.br/?view=cards/search&card=edid=612%20ed=SCR,SCR,0.15,3.00,44.0,Reshiram (#022/142),Reshiram,R,,022,000000000000022,0.0,0.15,0.66,3.00,2024-08-22 17:57:00,0.0,2.0,612.0,0.0,,,,//arquivos/in/pokemon_bkp/cd/612/66e30ad186ba8-3m4pd-5v0d9-38b9d094ae0f5311dd3dcfbf65069bbb.jpg
https://www.ligapokemon.com.br/?view=cards/search&card=edid=612%20ed=SCR,SCR,0.10,3.00,4360.0,Salandit (#023/142),Salandit,R,,023,000000000000023,0.0,0.10,0.62,3.00,2024-09-11 16:08:34,0.0,1.0,612.0,0.0,,,,//arquivos/in/pokemon_bkp/cd/612/66e30ad387a66-p9f8r-vhx0q-38b9d094ae0f5311dd3dcfbf65069bbb.jpg
https://www.ligapokemon.com.br/?view=cards/search&card=edid=612%20ed=SCR,SCR,0.13,3.00,4361.0,Salazzle (#024/142),Salazzle,R,,024,000000000000024,0.0,0.13,0.91,3.00,2024-09-11 16:08:35,0.0,2.0,612.0,0.0,,,,//arquivos/in/pokemon_bkp/cd/612/66e30ae92ac90-o8q36-sr6hd-38b9d094ae0f5311dd3dcfbf65069bbb.jpg
https://www.ligapokemon.com.br/?view=cards/search&card=edid=612%20ed=SCR,SCR,0.13,3.00,4363.0,Turtonator (#025/142),Turtonator,R,,025,000000000000025,0.0,0.13,0.68,3.00,2024-09-11 16:08:35,0.0,1.0,612.0,0.0,,,,//arquivos/in/pokemon_bkp/cd/612/66e30aff539f9-nkz4f-oph23-38b9d094ae0f5311dd3dcfbf65069bbb.jpg
https://www.ligapokemon.com.br/?view=cards/search&card=edid=612%20ed=SCR,SCR,0.09,3.00,4899.0,Scorbunny (#026/142),Scorbunny,R,,026,000000000000026,0.0,0.09,0.51,3.00,2024-09-11 16:08:35,0.0,1.0,612.0,0.0,,,,//arquivos/in/pokemon_bkp/cd/612/66e30b01188af-ay9pt-9unzj-38b9d094ae0f5311dd3dcfbf65069bbb.jpg
https://www.ligapokemon.com.br/?view=cards/search&card=edid=612%20ed=SCR,SCR,0.19,3.00,4963.0,Raboot (#027/142),Raboot,R,,027,000000000000027,0.0,0.19,0.76,3.00,2024-09-11 16:08:35,0.0,1.0,612.0,0.0,,,,//arquivos/in/pokemon_bkp/cd/612/66e30b02ca1a1-ewtov-wsr0o-38b9d094ae0f5311dd3dcfbf65069bbb.jpg
https://www.ligapokemon.com.br/?view=cards/search&card=edid=612%20ed=SCR,SCR,4.99,20.00,7074.0,Cinderace ex (#028/142),Cinderace ex,R,,028,000000000000028,0.0,4.99,11.89,20.00,2024-08-30 18:38:48,1.0,20.0,612.0,0.0,,,,//arquivos/in/pokemon_bkp/cd/612/66e30b046f9dd-0wmr7-b7pfh-38b9d094ae0f5311dd3dcfbf65069bbb.jpg
https://www.ligapokemon.com.br/?view=cards/search&card=edid=612%20ed=SCR,SCR,0.10,3.00,6294.0,Charcadet (#029/142),Charcadet,R,,029,000000000000029,0.0,0.10,0.55,3.00,2024-09-11 16:08:35,0.0,1.0,612.0,0.0,,,,//arquivos/in/pokemon_bkp/cd/612/66e30b06149e0-s21q5-6mgds-38b9d094ae0f5311dd3dcfbf65069bbb.jpg
https://www.ligapokemon.com.br/?view=cards/search&card=edid=612%20ed=SCR,SCR,9.90,49.90,795.0,Blastoise ex (#030/142),Blastoise ex,W,,030,000000000000030,0.0,9.90,20.95,49.90,2024-08-22 17:57:00,0.0,20.0,612.0,0.0,,,,//arquivos/in/pokemon_bkp/cd/612/66e30b07bd227-x5vgq-uljvg-38b9d094ae0f5311dd3dcfbf65069bbb.jpg
https://www.ligapokemon.com.br/?view=cards/search&card=edid=612%20ed=SCR,SCR,0.11,2.00,163.0,Lapras (#031/142),Lapras,W,,031,000000000000031,0.0,0.11,0.64,2.00,2024-09-11 16:08:35,0.0,2.0,612.0,0.0,,,,//arquivos/in/pokemon_bkp/cd/612/66e30b095c749-co4hg-wprg6-38b9d094ae0f5311dd3dcfbf65069bbb.jpg
https://www.ligapokemon.com.br/?view=cards/search&card=edid=612%20ed=SCR,SCR,8.98,20.00,1257.0,Lapras ex (#032/142),Lapras ex,W,,032,000000000000032,0.0,8.98,13.46,20.00,2024-08-30 18:38:48,0.0,20.0,612.0,0.0,,,,//arquivos/in/pokemon_bkp/cd/612/66e30b0b02863-potr0-k3wjv-38b9d094ae0f5311dd3dcfbf65069bbb.jpg
https://www.ligapokemon.com.br/?view=cards/search&card=edid=612%20ed=SCR,SCR,0.09,4.00,843.0,Marill (#033/142),Marill,W,,033,000000000000033,0.0,0.09,0.65,4.00,2024-09-11 16:08:36,0.0,1.0,612.0,0.0,,,,//arquivos/in/pokemon_bkp/cd/612/66e30b0cbe65d-l5gxe-a6tng-38b9d094ae0f5311dd3dcfbf65069bbb.jpg
https://www.ligapokemon.com.br/?view=cards/search&card=edid=612%20ed=SCR,SCR,0.09,3.00,838.0,Azumarill (#034/142),Azumarill,W,,034,000000000000034,0.0,0.09,0.83,3.00,2024-09-11 16:08:36,0.0,2.0,612.0,0.0,,,,//arquivos/in/pokemon_bkp/cd/612/66e30b0e75d7f-d23sr-13dzh-38b9d094ae0f5311dd3dcfbf65069bbb.jpg
https://www.ligapokemon.com.br/?view=cards/search&card=edid=612%20ed=SCR,SCR,0.08,3.00,692.0,Finneon (#035/142),Finneon,W,,035,000000000000035,0.0,0.08,0.61,3.00,2024-09-11 16:08:36,0.0,1.0,612.0,0.0,,,,//arquivos/in/pokemon_bkp/cd/612/66e30b1019a99-4uzhr-gn6d1-38b9d094ae0f5311dd3dcfbf65069bbb.jpg
https://www.ligapokemon.com.br/?view=cards/search&card=edid=612%20ed=SCR,SCR,0.07,3.00,678.0,Lumineon (#036/142),Lumineon,W,,036,000000000000036,0.0,0.07,0.74,3.00,2024-09-11 16:08:37,0.0,2.0,612.0,0.0,,,,//arquivos/in/pokemon_bkp/cd/612/66e30b11ce5ff-d9kat-ow84u-38b9d094ae0f5311dd3dcfbf65069bbb.jpg
https://www.ligapokemon.com.br/?view=cards/search&card=edid=612%20ed=SCR,SCR,0.08,3.00,810.0,Tirtouga (#037/142),Tirtouga,W,,037,000000000000037,0.0,0.08,0.79,3.00,2024-09-11 16:08:37,0.0,1.0,612.0,0.0,,,,//arquivos/in/pokemon_bkp/cd/612/66e30b13769fe-lih13-8l96y-38b9d094ae0f5311dd3dcfbf65069bbb.jpg
https://www.ligapokemon.com.br/?view=cards/search&card=edid=612%20ed=SCR,SCR,0.22,4.99,811.0,Carracosta (#038/142),Carracosta,W,,038,000000000000038,0.0,0.22,1.77,4.99,2024-09-11 16:08:37,0.0,3.0,612.0,0.0,,,,//arquivos/in/pokemon_bkp/cd/612/66e30b151ed7a-dm93s-2rnc3-38b9d094ae0f5311dd3dcfbf65069bbb.jpg
https://www.ligapokemon.com.br/?view=cards/search&card=edid=612%20ed=SCR,SCR,0.10,3.00,588.0,Froakie (#039/142),Froakie,W,,039,000000000000039,0.0,0.10,0.67,3.00,2024-08-22 17:57:02,0.0,1.0,612.0,0.0,,,,//arquivos/in/pokemon_bkp/cd/612/66e30b16b8812-6lqhu-thpik-38b9d094ae0f5311dd3dcfbf65069bbb.jpg
https://www.ligapokemon.com.br/?view=cards/search&card=edid=612%20ed=SCR,SCR,0.10,3.00,589.0,Frogadier (#040/142),Frogadier,W,,040,000000000000040,0.0,0.10,0.63,3.00,2024-08-22 17:57:02,0.0,2.0,612.0,0.0,,,,//arquivos/in/pokemon_bkp/cd/612/66e30b187772e-953f8-kcptw-38b9d094ae0f5311dd3dcfbf65069bbb.jpg
https://www.ligapokemon.com.br/?view=cards/search&card=edid=612%20ed=SCR,SCR,5.95,40.49,6687.0,Greninja ex (#041/142),Greninja ex,W,,041,000000000000041,0.0,5.95,16.72,40.49,2024-08-22 17:57:02,0.0,20.0,612.0,0.0,,,,//arquivos/in/pokemon_bkp/cd/612/66e30b1a24a90-m19xn-80nba-38b9d094ae0f5311dd3dcfbf65069bbb.jpg
https://www.ligapokemon.com.br/?view=cards/search&card=edid=612%20ed=SCR,SCR,0.08,2.00,4244.0,Crabominable (#042/142),Crabominable,W,,042,000000000000042,0.0,0.08,0.48,2.00,2024-09-11 16:08:37,0.0,2.0,612.0,0.0,,,,//arquivos/in/pokemon_bkp/cd/612/66e30b1bc8c57-nylrw-5f7oy-38b9d094ae0f5311dd3dcfbf65069bbb.jpg
https://www.ligapokemon.com.br/?view=cards/search&card=edid=612%20ed=SCR,SCR,0.19,3.00,4950.0,Chewtle (#043/142),Chewtle,W,,043,000000000000043,0.0,0.19,0.73,3.00,2024-08-22 17:57:02,0.0,1.0,612.0,0.0,,,,//arquivos/in/pokemon_bkp/cd/612/66e30b1d74086-h9i3u-nzla6-38b9d094ae0f5311dd3dcfbf65069bbb.jpg
https://www.ligapokemon.com.br/?view=cards/search&card=edid=612%20ed=SCR,SCR,0.21,100.00,4954.0,Drednaw (#044/142),Drednaw,W,,044,000000000000044,0.0,0.21,1.30,100.00,2024-08-22 17:57:02,0.0,3.0,612.0,0.0,,,,//arquivos/in/pokemon_bkp/cd/612/66e30b1f38ac9-simfk-sjgf0-38b9d094ae0f5311dd3dcfbf65069bbb.jpg
https://www.ligapokemon.com.br/?view=cards/search&card=edid=612%20ed=SCR,SCR,0.08,2.50,6436.0,Veluza (#045/142),Veluza,W,,045,000000000000045,0.0,0.08,0.77,2.50,2024-09-11 16:08:37,0.0,2.0,612.0,0.0,,,,//arquivos/in/pokemon_bkp/cd/612/66e30b20d3389-tqw6a-viwh7-38b9d094ae0f5311dd3dcfbf65069bbb.jpg
https://www.ligapokemon.com.br/?view=cards/search&card=edid=612%20ed=SCR,SCR,0.09,3.00,323.0,Electabuzz (#046/142),Electabuzz,L,,046,000000000000046,0.0,0.09,0.46,3.00,2024-09-11 16:08:37,0.0,1.0,612.0,0.0,,,,//arquivos/in/pokemon_bkp/cd/612/66e30b2299deb-qes8z-gun2q-38b9d094ae0f5311dd3dcfbf65069bbb.jpg
https://www.ligapokemon.com.br/?view=cards/search&card=edid=612%20ed=SCR,SCR,0.09,2.50,270.0,Electivire (#047/142),Electivire,L,,047,000000000000047,0.0,0.09,0.62,2.50,2024-09-11 16:08:37,0.0,2.0,612.0,0.0,,,,//arquivos/in/pokemon_bkp/cd/612/66e30b243ac9f-lbspo-so21i-38b9d094ae0f5311dd3dcfbf65069bbb.jpg
https://www.ligapokemon.com.br/?view=cards/search&card=edid=612%20ed=SCR,SCR,0.08,3.00,447.0,Chinchou (#048/142),Chinchou,L,,048,000000000000048,0.0,0.08,0.42,3.00,2024-09-11 16:08:38,0.0,1.0,612.0,0.0,,,,//arquivos/in/pokemon_bkp/cd/612/66e30b25d6917-4kp5y-l0by4-38b9d094ae0f5311dd3dcfbf65069bbb.jpg
https://www.ligapokemon.com.br/?view=cards/search&card=edid=612%20ed=SCR,SCR,0.07,3.00,430.0,Lanturn (#049/142),Lanturn,L,,049,000000000000049,0.0,0.07,0.63,3.00,2024-09-11 16:08:38,0.0,2.0,612.0,0.0,,,,//arquivos/in/pokemon_bkp/cd/612/66e30b2790436-kudri-1exdy-38b9d094ae0f5311dd3dcfbf65069bbb.jpg
https://www.ligapokemon.com.br/?view=cards/search&card=edid=612%20ed=SCR,SCR,0.15,6.93,722.0,Joltik (#050/142),Joltik,L,,050,000000000000050,0.0,0.15,1.73,6.93,2024-08-22 17:57:03,0.0,1.0,612.0,0.0,,,,//arquivos/in/pokemon_bkp/cd/612/66e30b293c7a6-j1s02-bygpf-38b9d094ae0f5311dd3dcfbf65069bbb.jpg
https://www.ligapokemon.com.br/?view=cards/search&card=edid=612%20ed=SCR,SCR,4.95,19.50,7075.0,Galvantula ex (#051/142),Galvantula ex,L,,051,000000000000051,0.0,4.95,11.31,19.50,2024-08-30 18:38:48,1.0,20.0,612.0,0.0,,,,//arquivos/in/pokemon_bkp/cd/612/66e30b2b02586-do4tj-zjqed-38b9d094ae0f5311dd3dcfbf65069bbb.jpg
https://www.ligapokemon.com.br/?view=cards/search&card=edid=612%20ed=SCR,SCR,0.08,15.00,4241.0,Charjabug (#052/142),Charjabug,L,,052,000000000000052,0.0,0.08,0.72,15.00,2024-09-11 16:08:38,0.0,1.0,612.0,0.0,,,,//arquivos/in/pokemon_bkp/cd/612/66e30b2caf578-xyscf-ihovt-38b9d094ae0f5311dd3dcfbf65069bbb.jpg
https://www.ligapokemon.com.br/?view=cards/search&card=edid=612%20ed=SCR,SCR,0.09,3.00,4295.0,Vikavolt (#053/142),Vikavolt,L,,053,000000000000053,0.0,0.09,0.75,3.00,2024-09-11 16:08:39,0.0,2.0,612.0,0.0,,,,//arquivos/in/pokemon_bkp/cd/612/66e30b2e7b364-acf39-4q7m5-38b9d094ae0f5311dd3dcfbf65069bbb.jpg
https://www.ligapokemon.com.br/?view=cards/search&card=edid=612%20ed=SCR,SCR,0.07,3.00,4288.0,Togedemaru (#054/142),Togedemaru,L,,054,000000000000054,0.0,0.07,0.53,3.00,2024-09-11 16:08:39,0.0,2.0,612.0,0.0,,,,//arquivos/in/pokemon_bkp/cd/612/66e30b306a4fc-cr1t0-o2qhr-38b9d094ae0f5311dd3dcfbf65069bbb.jpg
https://www.ligapokemon.com.br/?view=cards/search&card=edid=612%20ed=SCR,SCR,0.25,5.99,4737.0,Zeraora (#055/142),Zeraora,L,,055,000000000000055,0.0,0.25,1.87,5.99,2024-08-22 17:57:03,1.0,3.0,612.0,0.0,,,,//arquivos/in/pokemon_bkp/cd/612/66e30b320cb8a-7pfti-e8u7i-38b9d094ae0f5311dd3dcfbf65069bbb.jpg
https://www.ligapokemon.com.br/?view=cards/search&card=edid=612%20ed=SCR,SCR,0.07,3.00,6331.0,Pawmi (#056/142),Pawmi,L,,056,000000000000056,0.0,0.07,0.46,3.00,2024-09-11 16:08:39,0.0,1.0,612.0,0.0,,,,//arquivos/in/pokemon_bkp/cd/612/66e30b33a48bb-nw24h-roshe-38b9d094ae0f5311dd3dcfbf65069bbb.jpg
https://www.ligapokemon.com.br/?view=cards/search&card=edid=612%20ed=SCR,SCR,0.20,3.00,221.0,Slowpoke (#057/142),Slowpoke,P,,057,000000000000057,0.0,0.20,1.23,3.00,2024-09-11 16:08:39,0.0,1.0,612.0,0.0,,,,//arquivos/in/pokemon_bkp/cd/612/66e30b354bde1-t05qp-uspzc-38b9d094ae0f5311dd3dcfbf65069bbb.jpg
https://www.ligapokemon.com.br/?view=cards/search&card=edid=612%20ed=SCR,SCR,0.18,7.99,170.0,Slowking (#058/142),Slowking,P,,058,000000000000058,0.0,0.18,1.88,7.99,2024-09-11 16:08:39,0.0,2.0,612.0,0.0,,,,//arquivos/in/pokemon_bkp/cd/612/66e30b36f093f-d16z9-fbku8-38b9d094ae0f5311dd3dcfbf65069bbb.jpg
https://www.ligapokemon.com.br/?view=cards/search&card=edid=612%20ed=SCR,SCR,0.15,4.99,68.0,Mewtwo (#059/142),Mewtwo,P,,059,000000000000059,0.0,0.15,1.79,4.99,2024-08-22 17:57:03,1.0,2.0,612.0,0.0,,,,//arquivos/in/pokemon_bkp/cd/612/66e30b38b6820-lf83n-lp9kh-38b9d094ae0f5311dd3dcfbf65069bbb.jpg
https://www.ligapokemon.com.br/?view=cards/search&card=edid=612%20ed=SCR,SCR,0.07,4.90,393.0,Drifloon (#060/142),Drifloon,P,,060,000000000000060,0.0,0.07,0.56,4.90,2024-09-11 16:08:39,0.0,1.0,612.0,0.0,,,,//arquivos/in/pokemon_bkp/cd/612/66e30b3a68ca1-cyi97-lfjph-38b9d094ae0f5311dd3dcfbf65069bbb.jpg
https://www.ligapokemon.com.br/?view=cards/search&card=edid=612%20ed=SCR,SCR,0.08,2.50,664.0,Drifblim (#061/142),Drifblim,P,,061,000000000000061,0.0,0.08,0.65,2.50,2024-09-11 16:08:39,0.0,2.0,612.0,0.0,,,,//arquivos/in/pokemon_bkp/cd/612/66e30b3c0fb63-r2hcy-o16jy-38b9d094ae0f5311dd3dcfbf65069bbb.jpg
https://www.ligapokemon.com.br/?view=cards/search&card=edid=612%20ed=SCR,SCR,0.08,3.00,727.0,Yamask (#062/142),Yamask,P,,062,000000000000062,0.0,0.08,0.65,3.00,2024-09-11 16:08:40,0.0,1.0,612.0,0.0,,,,//arquivos/in/pokemon_bkp/cd/612/66e30b3dc1a6d-n1dlo-ldv0k-38b9d094ae0f5311dd3dcfbf65069bbb.jpg
https://www.ligapokemon.com.br/?view=cards/search&card=edid=612%20ed=SCR,SCR,0.10,3.00,4345.0,Comfey (#063/142),Comfey,P,,063,000000000000063,0.0,0.10,0.55,3.00,2024-09-11 16:08:40,0.0,1.0,612.0,0.0,,,,//arquivos/in/pokemon_bkp/cd/612/66e30b3f6c08c-imfsd-nzeao-38b9d094ae0f5311dd3dcfbf65069bbb.jpg
https://www.ligapokemon.com.br/?view=cards/search&card=edid=612%20ed=SCR,SCR,0.13,10.00,5023.0,Milcery (#064/142),Milcery,P,,064,000000000000064,0.0,0.13,0.53,10.00,2024-09-11 16:08:40,0.0,1.0,612.0,0.0,,,,//arquivos/in/pokemon_bkp/cd/612/66e30b41600dd-gqwik-91ecs-38b9d094ae0f5311dd3dcfbf65069bbb.jpg
https://www.ligapokemon.com.br/?view=cards/search&card=edid=612%20ed=SCR,SCR,0.35,6.00,5044.0,Alcremie (#065/142),Alcremie,P,,065,000000000000065,0.0,0.35,1.07,6.00,2024-09-11 16:08:41,0.0,3.0,612.0,0.0,,,,//arquivos/in/pokemon_bkp/cd/612/66e30b431e4d7-rv4a1-gjx9v-38b9d094ae0f5311dd3dcfbf65069bbb.jpg
https://www.ligapokemon.com.br/?view=cards/search&card=edid=612%20ed=SCR,SCR,0.09,3.00,6302.0,Fidough (#066/142),Fidough,P,,066,000000000000066,0.0,0.09,0.57,3.00,2024-09-11 16:08:41,0.0,1.0,612.0,0.0,,,,//arquivos/in/pokemon_bkp/cd/612/66e30b44c6785-k50tv-7ew0u-38b9d094ae0f5311dd3dcfbf65069bbb.jpg
https://www.ligapokemon.com.br/?view=cards/search&card=edid=612%20ed=SCR,SCR,5.00,14.90,7076.0,Dachsbun ex (#067/142),Dachsbun ex,P,,067,000000000000067,0.0,5.00,9.12,14.90,2024-08-30 15:03:01,0.0,20.0,612.0,0.0,,,,//arquivos/in/pokemon_bkp/cd/612/66e30b46699f6-x8co6-brjgd-38b9d094ae0f5311dd3dcfbf65069bbb.jpg
https://www.ligapokemon.com.br/?view=cards/search&card=edid=612%20ed=SCR,SCR,0.10,3.00,6304.0,Flittle (#068/142),Flittle,P,,068,000000000000068,0.0,0.10,0.65,3.00,2024-09-11 16:08:41,0.0,1.0,612.0,0.0,,,,//arquivos/in/pokemon_bkp/cd/612/66e30b48132a9-h1nwy-bs24j-38b9d094ae0f5311dd3dcfbf65069bbb.jpg
https://www.ligapokemon.com.br/?view=cards/search&card=edid=612%20ed=SCR,SCR,0.15,1.78,6305.0,Espathra (#069/142),Espathra,P,,069,000000000000069,0.0,0.15,0.69,1.78,2024-09-11 16:08:41,0.0,1.0,612.0,0.0,,,,//arquivos/in/pokemon_bkp/cd/612/66e30b49be1fd-72y01-504c3-38b9d094ae0f5311dd3dcfbf65069bbb.jpg
https://www.ligapokemon.com.br/?view=cards/search&card=edid=612%20ed=SCR,SCR,0.07,3.00,6335.0,Greavard (#070/142),Greavard,P,,070,000000000000070,0.0,0.07,0.57,3.00,2024-09-11 16:08:41,0.0,1.0,612.0,0.0,,,,//arquivos/in/pokemon_bkp/cd/612/66e30b4b5c9ff-3i2bj-7ufwd-38b9d094ae0f5311dd3dcfbf65069bbb.jpg
https://www.ligapokemon.com.br/?view=cards/search&card=edid=612%20ed=SCR,SCR,0.20,100.00,7077.0,Iron Boulder (#071/142),Rocha F&eacute;rrea,P,,071,000000000000071,0.0,0.20,1.28,100.00,2024-08-30 15:03:01,0.0,3.0,612.0,0.0,,,,//arquivos/in/pokemon_bkp/cd/612/66e30b4d06f95-a94gz-3tu1i-38b9d094ae0f5311dd3dcfbf65069bbb.jpg
https://www.ligapokemon.com.br/?view=cards/search&card=edid=612%20ed=SCR,SCR,0.15,3.00,529.0,Cubone (#072/142),Cubone,F,,072,000000000000072,0.0,0.15,0.77,3.00,2024-09-11 16:08:42,0.0,1.0,612.0,0.0,,,,//arquivos/in/pokemon_bkp/cd/612/66e30b4e992f2-qwu4h-huwt8-38b9d094ae0f5311dd3dcfbf65069bbb.jpg
https://www.ligapokemon.com.br/?view=cards/search&card=edid=612%20ed=SCR,SCR,0.13,2.50,521.0,Marowak (#073/142),Marowak,F,,073,000000000000073,0.0,0.13,0.63,2.50,2024-09-11 16:08:42,0.0,2.0,612.0,0.0,,,,//arquivos/in/pokemon_bkp/cd/612/66e30b5062b3e-wf9o3-5mjw1-38b9d094ae0f5311dd3dcfbf65069bbb.jpg
https://www.ligapokemon.com.br/?view=cards/search&card=edid=612%20ed=SCR,SCR,0.08,3.00,536.0,Rhyhorn (#074/142),Rhyhorn,F,,074,000000000000074,0.0,0.08,0.63,3.00,2024-09-11 16:08:43,0.0,1.0,612.0,0.0,,,,//arquivos/in/pokemon_bkp/cd/612/66e30b521d5ea-mxo52-d1lyw-38b9d094ae0f5311dd3dcfbf65069bbb.jpg
https://www.ligapokemon.com.br/?view=cards/search&card=edid=612%20ed=SCR,SCR,0.19,3.00,525.0,Rhydon (#075/142),Rhydon,F,,075,000000000000075,0.0,0.19,0.57,3.00,2024-09-11 16:08:43,0.0,1.0,612.0,0.0,,,,//arquivos/in/pokemon_bkp/cd/612/66e30b53cdbd4-j0fnm-iovu3-38b9d094ae0f5311dd3dcfbf65069bbb.jpg
https://www.ligapokemon.com.br/?view=cards/search&card=edid=612%20ed=SCR,SCR,0.21,49.28,601.0,Rhyperior (#076/142),Rhyperior,F,,076,000000000000076,0.0,0.21,9.19,49.28,2024-09-11 16:08:43,0.0,3.0,612.0,0.0,,,,//arquivos/in/pokemon_bkp/cd/612/66e30b5572430-a3q6x-3j4y6-38b9d094ae0f5311dd3dcfbf65069bbb.jpg
https://www.ligapokemon.com.br/?view=cards/search&card=edid=612%20ed=SCR,SCR,0.10,2.50,761.0,Meditite (#077/142),Meditite,F,,077,000000000000077,0.0,0.10,0.81,2.50,2024-09-11 16:08:43,0.0,1.0,612.0,0.0,,,,//arquivos/in/pokemon_bkp/cd/612/66e30b5711784-3xlri-rincd-38b9d094ae0f5311dd3dcfbf65069bbb.jpg
https://www.ligapokemon.com.br/?view=cards/search&card=edid=612%20ed=SCR,SCR,0.13,3.00,761.0,Meditite (#078/142),Meditite,F,,078,000000000000078,0.0,0.13,0.78,3.00,2024-09-11 16:08:43,0.0,1.0,612.0,0.0,,,,//arquivos/in/pokemon_bkp/cd/612/66e30b58c15e9-f6lcw-nai65-38b9d094ae0f5311dd3dcfbf65069bbb.jpg
https://www.ligapokemon.com.br/?view=cards/search&card=edid=612%20ed=SCR,SCR,0.13,3.00,5069.0,Medicham (#079/142),Medicham,F,,079,000000000000079,0.0,0.13,0.58,3.00,2024-09-11 16:08:43,0.0,1.0,612.0,0.0,,,,//arquivos/in/pokemon_bkp/cd/612/66e30b5a62d91-uwdiy-0rvxq-38b9d094ae0f5311dd3dcfbf65069bbb.jpg
https://www.ligapokemon.com.br/?view=cards/search&card=edid=612%20ed=SCR,SCR,4.59,18.39,1780.0,Medicham ex (#080/142),Medicham ex,F,,080,000000000000080,0.0,4.59,8.15,18.39,2024-09-11 16:08:43,2.0,20.0,612.0,0.0,,,,//arquivos/in/pokemon_bkp/cd/612/66e30b5c03953-u8fds-wys0n-38b9d094ae0f5311dd3dcfbf65069bbb.jpg
https://www.ligapokemon.com.br/?view=cards/search&card=edid=612%20ed=SCR,SCR,0.12,3.00,91.0,Riolu (#081/142),Riolu,F,,081,000000000000081,0.0,0.12,0.71,3.00,2024-09-11 16:08:43,0.0,1.0,612.0,0.0,,,,//arquivos/in/pokemon_bkp/cd/612/66e30b5dc8c79-iz36l-ze245-38b9d094ae0f5311dd3dcfbf65069bbb.jpg
https://www.ligapokemon.com.br/?view=cards/search&card=edid=612%20ed=SCR,SCR,4.90,19.50,6406.0,Lucario ex (#082/142),Lucario ex,F,,082,000000000000082,0.0,4.90,10.65,19.50,2024-09-11 16:08:44,0.0,20.0,612.0,0.0,,,,//arquivos/in/pokemon_bkp/cd/612/66e30b5f689dd-dj3iv-lpejn-38b9d094ae0f5311dd3dcfbf65069bbb.jpg
https://www.ligapokemon.com.br/?view=cards/search&card=edid=612%20ed=SCR,SCR,0.08,3.00,824.0,Mienfoo (#083/142),Mienfoo,F,,083,000000000000083,0.0,0.08,1.15,3.00,2024-09-11 16:08:44,0.0,1.0,612.0,0.0,,,,//arquivos/in/pokemon_bkp/cd/612/66e30b611541a-edplx-v4w2z-38b9d094ae0f5311dd3dcfbf65069bbb.jpg
https://www.ligapokemon.com.br/?view=cards/search&card=edid=612%20ed=SCR,SCR,0.11,3.00,825.0,Mienshao (#084/142),Mienshao,F,,084,000000000000084,0.0,0.11,0.67,3.00,2024-09-11 16:08:45,0.0,2.0,612.0,0.0,,,,//arquivos/in/pokemon_bkp/cd/612/66e30b62f341d-yudos-bosx5-38b9d094ae0f5311dd3dcfbf65069bbb.jpg
https://www.ligapokemon.com.br/?view=cards/search&card=edid=612%20ed=SCR,SCR,0.09,2.50,1654.0,Pancham (#085/142),Pancham,F,,085,000000000000085,0.0,0.09,0.59,2.50,2024-08-22 17:57:03,0.0,1.0,612.0,0.0,,,,//arquivos/in/pokemon_bkp/cd/612/66e30b64a88af-s3elf-kehs1-38b9d094ae0f5311dd3dcfbf65069bbb.jpg
https://www.ligapokemon.com.br/?view=cards/search&card=edid=612%20ed=SCR,SCR,0.14,3.50,1173.0,Diancie (#086/142),Diancie,F,,086,000000000000086,0.0,0.14,1.51,3.50,2024-09-11 16:08:45,0.0,2.0,612.0,0.0,,,,//arquivos/in/pokemon_bkp/cd/612/66e30b6645687-7bma5-i41w3-38b9d094ae0f5311dd3dcfbf65069bbb.jpg
https://www.ligapokemon.com.br/?view=cards/search&card=edid=612%20ed=SCR,SCR,0.08,3.00,4245.0,Crabrawler (#087/142),Crabrawler,F,,087,000000000000087,0.0,0.08,0.70,3.00,2024-09-11 16:08:45,0.0,1.0,612.0,0.0,,,,//arquivos/in/pokemon_bkp/cd/612/66e30b67e08f7-7bayq-hci0l-38b9d094ae0f5311dd3dcfbf65069bbb.jpg
https://www.ligapokemon.com.br/?view=cards/search&card=edid=612%20ed=SCR,SCR,0.15,3.00,5049.0,Falinks (#088/142),Falinks,F,,088,000000000000088,0.0,0.15,0.64,3.00,2024-08-30 15:03:01,0.0,1.0,612.0,0.0,,,,//arquivos/in/pokemon_bkp/cd/612/66e30b69a49ec-ibj91-bigwy-38b9d094ae0f5311dd3dcfbf65069bbb.jpg
https://www.ligapokemon.com.br/?view=cards/search&card=edid=612%20ed=SCR,SCR,4.15,14.90,6684.0,Garganacl ex (#089/142),Garganacl ex,F,,089,000000000000089,0.0,4.15,8.10,14.90,2024-09-11 16:08:45,0.0,20.0,612.0,0.0,,,,//arquivos/in/pokemon_bkp/cd/612/66e30b6b4b6e0-o9jzy-ldcpt-38b9d094ae0f5311dd3dcfbf65069bbb.jpg
https://www.ligapokemon.com.br/?view=cards/search&card=edid=612%20ed=SCR,SCR,0.08,3.00,6358.0,Koraidon (#090/142),Koraidon,F,,090,000000000000090,0.0,0.08,0.61,3.00,2024-09-11 16:08:45,0.0,2.0,612.0,0.0,,,,//arquivos/in/pokemon_bkp/cd/612/66e30b6ce58a9-7ng0v-0fslu-38b9d094ae0f5311dd3dcfbf65069bbb.jpg
https://www.ligapokemon.com.br/?view=cards/search&card=edid=612%20ed=SCR,SCR,0.17,3.00,1006.0,Gulpin (#091/142),Gulpin,D,,091,000000000000091,0.0,0.17,0.69,3.00,2024-08-22 17:57:03,0.0,1.0,612.0,0.0,,,,//arquivos/in/pokemon_bkp/cd/612/66e30b6eaa968-3ek6g-3esm2-38b9d094ae0f5311dd3dcfbf65069bbb.jpg
https://www.ligapokemon.com.br/?view=cards/search&card=edid=612%20ed=SCR,SCR,0.09,3.00,1003.0,Swalot (#092/142),Swalot,D,,092,000000000000092,0.0,0.09,0.77,3.00,2024-08-22 17:57:05,0.0,2.0,612.0,0.0,,,,//arquivos/in/pokemon_bkp/cd/612/66e30b70545f7-hsbj9-kls18-38b9d094ae0f5311dd3dcfbf65069bbb.jpg
https://www.ligapokemon.com.br/?view=cards/search&card=edid=612%20ed=SCR,SCR,0.09,3.00,1658.0,Pangoro (#093/142),Pangoro,D,,093,000000000000093,0.0,0.09,0.55,3.00,2024-08-22 17:57:05,0.0,2.0,612.0,0.0,,,,//arquivos/in/pokemon_bkp/cd/612/66e30b7223ac1-cpvae-ou982-38b9d094ae0f5311dd3dcfbf65069bbb.jpg
https://www.ligapokemon.com.br/?view=cards/search&card=edid=612%20ed=SCR,SCR,0.11,3.00,5040.0,Impidimp (#094/142),Impidimp,D,,094,000000000000094,0.0,0.11,0.64,3.00,2024-09-11 16:08:45,0.0,1.0,612.0,0.0,,,,//arquivos/in/pokemon_bkp/cd/612/66e30b73d40ef-2wp90-dt2i9-38b9d094ae0f5311dd3dcfbf65069bbb.jpg
https://www.ligapokemon.com.br/?view=cards/search&card=edid=612%20ed=SCR,SCR,0.09,3.00,5025.0,Morgrem (#095/142),Morgrem,D,,095,000000000000095,0.0,0.09,0.67,3.00,2024-09-11 16:08:45,0.0,1.0,612.0,0.0,,,,//arquivos/in/pokemon_bkp/cd/612/66e30b757a402-8e2gi-i2xem-38b9d094ae0f5311dd3dcfbf65069bbb.jpg
https://www.ligapokemon.com.br/?view=cards/search&card=edid=612%20ed=SCR,SCR,0.25,100.00,5026.0,Grimmsnarl (#096/142),Grimmsnarl,D,,096,000000000000096,0.0,0.25,1.18,100.00,2024-09-11 16:08:45,0.0,3.0,612.0,0.0,,,,//arquivos/in/pokemon_bkp/cd/612/66e30b772124c-l7rhy-rpi72-38b9d094ae0f5311dd3dcfbf65069bbb.jpg
https://www.ligapokemon.com.br/?view=cards/search&card=edid=612%20ed=SCR,SCR,0.08,2.50,6340.0,Bombirdier (#097/142),Bombirdier,D,,097,000000000000097,0.0,0.08,0.59,2.50,2024-09-11 16:08:46,0.0,1.0,612.0,0.0,,,,//arquivos/in/pokemon_bkp/cd/612/66e30b78ca269-14h9l-sw60q-38b9d094ae0f5311dd3dcfbf65069bbb.jpg
https://www.ligapokemon.com.br/?view=cards/search&card=edid=612%20ed=SCR,SCR,0.12,3.50,900.0,Jirachi (#098/142),Jirachi,M,,098,000000000000098,0.0,0.12,0.68,3.50,2024-08-22 17:57:05,0.0,2.0,612.0,0.0,,,,//arquivos/in/pokemon_bkp/cd/612/66e30b7a704ee-orpy0-or1qf-38b9d094ae0f5311dd3dcfbf65069bbb.jpg
https://www.ligapokemon.com.br/?view=cards/search&card=edid=612%20ed=SCR,SCR,0.08,3.00,248.0,Klink (#099/142),Klink,M,,099,000000000000099,0.0,0.08,0.79,3.00,2024-09-11 16:08:46,0.0,1.0,612.0,0.0,,,,//arquivos/in/pokemon_bkp/cd/612/66e30b7c12f1c-bf0xl-pkn6c-38b9d094ae0f5311dd3dcfbf65069bbb.jpg
https://www.ligapokemon.com.br/?view=cards/search&card=edid=612%20ed=SCR,SCR,0.13,25.00,736.0,Klang (#100/142),Klang,M,,100,000000000000100,0.0,0.13,6.81,25.00,2024-09-11 16:08:47,0.0,1.0,612.0,0.0,,,,//arquivos/in/pokemon_bkp/cd/612/66e30b7dbba08-j6blr-bc5ku-38b9d094ae0f5311dd3dcfbf65069bbb.jpg
https://www.ligapokemon.com.br/?view=cards/search&card=edid=612%20ed=SCR,SCR,0.19,4.99,737.0,Klinklang (#101/142),Klinklang,M,,101,000000000000101,0.0,0.19,0.93,4.99,2024-09-11 16:08:47,0.0,3.0,612.0,0.0,,,,//arquivos/in/pokemon_bkp/cd/612/66e30b7f63460-bo96j-q9o4e-38b9d094ae0f5311dd3dcfbf65069bbb.jpg
https://www.ligapokemon.com.br/?view=cards/search&card=edid=612%20ed=SCR,SCR,0.09,3.00,4741.0,Meltan (#102/142),Meltan,M,,102,000000000000102,0.0,0.09,0.51,3.00,2024-09-11 16:08:47,0.0,1.0,612.0,0.0,,,,//arquivos/in/pokemon_bkp/cd/612/66e30b8101ddc-wnyzj-ixc8j-38b9d094ae0f5311dd3dcfbf65069bbb.jpg
https://www.ligapokemon.com.br/?view=cards/search&card=edid=612%20ed=SCR,SCR,0.10,3.00,4741.0,Meltan (#103/142),Meltan,M,,103,000000000000103,0.0,0.10,0.42,3.00,2024-08-22 17:57:06,0.0,1.0,612.0,0.0,,,,//arquivos/in/pokemon_bkp/cd/612/66e30b82bb15f-gzpha-ge0jc-38b9d094ae0f5311dd3dcfbf65069bbb.jpg
https://www.ligapokemon.com.br/?view=cards/search&card=edid=612%20ed=SCR,SCR,0.20,4.99,4759.0,Melmetal (#104/142),Melmetal,M,,104,000000000000104,0.0,0.20,0.99,4.99,2024-08-22 17:57:06,0.0,3.0,612.0,0.0,,,,//arquivos/in/pokemon_bkp/cd/612/66e30b847d799-nk8lm-qd06j-38b9d094ae0f5311dd3dcfbf65069bbb.jpg
https://www.ligapokemon.com.br/?view=cards/search&card=edid=612%20ed=SCR,SCR,3.00,29.90,6591.0,Melmetal ex (#105/142),Melmetal ex,M,,105,000000000000105,0.0,3.00,9.22,29.90,2024-08-22 17:57:06,0.0,20.0,612.0,0.0,,,,//arquivos/in/pokemon_bkp/cd/612/66e30b862e387-qtk28-po4rm-38b9d094ae0f5311dd3dcfbf65069bbb.jpg
https://www.ligapokemon.com.br/?view=cards/search&card=edid=612%20ed=SCR,SCR,0.10,3.00,5019.0,Duraludon (#106/142),Duraludon,M,,106,000000000000106,0.0,0.10,0.92,3.00,2024-09-11 16:08:47,0.0,1.0,612.0,0.0,,,,//arquivos/in/pokemon_bkp/cd/612/66e30b87da1f6-odpw8-gm9yf-38b9d094ae0f5311dd3dcfbf65069bbb.jpg
https://www.ligapokemon.com.br/?view=cards/search&card=edid=612%20ed=SCR,SCR,0.20,100.00,7078.0,Archaludon (#107/142),Archaludon,M,,107,000000000000107,0.0,0.20,2.72,100.00,2024-09-11 16:08:47,0.0,3.0,612.0,0.0,,,,//arquivos/in/pokemon_bkp/cd/612/66e30b898131f-67cpt-g17k3-38b9d094ae0f5311dd3dcfbf65069bbb.jpg
https://www.ligapokemon.com.br/?view=cards/search&card=edid=612%20ed=SCR,SCR,0.07,3.00,6311.0,Varoom (#108/142),Varoom,M,,108,000000000000108,0.0,0.07,0.68,3.00,2024-09-11 16:08:47,0.0,1.0,612.0,0.0,,,,//arquivos/in/pokemon_bkp/cd/612/66e30b8b36262-j05xh-9u1xn-38b9d094ae0f5311dd3dcfbf65069bbb.jpg
https://www.ligapokemon.com.br/?view=cards/search&card=edid=612%20ed=SCR,SCR,0.12,3.00,6312.0,Revavroom (#109/142),Revavroom,M,,109,000000000000109,0.0,0.12,0.73,3.00,2024-09-11 16:08:47,0.0,2.0,612.0,0.0,,,,//arquivos/in/pokemon_bkp/cd/612/66e30b8cd94b8-k9hlp-417tu-38b9d094ae0f5311dd3dcfbf65069bbb.jpg
https://www.ligapokemon.com.br/?view=cards/search&card=edid=612%20ed=SCR,SCR,4.50,14.90,7079.0,Orthworm ex (#110/142),Orthworm ex,M,,110,000000000000110,0.0,4.50,8.03,14.90,2024-08-22 17:57:06,0.0,20.0,612.0,0.0,,,,//arquivos/in/pokemon_bkp/cd/612/66e30b8e95f5b-lkq1p-m0rn3-38b9d094ae0f5311dd3dcfbf65069bbb.jpg
https://www.ligapokemon.com.br/?view=cards/search&card=edid=612%20ed=SCR,SCR,0.23,5.00,7080.0,Raging Bolt (#111/142),Raio F&uacute;ria,O,,111,000000000000111,0.0,0.23,1.69,5.00,2024-08-30 15:03:01,0.0,3.0,612.0,0.0,,,,//arquivos/in/pokemon_bkp/cd/612/66e30b9046c0f-lqegd-c90b8-38b9d094ae0f5311dd3dcfbf65069bbb.jpg
https://www.ligapokemon.com.br/?view=cards/search&card=edid=612%20ed=SCR,SCR,0.13,3.00,527.0,Tauros (#112/142),Tauros,C,,112,000000000000112,0.0,0.13,0.89,3.00,2024-09-11 16:08:47,0.0,1.0,612.0,0.0,,,,//arquivos/in/pokemon_bkp/cd/612/66e30b91e6546-anzuh-mjqps-38b9d094ae0f5311dd3dcfbf65069bbb.jpg
https://www.ligapokemon.com.br/?view=cards/search&card=edid=612%20ed=SCR,SCR,0.20,3.00,127.0,Eevee (#113/142),Eevee,C,,113,000000000000113,0.0,0.20,0.96,3.00,2024-09-11 16:08:47,0.0,1.0,612.0,0.0,,,,//arquivos/in/pokemon_bkp/cd/612/66e30b938c0d8-tkvdc-n9lbo-38b9d094ae0f5311dd3dcfbf65069bbb.jpg
https://www.ligapokemon.com.br/?view=cards/search&card=edid=612%20ed=SCR,SCR,0.25,15.00,1083.0,Hoothoot (#114/142),Hoothoot,C,,114,000000000000114,0.0,0.25,5.76,15.00,2024-09-11 16:08:48,0.0,1.0,612.0,0.0,,,,//arquivos/in/pokemon_bkp/cd/612/66e30b9549d00-azfu7-go6tx-38b9d094ae0f5311dd3dcfbf65069bbb.jpg
https://www.ligapokemon.com.br/?view=cards/search&card=edid=612%20ed=SCR,SCR,0.90,12.49,1072.0,Noctowl (#115/142),Noctowl,C,,115,000000000000115,0.0,0.90,3.63,12.49,2024-09-11 16:08:49,0.0,3.0,612.0,0.0,,,,//arquivos/in/pokemon_bkp/cd/612/66e30b9702bed-rnukc-kr5gx-38b9d094ae0f5311dd3dcfbf65069bbb.jpg
https://www.ligapokemon.com.br/?view=cards/search&card=edid=612%20ed=SCR,SCR,0.08,3.00,207.0,Glameow (#116/142),Glameow,C,,116,000000000000116,0.0,0.08,0.69,3.00,2024-09-11 16:08:49,0.0,1.0,612.0,0.0,,,,//arquivos/in/pokemon_bkp/cd/612/66e30b98bcf44-64hlz-vw0ca-38b9d094ae0f5311dd3dcfbf65069bbb.jpg
https://www.ligapokemon.com.br/?view=cards/search&card=edid=612%20ed=SCR,SCR,0.08,3.00,189.0,Purugly (#117/142),Purugly,C,,117,000000000000117,0.0,0.08,0.48,3.00,2024-09-11 16:08:49,0.0,1.0,612.0,0.0,,,,//arquivos/in/pokemon_bkp/cd/612/66e30b9a68816-tg0ji-haije-38b9d094ae0f5311dd3dcfbf65069bbb.jpg
https://www.ligapokemon.com.br/?view=cards/search&card=edid=612%20ed=SCR,SCR,0.20,4.00,1869.0,Fan Rotom (#118/142),Rotom Ventilador,C,,118,000000000000118,0.0,0.20,1.39,4.00,2024-09-11 16:08:49,0.0,1.0,612.0,0.0,,,,//arquivos/in/pokemon_bkp/cd/612/66e30b9c32b88-h5n79-a6jy9-38b9d094ae0f5311dd3dcfbf65069bbb.jpg
https://www.ligapokemon.com.br/?view=cards/search&card=edid=612%20ed=SCR,SCR,0.30,100.00,115.0,Bouffalant (#119/142),Bouffalant,C,,119,000000000000119,0.0,0.30,1.59,100.00,2024-09-11 16:08:49,0.0,3.0,612.0,0.0,,,,//arquivos/in/pokemon_bkp/cd/612/66e30b9df1e4f-9eyx6-scaqb-38b9d094ae0f5311dd3dcfbf65069bbb.jpg
https://www.ligapokemon.com.br/?view=cards/search&card=edid=612%20ed=SCR,SCR,0.10,3.00,116.0,Tornadus (#120/142),Tornadus,C,,120,000000000000120,0.0,0.10,0.55,3.00,2024-09-11 16:08:49,0.0,2.0,612.0,0.0,,,,//arquivos/in/pokemon_bkp/cd/612/66e30b9fa58aa-hekw5-5zgsn-38b9d094ae0f5311dd3dcfbf65069bbb.jpg
https://www.ligapokemon.com.br/?view=cards/search&card=edid=612%20ed=SCR,SCR,0.09,3.00,632.0,Fletchling (#121/142),Fletchling,C,,121,000000000000121,0.0,0.09,0.47,3.00,2024-09-11 16:08:49,0.0,1.0,612.0,0.0,,,,//arquivos/in/pokemon_bkp/cd/612/66e30ba150dad-9enzh-epn2a-38b9d094ae0f5311dd3dcfbf65069bbb.jpg
https://www.ligapokemon.com.br/?view=cards/search&card=edid=612%20ed=SCR,SCR,0.09,3.00,582.0,Fletchinder (#122/142),Fletchinder,C,,122,000000000000122,0.0,0.09,0.48,3.00,2024-09-11 16:08:49,0.0,1.0,612.0,0.0,,,,//arquivos/in/pokemon_bkp/cd/612/66e30ba3870b7-x1lag-7m56a-38b9d094ae0f5311dd3dcfbf65069bbb.jpg
https://www.ligapokemon.com.br/?view=cards/search&card=edid=612%20ed=SCR,SCR,0.10,3.00,583.0,Talonflame (#123/142),Talonflame,C,,123,000000000000123,0.0,0.10,0.75,3.00,2024-09-11 16:08:49,0.0,2.0,612.0,0.0,,,,//arquivos/in/pokemon_bkp/cd/612/66e30ba588382-uhkpq-r3xei-38b9d094ae0f5311dd3dcfbf65069bbb.jpg
https://www.ligapokemon.com.br/?view=cards/search&card=edid=612%20ed=SCR,SCR,0.10,3.00,4978.0,Wooloo (#124/142),Wooloo,C,,124,000000000000124,0.0,0.10,0.81,3.00,2024-09-11 16:08:50,0.0,1.0,612.0,0.0,,,,//arquivos/in/pokemon_bkp/cd/612/66e30ba72d57c-n7al5-m92pe-38b9d094ae0f5311dd3dcfbf65069bbb.jpg
https://www.ligapokemon.com.br/?view=cards/search&card=edid=612%20ed=SCR,SCR,0.09,2.50,4957.0,Dubwool (#125/142),Dubwool,C,,125,000000000000125,0.0,0.09,0.73,2.50,2024-09-11 16:08:51,0.0,2.0,612.0,0.0,,,,//arquivos/in/pokemon_bkp/cd/612/66e30ba8dbab4-32zfl-cer4m-38b9d094ae0f5311dd3dcfbf65069bbb.jpg
https://www.ligapokemon.com.br/?view=cards/search&card=edid=612%20ed=SCR,SCR,0.08,3.00,6313.0,Lechonk (#126/142),Lechonk,C,,126,000000000000126,0.0,0.08,0.62,3.00,2024-09-11 16:08:51,0.0,1.0,612.0,0.0,,,,//arquivos/in/pokemon_bkp/cd/612/66e30bab892ed-dpie6-a6t1b-38b9d094ae0f5311dd3dcfbf65069bbb.jpg
https://www.ligapokemon.com.br/?view=cards/search&card=edid=612%20ed=SCR,SCR,0.07,3.00,6345.0,Cyclizar (#127/142),Cyclizar,C,,127,000000000000127,0.0,0.07,0.71,3.00,2024-09-11 16:08:51,0.0,1.0,612.0,0.0,,,,//arquivos/in/pokemon_bkp/cd/612/66e30bad87db1-sn90i-bvf23-38b9d094ae0f5311dd3dcfbf65069bbb.jpg
https://www.ligapokemon.com.br/?view=cards/search&card=edid=612%20ed=SCR,SCR,7.84,99.98,7081.0,Terapagos ex (#128/142),Terapagos ex,C,,128,000000000000128,0.0,7.84,14.96,99.98,2024-08-30 18:38:48,4.0,20.0,612.0,0.0,,,,//arquivos/in/pokemon_bkp/cd/612/66e30baf8e0a0-rjaif-ru24n-38b9d094ae0f5311dd3dcfbf65069bbb.jpg
https://www.ligapokemon.com.br/?view=cards/search&card=edid=612%20ed=SCR,SCR,0.15,2.90,7084.0,Antique Cover Fossil (#129/142),F&oacute;ssil Casca Arcaico,C,,129,000000000000129,0.0,0.15,0.82,2.90,2024-09-11 16:08:51,0.0,1.0,612.0,0.0,,,,//arquivos/in/pokemon_bkp/cd/612/66e30bb188c4d-yxebt-3jvkp-38b9d094ae0f5311dd3dcfbf65069bbb.jpg
https://www.ligapokemon.com.br/?view=cards/search&card=edid=612%20ed=SCR,SCR,0.09,2.50,7083.0,Antique Root Fossil (#130/142),F&oacute;ssil Raiz Arcaico,C,,130,000000000000130,0.0,0.09,0.49,2.50,2024-09-11 16:08:51,0.0,1.0,612.0,0.0,,,,//arquivos/in/pokemon_bkp/cd/612/66e30bc1c6c9b-uirk6-goh74-38b9d094ae0f5311dd3dcfbf65069bbb.jpg
https://www.ligapokemon.com.br/?view=cards/search&card=edid=612%20ed=SCR,SCR,0.15,9.00,7095.0,Area Zero Underdepths (#131/142),Abismo da &Aacute;rea Zero,C,,131,000000000000131,0.0,0.15,2.03,9.00,2024-08-22 17:57:07,0.0,2.0,612.0,0.0,,,,//arquivos/in/pokemon_bkp/cd/612/66e30bc374093-hl3ax-le763-38b9d094ae0f5311dd3dcfbf65069bbb.jpg
https://www.ligapokemon.com.br/?view=cards/search&card=edid=612%20ed=SCR,SCR,0.08,4.90,7093.0,Briar (#132/142),Urzy,C,,132,000000000000132,0.0,0.08,2.45,4.90,2024-08-30 15:03:01,1.0,2.0,612.0,0.0,,,,//arquivos/in/pokemon_bkp/cd/612/66e30bc5226b2-3h7rb-hmnfx-38b9d094ae0f5311dd3dcfbf65069bbb.jpg
https://www.ligapokemon.com.br/?view=cards/search&card=edid=612%20ed=SCR,SCR,0.40,11.00,7090.0,Crispin (#133/142),Pl&iacute;nio,C,,133,000000000000133,0.0,0.40,5.08,11.00,2024-09-11 16:08:51,0.0,2.0,612.0,0.0,,,,//arquivos/in/pokemon_bkp/cd/612/66e30bc6d12db-o2c0k-g78rk-38b9d094ae0f5311dd3dcfbf65069bbb.jpg
https://www.ligapokemon.com.br/?view=cards/search&card=edid=612%20ed=SCR,SCR,1.85,19.90,7089.0,Deluxe Bomb (#134/142),Bomba Deluxe,C,,134,000000000000134,0.0,1.85,6.52,19.90,2024-09-11 16:08:52,0.0,9.0,612.0,0.0,,,,//arquivos/in/pokemon_bkp/cd/612/66e30bc884e08-e6a7y-j2p15-38b9d094ae0f5311dd3dcfbf65069bbb.jpg
https://www.ligapokemon.com.br/?view=cards/search&card=edid=612%20ed=SCR,SCR,0.09,16.50,7082.0,Glass Trumpet (#135/142),Trompete de Vidro,C,,135,000000000000135,0.0,0.09,2.09,16.50,2024-08-22 17:57:07,0.0,2.0,612.0,0.0,,,,//arquivos/in/pokemon_bkp/cd/612/66e30bca4bd56-ip8q3-hjzcy-38b9d094ae0f5311dd3dcfbf65069bbb.jpg
https://www.ligapokemon.com.br/?view=cards/search&card=edid=612%20ed=SCR,SCR,2.70,44.80,7130.0,Grand Tree (#136/142),&Aacute;rvore Grandiosa,C,,136,000000000000136,0.0,2.70,8.09,44.80,2024-09-11 16:08:52,4.0,9.0,612.0,0.0,,,,//arquivos/in/pokemon_bkp/cd/612/66e30bcc1e549-zw1ge-9ojhx-38b9d094ae0f5311dd3dcfbf65069bbb.jpg
https://www.ligapokemon.com.br/?view=cards/search&card=edid=612%20ed=SCR,SCR,0.10,4.00,7131.0,Gravity Gemstone (#137/142),Gema da Gravidade,C,,137,000000000000137,0.0,0.10,0.87,4.00,2024-09-11 16:08:52,0.0,2.0,612.0,0.0,,,,//arquivos/in/pokemon_bkp/cd/612/66e30bcdc477b-zsv14-hksaj-38b9d094ae0f5311dd3dcfbf65069bbb.jpg
https://www.ligapokemon.com.br/?view=cards/search&card=edid=612%20ed=SCR,SCR,0.10,3.00,7092.0,Kofu (#138/142),&Aacute;lgaro,C,,138,000000000000138,0.0,0.10,0.68,3.00,2024-09-11 16:08:52,0.0,2.0,612.0,0.0,,,,//arquivos/in/pokemon_bkp/cd/612/66e30bcf77f7f-nc1r4-8wikx-38b9d094ae0f5311dd3dcfbf65069bbb.jpg
https://www.ligapokemon.com.br/?view=cards/search&card=edid=612%20ed=SCR,SCR,0.08,3.50,7091.0,Lacey (#139/142),Tarsila,C,,139,000000000000139,0.0,0.08,1.27,3.50,2024-09-11 16:08:53,0.0,2.0,612.0,0.0,,,,//arquivos/in/pokemon_bkp/cd/612/66e30bd11b887-i1n6o-0vn58-38b9d094ae0f5311dd3dcfbf65069bbb.jpg
https://www.ligapokemon.com.br/?view=cards/search&card=edid=612%20ed=SCR,SCR,0.09,5.75,7086.0,Occa Berry (#140/142),Fruta Cau,C,,140,000000000000140,0.0,0.09,0.69,5.75,2024-09-11 16:08:53,0.0,2.0,612.0,0.0,,,,//arquivos/in/pokemon_bkp/cd/612/66e30bd2aed7f-29x56-4w8bo-38b9d094ae0f5311dd3dcfbf65069bbb.jpg
https://www.ligapokemon.com.br/?view=cards/search&card=edid=612%20ed=SCR,SCR,0.13,3.00,7085.0,Payapa Berry (#141/142),Fruta Paiapa,C,,141,000000000000141,0.0,0.13,0.72,3.00,2024-09-11 16:08:53,0.0,2.0,612.0,0.0,,,,//arquivos/in/pokemon_bkp/cd/612/66e30bd4953db-h3iut-qd1pv-38b9d094ae0f5311dd3dcfbf65069bbb.jpg
https://www.ligapokemon.com.br/?view=cards/search&card=edid=612%20ed=SCR,SCR,4.84,44.09,7087.0,Sparkling Crystal (#142/142),Cristal Cintilante,C,,142,000000000000142,0.0,4.84,12.31,44.09,2024-08-30 15:03:01,1.0,9.0,612.0,0.0,,,,//arquivos/in/pokemon_bkp/cd/612/66e30bd65a416-n81oy-57yku-38b9d094ae0f5311dd3dcfbf65069bbb.jpg
https://www.ligapokemon.com.br/?view=cards/search&card=edid=612%20ed=SCR,SCR,99.00,2199.90,314.0,Bulbasaur (#143/142),Bulbasaur,G,,143,000000000000143,0.0,99.00,193.68,2199.90,2024-08-22 17:57:07,4.0,17.0,612.0,0.0,,,,//arquivos/in/pokemon_bkp/cd/612/66e30bd80dc28-lerfc-r5bfh-38b9d094ae0f5311dd3dcfbf65069bbb.jpg
https://www.ligapokemon.com.br/?view=cards/search&card=edid=612%20ed=SCR,SCR,9.90,40.00,566.0,Ledian (#144/142),Ledian,G,,144,000000000000144,0.0,9.90,21.82,40.00,2024-09-11 16:08:53,1.0,17.0,612.0,0.0,,,,//arquivos/in/pokemon_bkp/cd/612/66e30bd9a7f5f-qrnc0-wimfk-38b9d094ae0f5311dd3dcfbf65069bbb.jpg
https://www.ligapokemon.com.br/?view=cards/search&card=edid=612%20ed=SCR,SCR,19.99,49.01,450.0,Lileep (#145/142),Lileep,G,,145,000000000000145,0.0,19.99,30.55,49.01,2024-08-22 17:57:08,1.0,17.0,612.0,0.0,,,,//arquivos/in/pokemon_bkp/cd/612/66e30bdb95c23-cq2pt-r1dsz-38b9d094ae0f5311dd3dcfbf65069bbb.jpg
https://www.ligapokemon.com.br/?view=cards/search&card=edid=612%20ed=SCR,SCR,9.90,40.00,4363.0,Turtonator (#146/142),Turtonator,R,,146,000000000000146,0.0,9.90,21.73,40.00,2024-09-11 16:08:53,1.0,17.0,612.0,0.0,,,,//arquivos/in/pokemon_bkp/cd/612/66e30bdd861c1-vz9ct-jzc2x-38b9d094ae0f5311dd3dcfbf65069bbb.jpg
https://www.ligapokemon.com.br/?view=cards/search&card=edid=612%20ed=SCR,SCR,18.70,60.00,4963.0,Raboot (#147/142),Raboot,R,,147,000000000000147,0.0,18.70,35.45,60.00,2024-09-10 17:45:22,1.0,17.0,612.0,0.0,,,,//arquivos/in/pokemon_bkp/cd/612/66e30bdf2990e-ofw6i-kaehy-38b9d094ae0f5311dd3dcfbf65069bbb.jpg
https://www.ligapokemon.com.br/?view=cards/search&card=edid=612%20ed=SCR,SCR,85.00,350.00,344.0,Squirtle (#148/142),Squirtle,W,,148,000000000000148,0.0,85.00,205.37,350.00,2024-09-11 16:08:54,4.0,17.0,612.0,0.0,,,,//arquivos/in/pokemon_bkp/cd/612/66e30be105117-x1do6-38m2d-38b9d094ae0f5311dd3dcfbf65069bbb.jpg
https://www.ligapokemon.com.br/?view=cards/search&card=edid=612%20ed=SCR,SCR,9.31,30.00,4244.0,Crabominable (#149/142),Crabominable,W,,149,000000000000149,0.0,9.31,23.93,30.00,2024-08-22 17:57:08,1.0,17.0,612.0,0.0,,,,//arquivos/in/pokemon_bkp/cd/612/66e30be29be6f-vhnw1-qa9dx-38b9d094ae0f5311dd3dcfbf65069bbb.jpg
https://www.ligapokemon.com.br/?view=cards/search&card=edid=612%20ed=SCR,SCR,22.90,79.90,722.0,Joltik (#150/142),Joltik,L,,150,000000000000150,0.0,22.90,39.84,79.90,2024-08-22 17:57:09,1.0,17.0,612.0,0.0,,,,//arquivos/in/pokemon_bkp/cd/612/66e30be471620-j7mef-l5p6u-38b9d094ae0f5311dd3dcfbf65069bbb.jpg
https://www.ligapokemon.com.br/?view=cards/search&card=edid=612%20ed=SCR,SCR,29.00,64.99,4737.0,Zeraora (#151/142),Zeraora,L,,151,000000000000151,0.0,29.00,36.16,64.99,2024-09-11 16:08:54,2.0,17.0,612.0,0.0,,,,//arquivos/in/pokemon_bkp/cd/612/66e30be64df61-jhifu-sbkw8-38b9d094ae0f5311dd3dcfbf65069bbb.jpg
https://www.ligapokemon.com.br/?view=cards/search&card=edid=612%20ed=SCR,SCR,21.32,79.90,5023.0,Milcery (#152/142),Milcery,P,,152,000000000000152,0.0,21.32,39.74,79.90,2024-09-10 17:45:22,1.0,17.0,612.0,0.0,,,,//arquivos/in/pokemon_bkp/cd/612/66e30be809041-n54e2-byj4n-38b9d094ae0f5311dd3dcfbf65069bbb.jpg
https://www.ligapokemon.com.br/?view=cards/search&card=edid=612%20ed=SCR,SCR,14.90,40.00,761.0,Meditite (#153/142),Meditite,F,,153,000000000000153,0.0,14.90,30.93,40.00,2024-08-22 17:57:09,1.0,17.0,612.0,0.0,,,,//arquivos/in/pokemon_bkp/cd/612/66e30be9c9df6-gc5ba-yhlv9-38b9d094ae0f5311dd3dcfbf65069bbb.jpg
https://www.ligapokemon.com.br/?view=cards/search&card=edid=612%20ed=SCR,SCR,12.75,57.34,1006.0,Gulpin (#154/142),Gulpin,D,,154,000000000000154,0.0,12.75,33.43,57.34,2024-08-22 17:57:09,1.0,17.0,612.0,0.0,,,,//arquivos/in/pokemon_bkp/cd/612/66e30beb6c360-bnhxw-ubi9s-38b9d094ae0f5311dd3dcfbf65069bbb.jpg
https://www.ligapokemon.com.br/?view=cards/search&card=edid=612%20ed=SCR,SCR,10.20,50.00,7078.0,Archaludon (#155/142),Archaludon,M,,155,000000000000155,0.0,10.20,31.05,50.00,2024-09-10 17:45:22,1.0,17.0,612.0,0.0,,,,//arquivos/in/pokemon_bkp/cd/612/66e30bed311ef-9eujx-wnglp-38b9d094ae0f5311dd3dcfbf65069bbb.jpg
https://www.ligapokemon.com.br/?view=cards/search&card=edid=612%20ed=SCR,SCR,8.50,39.90,7073.0,Hydrapple ex (#156/142),Hydrapple ex,G,,156,000000000000156,0.0,8.50,17.44,39.90,2024-09-11 16:08:54,0.0,7.0,612.0,0.0,,,,//arquivos/in/pokemon_bkp/cd/612/66e30bef0197d-d91mu-yftl4-38b9d094ae0f5311dd3dcfbf65069bbb.jpg
https://www.ligapokemon.com.br/?view=cards/search&card=edid=612%20ed=SCR,SCR,14.75,39.90,7074.0,Cinderace ex (#157/142),Cinderace ex,R,,157,000000000000157,0.0,14.75,22.73,39.90,2024-09-11 16:08:54,1.0,7.0,612.0,0.0,,,,//arquivos/in/pokemon_bkp/cd/612/66e30bf0b86b6-9gbns-9vm5l-38b9d094ae0f5311dd3dcfbf65069bbb.jpg
https://www.ligapokemon.com.br/?view=cards/search&card=edid=612%20ed=SCR,SCR,16.92,34.99,1257.0,Lapras ex (#158/142),Lapras ex,W,,158,000000000000158,0.0,16.92,25.25,34.99,2024-09-10 17:45:22,0.0,7.0,612.0,0.0,,,,//arquivos/in/pokemon_bkp/cd/612/66e30bf258c47-sck3p-hz4mb-38b9d094ae0f5311dd3dcfbf65069bbb.jpg
https://www.ligapokemon.com.br/?view=cards/search&card=edid=612%20ed=SCR,SCR,5.99,49.90,7075.0,Galvantula ex (#159/142),Galvantula ex,L,,159,000000000000159,0.0,5.99,14.02,49.90,2024-09-11 16:08:54,1.0,7.0,612.0,0.0,,,,//arquivos/in/pokemon_bkp/cd/612/66e30bf404ed2-krmpi-abr9v-38b9d094ae0f5311dd3dcfbf65069bbb.jpg
https://www.ligapokemon.com.br/?view=cards/search&card=edid=612%20ed=SCR,SCR,9.00,24.90,7076.0,Dachsbun ex (#160/142),Dachsbun ex,P,,160,000000000000160,0.0,9.00,14.16,24.90,2024-09-11 16:08:55,0.0,7.0,612.0,0.0,,,,//arquivos/in/pokemon_bkp/cd/612/66e30bf5ba17c-ux6yg-c8feq-38b9d094ae0f5311dd3dcfbf65069bbb.jpg
https://www.ligapokemon.com.br/?view=cards/search&card=edid=612%20ed=SCR,SCR,6.99,24.90,1780.0,Medicham ex (#161/142),Medicham ex,F,,161,000000000000161,0.0,6.99,13.68,24.90,2024-09-11 16:08:55,0.0,7.0,612.0,0.0,,,,//arquivos/in/pokemon_bkp/cd/612/66e30bf7608b8-tl92a-hxt1z-38b9d094ae0f5311dd3dcfbf65069bbb.jpg
https://www.ligapokemon.com.br/?view=cards/search&card=edid=612%20ed=SCR,SCR,5.00,19.90,7079.0,Orthworm ex (#162/142),Orthworm ex,M,,162,000000000000162,0.0,5.00,10.89,19.90,2024-09-10 17:45:23,0.0,7.0,612.0,0.0,,,,//arquivos/in/pokemon_bkp/cd/612/66e30bf907a88-58h7i-jxbfy-38b9d094ae0f5311dd3dcfbf65069bbb.jpg
https://www.ligapokemon.com.br/?view=cards/search&card=edid=612%20ed=SCR,SCR,11.99,55.00,7093.0,Briar (#163/142),Urzy,C,,163,000000000000163,0.0,11.99,25.57,55.00,2024-08-22 17:57:09,2.0,7.0,612.0,0.0,,,,//arquivos/in/pokemon_bkp/cd/612/66e30bfaa5a3a-5lgv1-jtz0f-38b9d094ae0f5311dd3dcfbf65069bbb.jpg
https://www.ligapokemon.com.br/?view=cards/search&card=edid=612%20ed=SCR,SCR,60.00,89.99,7090.0,Crispin (#164/142),Pl&iacute;nio,C,,164,000000000000164,0.0,60.00,77.04,89.99,2024-08-22 17:57:09,2.0,7.0,612.0,0.0,,,,//arquivos/in/pokemon_bkp/cd/612/66e30bfc46e23-37fdp-kdi75-38b9d094ae0f5311dd3dcfbf65069bbb.jpg
https://www.ligapokemon.com.br/?view=cards/search&card=edid=612%20ed=SCR,SCR,6.86,24.99,7092.0,Kofu (#165/142),&Aacute;lgaro,C,,165,000000000000165,0.0,6.86,12.19,24.99,2024-09-11 16:08:55,1.0,7.0,612.0,0.0,,,,//arquivos/in/pokemon_bkp/cd/612/66e30bfe0473e-zwd9v-on13t-38b9d094ae0f5311dd3dcfbf65069bbb.jpg
https://www.ligapokemon.com.br/?view=cards/search&card=edid=612%20ed=SCR,SCR,16.68,1799.00,7091.0,Lacey (#166/142),Tarsila,C,,166,000000000000166,0.0,16.68,40.72,1799.00,2024-08-22 17:57:09,0.0,7.0,612.0,0.0,,,,//arquivos/in/pokemon_bkp/cd/612/66e30bffb6729-vw5ig-eaz6o-38b9d094ae0f5311dd3dcfbf65069bbb.jpg
https://www.ligapokemon.com.br/?view=cards/search&card=edid=612%20ed=SCR,SCR,70.00,175.00,7073.0,Hydrapple ex (#167/142),Hydrapple ex,G,,167,000000000000167,0.0,70.00,92.63,175.00,2024-08-22 17:57:09,0.0,18.0,612.0,0.0,,,,//arquivos/in/pokemon_bkp/cd/612/66e30c0175c04-yrc9a-497iu-38b9d094ae0f5311dd3dcfbf65069bbb.jpg
https://www.ligapokemon.com.br/?view=cards/search&card=edid=612%20ed=SCR,SCR,55.00,199.99,7075.0,Galvantula ex (#168/142),Galvantula ex,L,,168,000000000000168,0.0,55.00,88.19,199.99,2024-09-11 16:08:56,2.0,18.0,612.0,0.0,,,,//arquivos/in/pokemon_bkp/cd/612/66e30c0356cf0-hxwif-ectrp-38b9d094ae0f5311dd3dcfbf65069bbb.jpg
https://www.ligapokemon.com.br/?view=cards/search&card=edid=612%20ed=SCR,SCR,72.25,219.99,7076.0,Dachsbun ex (#169/142),Dachsbun ex,P,,169,000000000000169,0.0,72.25,127.15,219.99,2024-08-22 17:57:09,1.0,18.0,612.0,0.0,,,,//arquivos/in/pokemon_bkp/cd/612/66e30c053f8e8-vk2he-gvm0l-38b9d094ae0f5311dd3dcfbf65069bbb.jpg
https://www.ligapokemon.com.br/?view=cards/search&card=edid=612%20ed=SCR,SCR,80.00,329.90,7081.0,Terapagos ex (#170/142),Terapagos ex,C,,170,000000000000170,0.0,80.00,154.45,329.90,2024-08-22 17:57:11,6.0,18.0,612.0,0.0,,,,//arquivos/in/pokemon_bkp/cd/612/66e30c07391c6-mo2l1-flviu-38b9d094ae0f5311dd3dcfbf65069bbb.jpg
https://www.ligapokemon.com.br/?view=cards/search&card=edid=612%20ed=SCR,SCR,69.90,171.99,7093.0,Briar (#171/142),Urzy,C,,171,000000000000171,0.0,69.90,102.33,171.99,2024-09-11 16:08:56,1.0,18.0,612.0,0.0,,,,//arquivos/in/pokemon_bkp/cd/612/66e30c091b3d1-6c2ox-bh02g-38b9d094ae0f5311dd3dcfbf65069bbb.jpg
https://www.ligapokemon.com.br/?view=cards/search&card=edid=612%20ed=SCR,SCR,66.30,199.99,7091.0,Lacey (#172/142),Tarsila,C,,172,000000000000172,0.0,66.30,109.74,199.99,2024-09-10 17:45:23,4.0,18.0,612.0,0.0,,,,//arquivos/in/pokemon_bkp/cd/612/66e30c0ae1607-a9vep-soyl8-38b9d094ae0f5311dd3dcfbf65069bbb.jpg
https://www.ligapokemon.com.br/?view=cards/search&card=edid=612%20ed=SCR,SCR,44.90,300.00,7081.0,Terapagos ex (#173/142),Terapagos ex,C,,173,000000000000173,0.0,44.90,82.84,300.00,2024-09-11 16:08:56,3.0,15.0,612.0,0.0,,,,//arquivos/in/pokemon_bkp/cd/612/66e30c0cdc319-sk0dm-2l0vr-38b9d094ae0f5311dd3dcfbf65069bbb.jpg
https://www.ligapokemon.com.br/?view=cards/search&card=edid=612%20ed=SCR,SCR,39.20,167.76,7095.0,Area Zero Underdepths (#174/142),Abismo da &Aacute;rea Zero,C,,174,000000000000174,0.0,39.20,71.00,167.76,2024-09-11 16:08:56,1.0,15.0,612.0,0.0,,,,//arquivos/in/pokemon_bkp/cd/612/66e30c0ed5cb0-h1bdf-cegst-38b9d094ae0f5311dd3dcfbf65069bbb.jpg
https://www.ligapokemon.com.br/?view=cards/search&card=edid=612%20ed=SCR,SCR,29.50,79.99,6485.0,Bravery Charm (#175/142),Pingente de Bravura,C,,175,000000000000175,0.0,29.50,41.47,79.99,2024-09-11 16:08:56,1.0,15.0,612.0,0.0,,,,//arquivos/in/pokemon_bkp/cd/612/66e30c10ae02d-kecpq-fx6uj-38b9d094ae0f5311dd3dcfbf65069bbb.jpg
